return_id,order_id,return_date,return_reason,refund_amount,refund_processed_days
1,42622,2024-01-22,Wrong Product,3378.18,9
2,44966,2024-07-24,Late Delivery,7539.85,7
3,48285,2024-10-25,Size Issue,4432.86,3
4,5335,2024-06-27,Late Delivery,751.02,9
5,25745,2024-04-04,Damaged,3432.57,6
6,40691,2024-06-17,Late Delivery,5385.83,2
7,17839,2024-01-18,Damaged,1919.28,3
8,28473,2024-09-25,Late Delivery,2242.16,2
9,9325,2024-03-31,Wrong Product,373.9,4
10,35251,2024-03-05,Wrong Product,5398.21,6
11,42497,2024-01-23,Wrong Product,4402.9,6
12,35532,2024-07-23,Wrong Product,1440.23,6
13,8636,2024-11-04,Not as Expected,1231.54,7
14,39131,2024-04-03,Late Delivery,2596.96,2
15,3703,2025-01-06,Wrong Product,4662.81,1
16,19742,2024-07-30,Not as Expected,7121.0,1
17,19173,2024-01-19,Not as Expected,5460.86,4
18,16471,2024-09-14,Not as Expected,3826.57,4
19,436,2024-08-11,Not as Expected,6066.53,1
20,7779,2024-03-10,Late Delivery,6013.28,2
21,8839,2024-04-14,Size Issue,2891.24,5
22,47935,2024-09-14,Late Delivery,1052.97,4
23,43149,2024-04-05,Size Issue,4004.06,5
24,28931,2024-10-24,Damaged,1930.5,1
25,498,2024-06-08,Late Delivery,5164.87,8
26,42232,2024-04-05,Late Delivery,3161.67,4
27,37756,2024-08-23,Size Issue,2755.91,7
28,41791,2024-07-16,Late Delivery,2861.11,4
29,14720,2024-11-28,Damaged,681.02,9
30,35272,2024-01-25,Not as Expected,1928.76,2
31,9135,2024-03-15,Wrong Product,1153.44,8
32,24257,2024-11-05,Damaged,2654.58,5
33,17183,2024-09-29,Wrong Product,3964.8,1
34,22065,2024-10-14,Wrong Product,854.7,7
35,39580,2024-09-20,Size Issue,5547.49,7
36,6492,2024-02-10,Late Delivery,2428.5,6
37,24729,2024-12-07,Late Delivery,3605.98,5
38,44471,2024-12-17,Size Issue,5520.25,2
39,7362,2025-01-05,Size Issue,1728.71,2
40,18490,2024-01-24,Wrong Product,6007.49,7
41,19297,2024-12-27,Late Delivery,1427.72,5
42,25705,2024-04-03,Wrong Product,2514.13,1
43,35837,2024-02-02,Not as Expected,4673.1,9
44,2935,2024-09-06,Not as Expected,5915.84,8
45,28122,2024-11-09,Wrong Product,2851.99,2
46,10946,2025-01-07,Not as Expected,6628.16,3
47,2784,2024-09-02,Not as Expected,1324.01,8
48,1987,2024-03-13,Not as Expected,3674.88,3
49,9167,2024-10-10,Late Delivery,3731.21,4
50,12954,2024-03-27,Wrong Product,1148.12,9
51,44001,2024-03-01,Late Delivery,826.88,1
52,36202,2024-12-22,Size Issue,5783.0,1
53,47535,2024-12-31,Damaged,4189.04,6
54,8282,2024-08-09,Size Issue,5665.2,8
55,47703,2024-09-18,Not as Expected,5996.99,7
56,47101,2024-05-12,Wrong Product,1499.14,2
57,40402,2025-01-04,Not as Expected,5311.46,3
58,38546,2024-08-07,Damaged,5318.48,9
59,34235,2024-05-13,Not as Expected,4289.35,6
60,17344,2024-11-15,Not as Expected,4330.52,8
61,2560,2024-02-26,Wrong Product,2726.74,8
62,26498,2024-12-23,Late Delivery,204.92,4
63,39128,2024-06-07,Size Issue,7042.17,3
64,35798,2024-08-14,Wrong Product,361.03,5
65,31149,2024-05-30,Late Delivery,4444.71,3
66,11737,2024-01-10,Late Delivery,1764.38,3
67,39073,2024-04-28,Damaged,5148.96,8
68,280,2024-12-16,Size Issue,839.26,5
69,4400,2024-03-28,Wrong Product,3405.79,6
70,3827,2024-06-18,Damaged,514.05,8
71,15112,2024-05-30,Late Delivery,3951.06,4
72,18551,2024-08-14,Wrong Product,3215.45,2
73,33131,2024-10-08,Damaged,2845.72,8
74,38036,2024-01-10,Wrong Product,2358.22,7
75,13167,2024-06-02,Wrong Product,2195.28,3
76,28428,2025-01-09,Late Delivery,6022.87,4
77,11995,2024-05-10,Late Delivery,2126.9,2
78,2984,2024-12-07,Wrong Product,3067.57,2
79,39962,2024-04-30,Damaged,3512.03,1
80,27384,2024-10-01,Damaged,498.0,6
81,2495,2024-11-10,Not as Expected,1406.3,7
82,36458,2024-08-20,Wrong Product,7936.96,3
83,30414,2024-02-07,Damaged,3335.81,6
84,45265,2024-09-02,Not as Expected,7796.42,1
85,31521,2024-02-08,Size Issue,5730.63,5
86,29929,2024-05-17,Late Delivery,4753.12,3
87,10492,2024-10-13,Size Issue,5740.18,7
88,46966,2024-08-10,Not as Expected,2712.12,3
89,15420,2024-12-12,Size Issue,1450.59,1
90,44717,2024-08-23,Late Delivery,3594.65,8
91,37269,2024-04-04,Late Delivery,4200.16,3
92,13883,2024-04-08,Damaged,5459.55,4
93,5684,2024-08-18,Late Delivery,3097.81,7
94,11274,2024-02-21,Not as Expected,2903.93,9
95,24909,2024-04-09,Damaged,3835.38,3
96,47600,2024-02-09,Late Delivery,3516.5,2
97,4270,2024-03-30,Not as Expected,3530.03,9
98,8489,2024-06-03,Not as Expected,2236.1,8
99,6979,2024-08-19,Size Issue,4507.29,1
100,33259,2024-12-12,Size Issue,5899.87,2
101,24533,2024-06-10,Not as Expected,5022.46,9
102,25261,2024-04-17,Damaged,3862.0,2
103,9074,2024-03-02,Damaged,1334.37,2
104,27235,2024-02-06,Not as Expected,2052.73,5
105,1803,2024-07-17,Late Delivery,1190.86,8
106,41996,2024-03-18,Not as Expected,962.38,3
107,29647,2024-03-24,Late Delivery,2031.22,9
108,7399,2024-08-15,Damaged,1930.25,5
109,1112,2024-04-27,Not as Expected,2753.19,4
110,15022,2024-03-17,Wrong Product,721.57,3
111,28256,2024-06-03,Wrong Product,2497.48,2
112,22220,2024-02-21,Not as Expected,4395.6,9
113,5153,2024-06-21,Not as Expected,2048.73,4
114,22027,2024-04-21,Not as Expected,4606.52,9
115,10304,2024-03-02,Not as Expected,3805.75,3
116,49746,2024-05-14,Not as Expected,8161.6,9
117,46547,2024-08-20,Size Issue,738.01,8
118,17310,2024-06-22,Not as Expected,2984.28,8
119,12692,2024-05-19,Size Issue,2023.66,4
120,30381,2025-01-05,Size Issue,1673.29,1
121,35717,2024-08-01,Wrong Product,1127.44,2
122,12837,2024-01-15,Damaged,518.74,6
123,14702,2024-02-10,Damaged,4849.81,9
124,22704,2024-07-19,Size Issue,6500.37,5
125,39809,2024-12-28,Late Delivery,2840.93,5
126,4376,2024-04-12,Not as Expected,2581.34,8
127,7515,2024-07-07,Late Delivery,771.78,2
128,26837,2024-10-31,Not as Expected,986.53,8
129,6907,2024-10-28,Not as Expected,1054.15,4
130,21229,2024-04-29,Not as Expected,4418.21,2
131,22135,2024-09-15,Size Issue,999.54,8
132,24392,2024-11-19,Damaged,5992.93,6
133,23103,2024-09-01,Damaged,3173.02,9
134,17368,2024-02-07,Not as Expected,700.43,3
135,19992,2024-12-09,Size Issue,5219.82,9
136,29054,2024-02-08,Not as Expected,4736.53,7
137,6479,2024-09-27,Wrong Product,927.77,8
138,45135,2024-12-03,Damaged,6444.04,6
139,2407,2024-11-29,Not as Expected,4745.11,4
140,5604,2024-02-03,Wrong Product,5393.29,1
141,17154,2024-10-23,Size Issue,811.48,2
142,44574,2024-09-24,Not as Expected,3576.07,6
143,22332,2024-08-26,Size Issue,2137.69,8
144,3272,2024-12-20,Wrong Product,4389.98,2
145,35445,2024-02-24,Wrong Product,1090.63,6
146,12215,2024-01-13,Late Delivery,6612.02,3
147,14224,2024-07-07,Damaged,4023.86,1
148,13063,2024-07-06,Damaged,2567.61,2
149,37357,2024-09-27,Not as Expected,1661.7,1
150,40829,2024-01-26,Late Delivery,3719.58,3
151,47217,2024-08-26,Not as Expected,3635.87,1
152,47328,2024-08-14,Size Issue,4822.96,9
153,49653,2024-03-26,Wrong Product,4691.56,2
154,8874,2024-04-20,Late Delivery,5710.85,3
155,17445,2024-11-10,Late Delivery,3735.63,8
156,25059,2024-05-19,Size Issue,1774.34,6
157,23777,2024-12-28,Not as Expected,8025.69,1
158,33046,2024-09-28,Damaged,4394.37,4
159,4593,2024-08-12,Damaged,4907.96,8
160,41438,2024-10-23,Size Issue,4677.51,2
161,41338,2024-07-19,Damaged,2969.78,9
162,20843,2024-06-18,Damaged,5874.14,1
163,39592,2024-11-01,Wrong Product,4062.45,8
164,20852,2024-10-05,Not as Expected,4704.64,6
165,8441,2025-01-09,Not as Expected,7265.82,3
166,16180,2024-05-01,Size Issue,7323.46,5
167,13244,2024-07-28,Size Issue,5292.97,2
168,31177,2024-01-24,Damaged,3596.57,2
169,21097,2024-12-07,Damaged,909.88,1
170,42874,2024-11-26,Damaged,5525.2,2
171,43906,2024-06-09,Wrong Product,6201.84,5
172,8388,2024-08-13,Late Delivery,4808.63,1
173,19280,2024-04-13,Damaged,2558.36,6
174,5238,2024-12-10,Wrong Product,1726.14,5
175,35689,2024-03-06,Wrong Product,3178.08,8
176,43669,2024-07-16,Size Issue,7626.27,3
177,29114,2024-02-15,Late Delivery,1053.87,3
178,35752,2024-04-08,Late Delivery,2381.32,2
179,31620,2024-05-20,Late Delivery,2439.66,4
180,16659,2024-08-04,Not as Expected,924.17,3
181,29179,2024-01-17,Damaged,1392.78,7
182,7891,2024-12-28,Wrong Product,1135.1,8
183,11919,2024-04-18,Damaged,842.6,1
184,38728,2024-04-12,Late Delivery,1550.88,6
185,38776,2024-06-20,Damaged,5005.16,9
186,36441,2024-06-04,Not as Expected,7268.06,7
187,8572,2024-05-26,Late Delivery,499.9,6
188,36691,2025-01-02,Not as Expected,2205.64,1
189,37210,2024-04-04,Size Issue,2009.34,7
190,10319,2024-02-25,Wrong Product,4977.36,5
191,47178,2024-07-15,Late Delivery,3956.23,6
192,27302,2024-06-02,Not as Expected,448.76,2
193,20671,2024-07-27,Late Delivery,3271.18,9
194,12098,2024-05-10,Damaged,5222.58,1
195,34165,2024-09-18,Not as Expected,3329.8,3
196,16830,2024-02-03,Not as Expected,5756.33,8
197,12460,2024-07-15,Wrong Product,3914.97,3
198,3802,2024-12-06,Wrong Product,1958.61,3
199,41287,2024-07-14,Wrong Product,5706.93,3
200,12404,2025-01-10,Damaged,5055.17,5
201,47877,2024-02-01,Size Issue,1231.17,1
202,36748,2024-11-20,Size Issue,5580.26,2
203,49649,2024-05-29,Wrong Product,1023.66,7
204,33815,2024-04-08,Not as Expected,931.18,1
205,33145,2024-03-21,Wrong Product,2856.55,4
206,47757,2024-06-21,Wrong Product,6728.94,6
207,9125,2024-04-18,Damaged,5201.34,1
208,10552,2024-10-25,Late Delivery,8477.22,7
209,4679,2024-12-16,Wrong Product,4513.19,7
210,15745,2024-06-12,Damaged,2487.7,9
211,26862,2024-04-05,Damaged,3457.39,1
212,2657,2024-10-07,Damaged,1071.39,8
213,1059,2024-04-07,Wrong Product,5629.04,6
214,12649,2024-03-15,Damaged,1338.34,6
215,48850,2024-10-10,Size Issue,727.05,9
216,47852,2024-10-02,Late Delivery,3304.01,2
217,46714,2024-06-13,Late Delivery,3937.62,2
218,17341,2024-02-25,Wrong Product,3183.7,3
219,15858,2024-11-29,Size Issue,3191.81,3
220,11284,2024-08-12,Size Issue,2825.27,8
221,20469,2024-04-14,Damaged,2417.36,3
222,40720,2024-09-17,Not as Expected,3839.88,1
223,23464,2024-12-25,Late Delivery,1849.19,3
224,43377,2024-08-11,Wrong Product,5752.87,4
225,9962,2024-08-16,Late Delivery,2328.86,9
226,37260,2024-10-14,Late Delivery,2061.88,7
227,34207,2024-08-24,Not as Expected,3468.72,8
228,26085,2024-02-24,Size Issue,5060.06,9
229,44089,2024-09-29,Late Delivery,6445.65,8
230,4480,2024-02-05,Size Issue,4628.34,4
231,6052,2024-07-29,Late Delivery,2303.15,5
232,9088,2024-02-01,Damaged,1485.72,9
233,44154,2024-10-27,Damaged,1497.55,3
234,35627,2024-11-20,Size Issue,1947.58,1
235,48503,2024-05-17,Wrong Product,3954.09,5
236,31462,2024-08-17,Damaged,7594.68,4
237,3709,2024-10-05,Late Delivery,977.3,2
238,7232,2024-10-29,Not as Expected,4612.33,5
239,4562,2024-02-24,Size Issue,6058.63,8
240,22405,2024-04-26,Damaged,5000.63,6
241,12731,2025-01-01,Size Issue,4316.07,8
242,32075,2024-06-10,Damaged,6057.64,3
243,35566,2024-02-23,Late Delivery,4840.4,6
244,9075,2024-03-03,Size Issue,4489.52,9
245,31977,2024-11-27,Wrong Product,3402.85,5
246,25659,2024-01-27,Wrong Product,1345.29,9
247,24166,2024-07-26,Not as Expected,7360.95,6
248,21177,2024-12-26,Late Delivery,539.98,4
249,39159,2024-07-23,Damaged,4602.84,8
250,23737,2024-12-26,Late Delivery,6228.9,5
251,26640,2024-03-06,Damaged,2515.9,8
252,4751,2024-10-06,Damaged,5205.78,3
253,27215,2024-09-15,Wrong Product,6561.61,2
254,43640,2024-01-29,Late Delivery,5343.8,5
255,6684,2024-12-18,Damaged,935.59,6
256,16409,2024-03-12,Not as Expected,593.78,1
257,44665,2024-12-17,Wrong Product,6227.7,5
258,47742,2024-04-01,Wrong Product,2925.54,4
259,23540,2024-08-02,Damaged,7392.06,2
260,41633,2024-03-25,Late Delivery,7317.68,9
261,49867,2024-05-04,Damaged,5978.72,3
262,46334,2024-02-13,Late Delivery,877.77,3
263,29652,2024-09-06,Size Issue,3931.58,3
264,40528,2024-09-06,Size Issue,7842.42,3
265,28589,2024-04-09,Size Issue,4958.63,4
266,33160,2024-05-31,Size Issue,3132.77,4
267,5790,2024-08-08,Size Issue,2553.63,4
268,6396,2024-06-05,Size Issue,6084.37,7
269,10733,2024-01-16,Damaged,1869.25,9
270,6575,2024-09-26,Wrong Product,2488.27,6
271,40531,2024-08-16,Damaged,1707.87,9
272,19432,2024-02-02,Late Delivery,3815.52,6
273,47684,2024-05-16,Not as Expected,3587.39,5
274,43855,2024-09-21,Damaged,6581.36,8
275,27474,2024-03-20,Not as Expected,3593.9,1
276,41740,2024-11-03,Size Issue,1595.92,4
277,44061,2024-05-22,Size Issue,1451.83,2
278,12373,2024-12-21,Wrong Product,1359.29,2
279,26778,2024-04-21,Late Delivery,5226.57,4
280,10701,2024-02-13,Not as Expected,3150.66,8
281,48169,2024-08-04,Damaged,2961.83,1
282,25567,2024-03-16,Damaged,3362.08,3
283,36479,2024-04-14,Damaged,1781.82,9
284,19679,2024-07-05,Damaged,2631.93,5
285,3959,2024-04-15,Not as Expected,6178.53,7
286,2262,2024-08-09,Wrong Product,5440.88,7
287,2296,2024-09-10,Damaged,5225.48,2
288,34144,2024-04-19,Late Delivery,2101.63,2
289,452,2024-08-26,Not as Expected,1794.8,8
290,10539,2024-03-14,Damaged,5738.31,8
291,5888,2024-04-01,Damaged,3592.19,3
292,44692,2024-11-14,Not as Expected,4734.07,4
293,49919,2024-03-31,Late Delivery,514.54,3
294,39406,2024-11-21,Size Issue,1368.25,5
295,33797,2024-11-13,Late Delivery,1054.11,1
296,28032,2024-10-23,Not as Expected,3055.92,8
297,49290,2024-05-18,Damaged,1389.46,4
298,45632,2024-11-18,Wrong Product,7295.7,7
299,3858,2024-08-29,Late Delivery,3627.81,1
300,21594,2024-10-20,Damaged,1922.86,2
301,47158,2024-08-17,Size Issue,6712.51,1
302,807,2024-09-17,Damaged,924.09,1
303,18291,2024-11-20,Size Issue,3602.16,4
304,45812,2024-10-09,Damaged,329.53,8
305,35250,2024-04-07,Size Issue,5526.04,8
306,24864,2024-02-28,Damaged,6790.27,1
307,10032,2025-01-03,Late Delivery,3995.99,8
308,38069,2024-05-07,Size Issue,5605.51,4
309,45514,2024-07-07,Size Issue,6575.17,2
310,48502,2024-01-15,Late Delivery,1095.51,3
311,23176,2024-09-07,Damaged,2657.89,2
312,27112,2024-02-23,Not as Expected,1891.3,5
313,17771,2024-06-26,Damaged,1704.26,5
314,47298,2024-07-26,Damaged,6057.31,3
315,4363,2024-05-25,Late Delivery,2515.84,4
316,47171,2024-05-15,Size Issue,5989.19,8
317,31523,2024-01-24,Damaged,849.99,7
318,22901,2024-12-04,Size Issue,1469.52,4
319,7932,2024-06-04,Wrong Product,8687.91,7
320,33195,2024-03-11,Not as Expected,1124.02,3
321,3589,2024-04-18,Not as Expected,5108.54,2
322,7658,2024-05-24,Damaged,4163.21,9
323,22262,2024-05-17,Wrong Product,1657.51,8
324,44256,2024-06-22,Wrong Product,1569.87,5
325,33417,2024-08-16,Not as Expected,4269.13,6
326,41435,2024-12-30,Not as Expected,2523.11,2
327,42696,2024-09-15,Size Issue,1726.35,3
328,3076,2024-07-30,Late Delivery,5024.83,2
329,40177,2024-10-12,Wrong Product,1728.8,2
330,48736,2024-10-16,Size Issue,1926.06,1
331,5579,2024-09-28,Wrong Product,1628.06,5
332,47738,2025-01-04,Late Delivery,2142.29,9
333,33313,2024-08-20,Not as Expected,3899.08,7
334,44240,2025-01-01,Late Delivery,2082.42,3
335,41441,2024-01-16,Late Delivery,3155.41,8
336,25313,2024-07-05,Not as Expected,829.05,1
337,20872,2024-06-06,Damaged,3734.55,1
338,37621,2024-05-21,Late Delivery,1033.58,4
339,8319,2024-05-27,Not as Expected,4492.95,5
340,17574,2024-11-22,Damaged,3619.59,5
341,996,2024-12-04,Size Issue,3159.69,8
342,10423,2024-01-25,Late Delivery,1345.25,3
343,40459,2024-07-20,Wrong Product,5489.96,6
344,4070,2024-10-05,Wrong Product,6260.34,7
345,13261,2024-12-24,Not as Expected,4831.38,8
346,7081,2024-12-31,Late Delivery,2489.13,1
347,45178,2024-02-21,Damaged,2119.95,7
348,21894,2024-11-27,Size Issue,5258.77,6
349,38050,2024-10-07,Wrong Product,943.55,1
350,15520,2024-05-13,Not as Expected,7393.25,5
351,49161,2024-05-16,Not as Expected,3913.47,8
352,3531,2024-11-28,Wrong Product,355.33,7
353,4542,2024-07-08,Size Issue,2977.02,3
354,8235,2024-11-08,Late Delivery,6163.11,5
355,42866,2024-01-28,Late Delivery,674.85,6
356,33971,2024-07-27,Damaged,4128.77,6
357,13260,2024-04-11,Late Delivery,4750.07,9
358,41831,2024-08-05,Size Issue,5370.93,5
359,43070,2024-10-27,Wrong Product,1818.61,4
360,7429,2024-04-12,Size Issue,4917.53,4
361,22353,2024-12-21,Size Issue,1337.57,5
362,29441,2024-09-22,Size Issue,5449.6,3
363,39682,2024-08-12,Damaged,5490.73,8
364,48926,2024-07-01,Late Delivery,3547.88,3
365,183,2024-05-30,Not as Expected,6370.52,7
366,36851,2024-05-15,Late Delivery,5775.5,7
367,20362,2024-04-02,Wrong Product,2840.1,5
368,27106,2024-05-23,Not as Expected,2132.69,7
369,49337,2024-01-14,Wrong Product,4730.14,9
370,23310,2024-12-20,Size Issue,497.47,7
371,5288,2024-05-27,Wrong Product,7465.0,5
372,36944,2024-07-17,Damaged,606.67,2
373,14906,2024-11-25,Not as Expected,2814.9,7
374,16401,2024-09-14,Not as Expected,6777.69,3
375,34583,2024-07-10,Not as Expected,1756.72,1
376,44687,2024-06-08,Late Delivery,966.16,1
377,35805,2024-02-12,Wrong Product,1953.9,3
378,38624,2024-03-31,Size Issue,1140.69,1
379,22455,2024-03-13,Damaged,6511.45,8
380,8475,2024-05-15,Wrong Product,3077.07,3
381,18727,2024-12-15,Not as Expected,7666.52,5
382,28770,2024-06-26,Wrong Product,4507.09,6
383,23560,2025-01-01,Wrong Product,1030.7,2
384,22339,2024-07-02,Wrong Product,2526.66,8
385,2170,2024-03-03,Late Delivery,2807.71,4
386,21075,2024-12-23,Size Issue,3936.55,5
387,21735,2024-07-20,Wrong Product,1447.23,8
388,7400,2024-09-25,Not as Expected,3218.94,5
389,12065,2024-08-27,Not as Expected,6972.71,7
390,46152,2024-07-19,Late Delivery,1043.73,1
391,45090,2024-10-20,Wrong Product,4874.99,7
392,26611,2024-02-29,Late Delivery,4458.12,4
393,2640,2024-09-17,Wrong Product,1855.32,1
394,11454,2024-07-05,Size Issue,5101.59,2
395,32623,2024-10-25,Damaged,1813.29,2
396,44376,2024-06-10,Wrong Product,3169.02,6
397,38364,2024-05-12,Not as Expected,3283.89,2
398,36953,2024-09-26,Not as Expected,2108.87,3
399,37965,2024-03-11,Size Issue,1860.81,2
400,18466,2024-06-05,Wrong Product,2290.41,9
401,27030,2024-09-26,Size Issue,347.07,1
402,21180,2024-06-29,Damaged,6016.06,2
403,41306,2024-06-04,Wrong Product,6267.79,5
404,1895,2024-03-21,Damaged,2809.55,2
405,10595,2024-06-24,Size Issue,3083.26,3
406,10644,2024-08-10,Not as Expected,1843.58,9
407,44499,2024-06-17,Not as Expected,921.39,8
408,45172,2024-04-22,Not as Expected,2370.98,5
409,34909,2024-05-18,Size Issue,5400.84,6
410,34517,2024-11-19,Not as Expected,6591.64,9
411,4924,2024-09-19,Size Issue,3761.99,7
412,29914,2024-12-10,Damaged,855.14,4
413,38642,2025-01-08,Not as Expected,4043.53,5
414,29479,2024-12-19,Not as Expected,4549.09,8
415,20210,2024-01-28,Late Delivery,2544.14,6
416,11021,2024-08-13,Late Delivery,5674.81,6
417,46781,2024-09-28,Wrong Product,5634.91,7
418,34712,2024-10-25,Wrong Product,2306.1,8
419,14410,2025-01-07,Damaged,7783.45,6
420,49845,2024-12-27,Wrong Product,2424.8,9
421,39281,2024-10-19,Size Issue,4588.81,4
422,32489,2024-03-24,Wrong Product,1520.78,9
423,15316,2024-09-08,Damaged,6481.74,8
424,34348,2024-01-22,Late Delivery,1774.71,5
425,31652,2024-12-18,Not as Expected,4738.34,1
426,33264,2024-06-13,Late Delivery,4231.58,8
427,32709,2024-04-25,Not as Expected,1791.05,6
428,4883,2024-05-02,Damaged,5949.77,4
429,23223,2024-07-23,Not as Expected,5502.61,2
430,39366,2024-04-09,Wrong Product,7157.16,3
431,31542,2025-01-01,Wrong Product,6862.8,2
432,28404,2024-12-01,Wrong Product,6161.91,9
433,38029,2024-06-23,Size Issue,6098.34,9
434,16211,2024-02-02,Not as Expected,1539.27,9
435,49038,2024-09-02,Size Issue,6321.78,7
436,35720,2024-06-17,Size Issue,6027.41,9
437,16933,2024-09-03,Not as Expected,6752.19,8
438,42691,2024-07-26,Damaged,4913.49,2
439,4323,2024-02-09,Wrong Product,1702.63,1
440,34034,2024-07-03,Not as Expected,4456.82,8
441,1173,2024-04-12,Damaged,3287.13,7
442,8188,2024-01-20,Late Delivery,5247.21,9
443,48524,2024-08-11,Not as Expected,2816.14,4
444,13746,2024-04-18,Size Issue,3400.06,3
445,45368,2024-07-09,Not as Expected,4828.65,8
446,47066,2024-09-23,Wrong Product,7324.45,9
447,39078,2024-01-24,Late Delivery,4200.53,3
448,28471,2024-03-02,Not as Expected,4994.78,7
449,32425,2024-08-18,Late Delivery,1237.21,3
450,32690,2024-01-30,Size Issue,4874.39,7
451,48215,2024-01-12,Late Delivery,920.94,8
452,36359,2024-11-30,Size Issue,5713.66,4
453,30699,2024-01-17,Size Issue,1967.25,6
454,18748,2024-04-29,Late Delivery,4382.75,6
455,49750,2024-08-04,Wrong Product,4406.96,3
456,43831,2024-01-18,Late Delivery,1220.92,6
457,5501,2024-06-17,Late Delivery,6180.39,9
458,29873,2024-04-14,Wrong Product,915.9,5
459,39676,2024-05-12,Damaged,1999.1,5
460,27776,2024-12-21,Late Delivery,2663.01,3
461,28820,2024-08-26,Size Issue,879.88,6
462,30184,2024-03-07,Wrong Product,1644.64,4
463,19891,2024-11-06,Not as Expected,3102.38,6
464,20587,2024-12-17,Wrong Product,343.51,1
465,23481,2025-01-08,Wrong Product,6018.61,2
466,34691,2024-01-25,Late Delivery,6123.27,9
467,12514,2024-01-14,Wrong Product,3766.69,1
468,5237,2024-03-02,Size Issue,3659.2,7
469,49928,2024-02-08,Damaged,672.52,2
470,49966,2024-05-11,Size Issue,6138.88,2
471,45103,2024-05-15,Not as Expected,4376.72,6
472,14032,2024-10-10,Wrong Product,1440.38,2
473,39101,2024-03-17,Not as Expected,4396.0,2
474,31655,2024-08-04,Size Issue,4082.14,3
475,7021,2024-10-06,Late Delivery,1713.58,4
476,32015,2024-01-28,Wrong Product,4812.76,4
477,8455,2024-03-08,Wrong Product,1155.46,9
478,9770,2024-01-30,Wrong Product,3018.37,1
479,49954,2024-10-20,Late Delivery,6485.7,5
480,21905,2024-03-04,Late Delivery,5808.97,4
481,43654,2024-02-21,Size Issue,3780.3,2
482,39021,2024-07-14,Damaged,2365.0,2
483,6359,2024-09-20,Size Issue,1489.98,6
484,28047,2024-05-11,Size Issue,6676.61,6
485,4512,2024-10-29,Size Issue,641.44,5
486,38600,2024-06-02,Not as Expected,866.09,3
487,37807,2025-01-01,Wrong Product,3374.23,1
488,38493,2024-07-22,Wrong Product,907.78,5
489,4963,2024-12-04,Size Issue,4593.97,8
490,21431,2024-03-05,Size Issue,2737.83,1
491,46620,2024-11-04,Damaged,3555.96,7
492,4160,2024-08-04,Damaged,6046.52,4
493,18893,2024-03-09,Damaged,3817.64,7
494,14280,2024-12-07,Wrong Product,2637.22,5
495,10234,2024-07-14,Late Delivery,3708.87,2
496,31729,2024-01-20,Late Delivery,1336.5,1
497,31932,2024-12-04,Wrong Product,4667.62,3
498,39500,2024-01-26,Damaged,4665.51,4
499,48802,2024-09-25,Late Delivery,1499.58,9
500,43775,2024-11-27,Damaged,1315.1,6
501,41327,2024-06-08,Wrong Product,1475.59,8
502,11514,2024-01-11,Size Issue,2793.86,6
503,15192,2024-06-19,Not as Expected,3455.74,5
504,1595,2024-12-17,Wrong Product,6237.8,6
505,32546,2024-07-15,Wrong Product,6659.04,4
506,36434,2024-09-04,Damaged,3201.53,6
507,10414,2024-08-01,Wrong Product,1424.7,3
508,15284,2024-12-20,Not as Expected,2111.67,8
509,3729,2024-06-15,Wrong Product,3170.22,8
510,25608,2024-11-03,Damaged,1914.59,6
511,6277,2024-07-16,Late Delivery,290.84,1
512,10602,2024-03-13,Size Issue,5805.24,9
513,25123,2024-06-27,Damaged,778.51,1
514,13671,2024-06-15,Damaged,2894.6,3
515,41189,2024-05-14,Wrong Product,4223.57,9
516,31623,2024-12-19,Late Delivery,1546.25,7
517,15744,2024-04-13,Late Delivery,2142.92,1
518,45530,2024-03-03,Size Issue,1509.16,6
519,37431,2024-03-22,Damaged,3557.21,9
520,12841,2024-01-31,Not as Expected,4491.18,6
521,49721,2024-05-15,Damaged,4598.13,4
522,17291,2024-06-15,Size Issue,529.98,4
523,19292,2024-09-01,Damaged,1103.71,4
524,4834,2024-10-12,Late Delivery,2815.82,1
525,30150,2024-10-10,Wrong Product,1608.61,8
526,41267,2024-12-03,Late Delivery,3841.15,5
527,44447,2024-07-21,Wrong Product,393.57,1
528,47609,2024-01-22,Not as Expected,2890.08,6
529,22386,2024-10-11,Late Delivery,5071.74,5
530,8627,2024-02-17,Wrong Product,5122.73,1
531,26174,2024-07-20,Damaged,2814.75,6
532,41337,2024-08-31,Late Delivery,6760.02,5
533,20097,2024-04-18,Size Issue,2180.96,2
534,20482,2024-06-06,Late Delivery,1447.87,4
535,49444,2024-10-22,Not as Expected,1541.51,2
536,13258,2024-11-07,Wrong Product,7238.13,9
537,25704,2024-06-25,Damaged,3046.73,2
538,45164,2024-06-21,Wrong Product,3589.23,4
539,30195,2024-04-04,Size Issue,4745.95,2
540,27285,2024-11-14,Damaged,4477.91,7
541,22365,2024-04-15,Not as Expected,5381.08,1
542,396,2024-12-03,Size Issue,3184.56,7
543,14153,2024-03-05,Damaged,7417.13,9
544,4543,2024-03-21,Damaged,3956.08,1
545,46871,2024-07-03,Late Delivery,524.58,2
546,17768,2024-04-14,Wrong Product,3531.15,9
547,16510,2024-04-06,Late Delivery,1362.07,3
548,20189,2024-01-14,Wrong Product,5042.93,9
549,47761,2024-12-05,Damaged,6612.5,9
550,9339,2024-12-22,Late Delivery,1335.8,7
551,22169,2024-08-22,Size Issue,5504.1,9
552,37317,2024-04-03,Damaged,372.7,3
553,46644,2024-01-15,Not as Expected,5439.83,1
554,35972,2024-01-28,Not as Expected,6135.43,1
555,15396,2024-07-24,Wrong Product,2079.29,5
556,45885,2024-11-21,Size Issue,3545.15,2
557,39760,2024-09-17,Wrong Product,3788.47,1
558,24390,2024-09-10,Wrong Product,3615.0,3
559,779,2024-02-20,Late Delivery,7339.19,2
560,6259,2024-09-24,Not as Expected,4969.61,1
561,3078,2024-03-27,Damaged,2253.07,9
562,19709,2024-07-28,Wrong Product,6687.11,1
563,26026,2024-04-02,Late Delivery,5914.02,4
564,40805,2024-12-21,Not as Expected,7511.02,8
565,9061,2024-04-13,Size Issue,5860.34,5
566,4450,2024-02-18,Not as Expected,3754.81,4
567,48163,2024-02-10,Damaged,527.82,9
568,49702,2024-01-23,Damaged,3419.91,6
569,2737,2024-12-26,Not as Expected,6418.16,9
570,12862,2024-08-22,Damaged,4844.48,2
571,47700,2024-09-28,Wrong Product,6266.06,8
572,34338,2024-06-12,Damaged,6247.73,6
573,5675,2024-12-16,Not as Expected,820.2,9
574,36482,2024-01-20,Size Issue,3583.78,6
575,12175,2024-02-05,Not as Expected,2352.18,9
576,34493,2024-08-14,Damaged,5694.79,6
577,19129,2024-12-04,Size Issue,967.54,2
578,48731,2024-08-01,Size Issue,6770.64,3
579,11706,2024-10-30,Late Delivery,5707.99,1
580,11875,2024-08-28,Size Issue,3869.83,6
581,44530,2024-09-20,Damaged,808.15,9
582,25685,2024-08-12,Not as Expected,4694.71,7
583,1227,2024-04-23,Damaged,3203.14,8
584,6232,2024-01-16,Late Delivery,3064.32,1
585,11320,2024-05-18,Wrong Product,3199.97,3
586,2473,2024-04-12,Wrong Product,1439.8,9
587,37564,2024-12-01,Not as Expected,4737.25,9
588,16557,2024-12-20,Not as Expected,5613.78,9
589,28537,2024-05-06,Late Delivery,2491.76,7
590,43077,2024-10-22,Late Delivery,5029.68,8
591,45937,2024-04-30,Wrong Product,1820.71,1
592,35476,2024-07-12,Not as Expected,4065.16,3
593,6275,2024-07-07,Late Delivery,1520.26,7
594,2451,2025-01-02,Not as Expected,5323.44,7
595,32437,2024-05-16,Damaged,5090.3,5
596,44210,2024-07-23,Damaged,7714.43,9
597,32909,2024-05-12,Size Issue,7946.64,3
598,42490,2024-11-07,Size Issue,5141.51,3
599,32345,2024-12-14,Damaged,6550.61,3
600,34476,2024-03-21,Wrong Product,5837.85,4
601,25891,2024-11-22,Late Delivery,2772.91,9
602,40791,2024-05-24,Not as Expected,6934.82,5
603,32342,2024-05-05,Not as Expected,3451.63,1
604,18201,2024-09-05,Size Issue,6192.16,3
605,29567,2024-02-26,Size Issue,2506.19,2
606,36469,2024-10-13,Wrong Product,3119.04,6
607,11023,2024-07-25,Wrong Product,1870.65,3
608,39987,2024-10-02,Size Issue,1273.03,7
609,20948,2024-07-31,Damaged,519.03,4
610,35412,2024-11-18,Damaged,1625.74,3
611,32063,2024-03-07,Size Issue,1968.74,1
612,31996,2024-08-08,Damaged,3485.29,9
613,34815,2024-10-28,Wrong Product,7068.38,9
614,28876,2024-09-09,Late Delivery,7086.26,2
615,27884,2024-07-08,Late Delivery,3263.34,5
616,18534,2024-10-02,Late Delivery,5787.31,5
617,25063,2024-12-23,Size Issue,4941.62,8
618,14071,2024-05-15,Not as Expected,6477.72,1
619,23309,2025-01-10,Not as Expected,5110.25,4
620,12939,2024-09-13,Not as Expected,2008.07,6
621,31519,2024-11-19,Not as Expected,3570.73,2
622,48516,2024-06-24,Wrong Product,4369.52,2
623,37338,2024-01-26,Size Issue,4394.09,4
624,21525,2024-10-24,Size Issue,7933.06,4
625,6567,2024-07-01,Size Issue,2272.42,4
626,26772,2024-09-08,Size Issue,2376.81,2
627,38857,2024-04-15,Size Issue,3139.15,4
628,41876,2024-03-23,Not as Expected,2963.72,5
629,15627,2024-05-28,Not as Expected,3407.57,9
630,12153,2024-08-29,Size Issue,5925.67,1
631,21449,2024-07-08,Size Issue,3045.99,3
632,38515,2024-03-04,Late Delivery,2164.17,3
633,7922,2024-04-17,Not as Expected,1723.72,1
634,759,2024-10-26,Damaged,917.45,1
635,47770,2024-03-14,Wrong Product,5072.01,3
636,31684,2024-06-19,Wrong Product,1589.83,7
637,32065,2024-08-07,Damaged,2181.18,8
638,47928,2024-07-15,Not as Expected,5381.21,6
639,39945,2024-01-21,Size Issue,1915.86,7
640,25479,2024-04-10,Damaged,3640.17,7
641,21083,2024-12-19,Late Delivery,6674.0,9
642,17082,2024-08-12,Late Delivery,1293.75,1
643,35859,2024-11-30,Wrong Product,687.74,1
644,39806,2024-05-14,Not as Expected,607.03,3
645,45979,2024-10-02,Wrong Product,1328.48,9
646,13812,2024-10-27,Size Issue,3291.44,9
647,16301,2024-12-02,Wrong Product,5998.8,5
648,42815,2024-11-04,Late Delivery,4118.41,9
649,34889,2024-07-01,Not as Expected,859.02,2
650,48454,2024-11-20,Wrong Product,1031.77,9
651,35400,2024-02-24,Damaged,3545.23,8
652,45151,2024-03-04,Late Delivery,4087.61,9
653,16045,2024-06-05,Wrong Product,1993.39,9
654,15103,2024-11-02,Wrong Product,482.08,2
655,6340,2024-03-23,Wrong Product,3601.36,7
656,15652,2024-02-26,Damaged,6318.22,2
657,44149,2024-05-26,Late Delivery,2534.94,9
658,37908,2024-12-07,Not as Expected,3006.86,5
659,18293,2024-08-23,Not as Expected,1629.08,5
660,20524,2024-07-09,Size Issue,4039.06,8
661,29659,2024-11-29,Late Delivery,2974.18,4
662,30291,2024-02-25,Late Delivery,2065.29,8
663,1521,2024-04-26,Damaged,4609.66,4
664,27516,2024-10-10,Wrong Product,5567.57,2
665,47788,2024-04-30,Wrong Product,1251.81,8
666,39936,2024-03-14,Not as Expected,3610.85,8
667,34380,2025-01-04,Damaged,839.99,9
668,5686,2024-03-30,Late Delivery,7105.9,8
669,37503,2024-04-07,Damaged,1322.06,2
670,26183,2024-06-15,Size Issue,2043.02,9
671,26907,2024-06-13,Not as Expected,2595.49,5
672,28074,2024-12-21,Size Issue,1633.66,9
673,22728,2025-01-01,Damaged,909.9,7
674,6214,2024-12-03,Not as Expected,3270.18,2
675,10661,2024-05-05,Not as Expected,3771.32,1
676,19995,2024-06-02,Late Delivery,3835.95,4
677,6144,2024-05-21,Damaged,6557.87,4
678,6802,2024-05-15,Size Issue,6034.84,6
679,8844,2024-05-14,Size Issue,1343.78,2
680,2231,2024-12-25,Size Issue,3941.43,1
681,9986,2024-03-24,Wrong Product,601.5,3
682,37983,2024-02-03,Late Delivery,1856.13,1
683,45320,2024-02-05,Late Delivery,4273.13,9
684,49043,2024-12-15,Late Delivery,7167.8,4
685,48719,2024-01-16,Late Delivery,1250.23,3
686,31957,2024-12-25,Size Issue,4654.13,5
687,40436,2024-12-02,Late Delivery,1986.49,4
688,9145,2024-01-29,Late Delivery,2021.89,9
689,37412,2024-03-21,Size Issue,6199.34,3
690,10353,2024-05-09,Size Issue,6951.35,9
691,12430,2024-01-12,Wrong Product,2181.41,9
692,17327,2024-02-27,Size Issue,1998.87,9
693,45095,2024-09-06,Late Delivery,2134.83,6
694,2917,2024-04-30,Late Delivery,6334.34,9
695,49298,2024-03-14,Not as Expected,2937.99,7
696,18031,2024-01-20,Size Issue,4648.56,2
697,27020,2024-03-24,Damaged,6563.08,8
698,24208,2024-06-23,Not as Expected,5805.77,2
699,45340,2024-03-11,Size Issue,1331.66,1
700,33905,2024-07-10,Late Delivery,1139.67,1
701,5724,2024-06-03,Late Delivery,6059.52,5
702,25791,2024-12-07,Size Issue,5152.53,9
703,19858,2024-07-20,Size Issue,2312.9,4
704,12593,2024-08-05,Damaged,1348.51,4
705,27519,2024-03-28,Not as Expected,480.11,5
706,40410,2024-11-22,Size Issue,7515.15,2
707,11193,2024-09-08,Damaged,5434.52,5
708,24900,2024-06-05,Size Issue,1501.53,2
709,30522,2024-03-26,Not as Expected,2595.37,6
710,27310,2024-12-07,Late Delivery,4603.74,4
711,41877,2024-05-02,Late Delivery,2012.72,8
712,44695,2024-05-01,Damaged,6146.25,8
713,28779,2024-08-01,Late Delivery,7005.54,1
714,18313,2024-05-27,Not as Expected,7843.13,6
715,42098,2024-11-24,Size Issue,3359.39,2
716,34640,2024-01-24,Wrong Product,1396.31,9
717,25336,2024-05-01,Size Issue,4099.53,7
718,36065,2024-12-20,Size Issue,2557.19,7
719,10337,2024-07-03,Size Issue,1908.72,5
720,43277,2024-06-23,Not as Expected,3821.23,6
721,46171,2024-03-15,Size Issue,5901.54,2
722,13398,2024-08-05,Late Delivery,2664.19,6
723,14041,2024-07-16,Wrong Product,3216.74,8
724,42966,2024-12-19,Wrong Product,1389.25,1
725,42108,2024-04-20,Damaged,405.98,7
726,46717,2024-09-25,Not as Expected,797.53,4
727,15017,2024-09-19,Not as Expected,3892.12,8
728,31535,2024-10-19,Damaged,4322.45,3
729,8245,2024-06-12,Wrong Product,5122.36,1
730,14706,2024-09-04,Wrong Product,3499.75,2
731,45527,2024-02-26,Not as Expected,5084.49,9
732,42648,2024-03-19,Not as Expected,1429.92,9
733,5015,2024-06-05,Damaged,2658.51,1
734,26254,2024-09-15,Size Issue,656.16,5
735,28110,2024-04-12,Damaged,595.24,5
736,49007,2024-12-04,Size Issue,423.51,2
737,38488,2024-08-06,Wrong Product,7306.39,9
738,27974,2024-10-24,Damaged,3642.33,4
739,8982,2024-09-23,Wrong Product,2324.84,5
740,19154,2024-12-12,Damaged,3610.72,1
741,36024,2024-10-16,Size Issue,5979.51,4
742,48114,2024-01-18,Not as Expected,1613.76,2
743,38664,2024-02-07,Late Delivery,2939.0,6
744,6294,2024-11-22,Size Issue,843.16,7
745,13103,2024-01-26,Damaged,4859.32,9
746,42765,2024-09-21,Wrong Product,6250.97,5
747,33534,2024-02-07,Size Issue,5462.23,2
748,36573,2024-03-14,Not as Expected,4751.0,5
749,25698,2024-01-20,Damaged,4397.37,7
750,44363,2024-08-18,Wrong Product,2310.52,9
751,36200,2024-12-13,Damaged,1711.64,7
752,13835,2024-02-02,Wrong Product,1693.0,9
753,48356,2024-02-03,Damaged,6265.84,6
754,7047,2024-04-23,Late Delivery,4175.98,1
755,23598,2024-02-11,Not as Expected,5004.38,1
756,33805,2024-05-04,Late Delivery,1298.81,2
757,10675,2024-10-15,Not as Expected,2466.67,2
758,21684,2024-01-16,Damaged,5060.49,4
759,44349,2024-10-12,Not as Expected,3253.09,2
760,34212,2024-02-04,Late Delivery,4895.0,1
761,45071,2024-08-06,Damaged,6599.24,2
762,10245,2024-07-12,Size Issue,1442.97,1
763,36018,2024-05-01,Not as Expected,789.38,5
764,21557,2024-03-11,Size Issue,944.61,2
765,43518,2024-10-07,Late Delivery,872.13,4
766,27137,2024-07-21,Wrong Product,6737.63,6
767,40312,2024-07-24,Not as Expected,4487.18,2
768,16347,2024-02-10,Late Delivery,6661.38,8
769,5538,2024-11-09,Late Delivery,3383.2,8
770,3684,2024-04-19,Damaged,2026.02,3
771,13689,2024-11-09,Size Issue,4249.34,4
772,27289,2024-10-11,Wrong Product,5200.79,4
773,4520,2024-06-28,Wrong Product,7109.86,2
774,16321,2024-02-19,Wrong Product,5693.56,1
775,45010,2024-10-11,Size Issue,4609.09,6
776,41999,2024-12-03,Late Delivery,4669.33,4
777,4190,2024-11-14,Not as Expected,1292.83,1
778,15146,2024-02-11,Damaged,1153.51,3
779,35813,2024-03-03,Wrong Product,7567.55,9
780,45785,2024-10-15,Size Issue,4814.81,1
781,37204,2024-11-27,Damaged,3148.65,9
782,33947,2024-02-20,Damaged,4300.62,7
783,12601,2024-08-29,Wrong Product,3917.62,1
784,35403,2024-02-02,Not as Expected,4874.87,6
785,47287,2024-12-30,Late Delivery,3122.3,4
786,27194,2024-05-31,Damaged,1846.04,8
787,27800,2024-05-04,Damaged,5196.23,6
788,26682,2024-08-26,Not as Expected,1480.74,5
789,22004,2024-10-26,Wrong Product,1309.38,5
790,27100,2024-12-28,Size Issue,2534.0,5
791,37041,2024-03-03,Size Issue,4450.4,6
792,38789,2024-07-09,Wrong Product,4389.99,9
793,17576,2024-03-29,Not as Expected,4222.0,5
794,18692,2024-02-13,Late Delivery,3203.29,4
795,34462,2024-07-12,Late Delivery,8085.17,5
796,34884,2024-02-06,Damaged,1486.1,8
797,48420,2024-12-22,Wrong Product,1700.76,6
798,1695,2024-07-14,Size Issue,4532.05,8
799,18455,2024-11-27,Not as Expected,1024.39,9
800,22985,2024-10-05,Late Delivery,5090.98,1
801,9105,2024-03-24,Size Issue,7969.37,9
802,21558,2024-02-22,Size Issue,5172.79,1
803,10559,2024-08-16,Not as Expected,762.32,8
804,4718,2024-02-02,Late Delivery,5998.51,5
805,36076,2024-03-22,Not as Expected,3894.18,1
806,33038,2024-02-28,Late Delivery,3849.66,1
807,45185,2024-02-17,Wrong Product,3595.56,4
808,1712,2024-09-17,Size Issue,3915.34,7
809,11429,2024-07-19,Wrong Product,7050.89,6
810,87,2024-10-25,Not as Expected,4720.57,2
811,34082,2024-11-30,Size Issue,1872.87,3
812,42082,2024-12-20,Damaged,6744.45,4
813,35474,2024-11-13,Damaged,6269.54,4
814,3576,2024-11-25,Not as Expected,630.35,5
815,41722,2024-12-28,Late Delivery,5426.16,6
816,34738,2024-08-27,Damaged,2577.75,3
817,34488,2024-12-02,Wrong Product,5533.56,3
818,35723,2024-06-04,Damaged,6658.73,8
819,2663,2024-04-27,Damaged,2903.24,9
820,24094,2024-10-05,Damaged,6011.25,5
821,12340,2024-01-29,Size Issue,3254.91,4
822,24553,2024-01-20,Not as Expected,5963.63,3
823,27693,2024-07-16,Wrong Product,1227.02,2
824,46797,2024-07-08,Not as Expected,4361.94,2
825,30153,2024-07-24,Size Issue,3483.02,9
826,12249,2024-06-12,Damaged,4752.38,2
827,5955,2024-06-19,Wrong Product,290.08,3
828,33555,2024-02-12,Not as Expected,556.99,4
829,22950,2024-05-28,Late Delivery,909.81,8
830,30340,2024-06-08,Late Delivery,389.39,9
831,40412,2024-09-21,Damaged,4954.62,6
832,21462,2024-04-19,Wrong Product,5692.08,9
833,29940,2024-08-08,Wrong Product,2047.71,2
834,43865,2024-05-09,Size Issue,4113.13,2
835,38903,2024-05-15,Wrong Product,4615.97,4
836,31927,2024-07-21,Late Delivery,2084.78,2
837,38007,2024-03-14,Damaged,4451.69,5
838,21636,2024-07-10,Not as Expected,728.73,2
839,30456,2024-02-11,Not as Expected,7325.2,4
840,49137,2024-02-28,Not as Expected,985.64,5
841,19090,2024-09-15,Late Delivery,7313.31,9
842,29698,2024-05-31,Not as Expected,2775.06,5
843,2643,2024-05-31,Wrong Product,3206.29,4
844,39234,2024-08-06,Size Issue,7065.1,1
845,26483,2024-05-22,Size Issue,1689.45,1
846,43603,2024-10-04,Not as Expected,4804.74,3
847,49706,2024-04-10,Wrong Product,1045.65,6
848,29952,2024-04-20,Size Issue,2036.14,2
849,44278,2024-01-04,Not as Expected,1209.29,7
850,5188,2024-11-25,Wrong Product,3040.57,3
851,49880,2024-05-07,Damaged,4069.99,5
852,42248,2024-09-04,Wrong Product,4450.34,9
853,9009,2024-10-29,Wrong Product,6111.63,1
854,13122,2024-08-19,Late Delivery,1454.99,9
855,8909,2024-10-23,Size Issue,5764.35,3
856,11213,2024-04-14,Not as Expected,6410.18,2
857,36702,2024-04-30,Damaged,574.66,1
858,36918,2024-09-02,Not as Expected,3752.05,9
859,10355,2024-04-30,Late Delivery,2745.24,5
860,22737,2024-03-15,Damaged,2631.7,1
861,22178,2024-05-10,Size Issue,5364.26,9
862,36452,2024-04-24,Late Delivery,6846.36,6
863,16552,2024-05-26,Size Issue,5741.71,9
864,25886,2024-10-02,Late Delivery,3185.82,5
865,13106,2024-08-22,Size Issue,4334.45,1
866,32762,2024-08-28,Wrong Product,1972.75,3
867,19348,2024-07-29,Damaged,1096.81,7
868,47061,2024-04-24,Not as Expected,6979.96,7
869,36641,2025-01-05,Wrong Product,3847.9,8
870,5309,2024-04-10,Wrong Product,5867.85,7
871,4130,2024-07-23,Not as Expected,4456.45,1
872,23187,2024-08-25,Not as Expected,3195.15,1
873,8316,2024-10-15,Size Issue,592.35,2
874,28444,2024-03-06,Not as Expected,348.61,2
875,48074,2024-01-19,Size Issue,1155.49,3
876,41439,2024-05-21,Late Delivery,2048.26,3
877,24171,2024-07-26,Wrong Product,5767.34,7
878,18335,2024-12-29,Wrong Product,4601.49,1
879,26180,2024-11-27,Not as Expected,6757.87,1
880,21761,2024-04-01,Late Delivery,2253.48,8
881,1358,2024-05-17,Damaged,5484.97,4
882,7209,2024-05-11,Not as Expected,4805.86,5
883,30025,2024-12-18,Not as Expected,809.01,2
884,35745,2024-04-12,Late Delivery,3864.6,4
885,44244,2024-03-22,Late Delivery,2813.13,1
886,47492,2024-09-20,Late Delivery,3420.97,2
887,35118,2024-07-17,Size Issue,7153.94,1
888,32554,2024-06-24,Damaged,715.37,7
889,35160,2024-08-08,Size Issue,2553.07,5
890,20000,2024-08-13,Damaged,7812.59,5
891,49371,2024-06-27,Late Delivery,4395.17,3
892,3130,2024-02-17,Wrong Product,3868.33,3
893,40827,2024-06-03,Damaged,3903.81,9
894,12667,2024-06-13,Damaged,3692.75,4
895,22170,2024-08-25,Size Issue,2070.99,1
896,16972,2024-05-26,Wrong Product,4956.22,8
897,6998,2024-06-15,Wrong Product,2357.23,1
898,29152,2024-09-07,Size Issue,1398.94,8
899,26319,2024-03-02,Not as Expected,1774.13,1
900,37276,2024-09-11,Wrong Product,2106.39,1
901,29407,2024-03-14,Not as Expected,1824.98,3
902,39018,2024-03-15,Size Issue,3227.69,4
903,18029,2024-01-13,Damaged,685.24,3
904,35656,2024-11-07,Not as Expected,3152.38,5
905,22382,2024-11-17,Size Issue,1699.44,9
906,45765,2024-08-31,Late Delivery,4320.92,9
907,42525,2025-01-07,Damaged,4940.48,4
908,24889,2024-05-17,Damaged,688.5,2
909,26615,2024-10-31,Size Issue,2398.61,5
910,33272,2024-02-02,Not as Expected,5690.68,6
911,3253,2024-08-22,Wrong Product,2288.21,6
912,42784,2024-10-30,Damaged,3996.94,6
913,8186,2024-01-13,Wrong Product,343.16,1
914,14967,2024-12-20,Size Issue,3105.82,5
915,4131,2024-07-30,Size Issue,6254.17,1
916,44337,2024-02-01,Wrong Product,5351.71,5
917,41133,2024-08-10,Damaged,1000.34,7
918,5546,2024-01-13,Damaged,649.94,6
919,45201,2024-02-21,Size Issue,7008.3,9
920,38691,2025-01-08,Wrong Product,2934.02,2
921,14656,2024-07-22,Wrong Product,1783.18,2
922,16887,2024-11-08,Wrong Product,3385.34,5
923,26628,2024-09-09,Late Delivery,1456.69,8
924,23174,2024-05-17,Late Delivery,3057.57,4
925,16733,2024-08-26,Size Issue,570.21,4
926,28261,2024-01-12,Not as Expected,2493.23,3
927,47777,2024-06-30,Not as Expected,3501.34,5
928,47229,2024-08-01,Size Issue,624.14,7
929,43476,2024-02-25,Wrong Product,2374.82,4
930,46343,2024-03-25,Not as Expected,266.69,4
931,15368,2024-10-21,Size Issue,964.84,9
932,6227,2024-08-05,Not as Expected,5905.64,9
933,20986,2024-02-06,Wrong Product,1650.29,9
934,46624,2024-11-14,Damaged,4042.18,3
935,14841,2024-02-02,Not as Expected,2457.42,2
936,15196,2024-11-11,Size Issue,2305.27,4
937,31764,2024-09-09,Wrong Product,1242.48,4
938,45099,2024-03-15,Damaged,2679.45,3
939,23646,2024-09-11,Size Issue,7162.61,5
940,9051,2024-09-02,Size Issue,4746.73,2
941,15074,2024-11-15,Size Issue,4436.75,3
942,31634,2024-10-22,Size Issue,4882.22,6
943,25992,2024-02-21,Late Delivery,6735.65,4
944,32178,2024-02-22,Damaged,1334.57,1
945,48777,2024-10-06,Late Delivery,4054.5,9
946,42481,2024-01-18,Late Delivery,4433.0,7
947,8179,2024-03-13,Late Delivery,4632.45,1
948,47452,2024-04-04,Late Delivery,967.07,4
949,37033,2024-03-24,Wrong Product,4184.63,2
950,25724,2024-08-17,Wrong Product,2490.83,8
951,45449,2024-10-22,Size Issue,4158.73,7
952,3249,2024-05-31,Wrong Product,5937.13,6
953,27551,2024-02-16,Not as Expected,3027.93,2
954,9852,2024-09-27,Size Issue,5401.14,8
955,15110,2024-05-15,Damaged,3596.69,5
956,12789,2024-08-22,Wrong Product,1296.96,7
957,40418,2024-09-07,Wrong Product,3693.2,3
958,64,2024-08-30,Damaged,3234.72,8
959,48080,2024-03-18,Size Issue,2475.03,3
960,7713,2024-02-29,Wrong Product,1185.98,9
961,17732,2024-03-12,Wrong Product,3740.09,1
962,8094,2025-01-01,Size Issue,4174.5,7
963,10271,2024-09-12,Not as Expected,3338.89,6
964,42672,2024-12-06,Damaged,4684.01,6
965,25827,2024-12-15,Wrong Product,3937.02,1
966,43176,2024-08-28,Damaged,2498.26,5
967,11851,2024-09-29,Size Issue,2261.15,3
968,42355,2024-02-18,Wrong Product,4879.94,2
969,37013,2024-02-19,Wrong Product,5523.72,6
970,22214,2024-11-12,Late Delivery,3372.44,9
971,13839,2024-05-27,Size Issue,5309.71,5
972,49849,2025-01-13,Not as Expected,4053.36,7
973,34259,2024-09-19,Late Delivery,7387.9,5
974,4218,2024-11-16,Not as Expected,5975.6,2
975,34350,2024-03-03,Not as Expected,5610.47,2
976,7535,2024-09-12,Late Delivery,1286.73,5
977,42931,2024-09-12,Not as Expected,2530.29,1
978,32098,2024-08-28,Size Issue,4632.62,7
979,33025,2025-01-07,Size Issue,677.43,3
980,5450,2024-01-24,Not as Expected,3893.87,2
981,23369,2024-06-19,Late Delivery,1828.33,3
982,14430,2024-03-22,Size Issue,5522.03,8
983,44872,2024-07-06,Not as Expected,1195.86,8
984,19651,2024-10-15,Damaged,3417.95,6
985,14988,2024-05-08,Wrong Product,4580.46,7
986,42328,2024-10-23,Damaged,268.02,7
987,2618,2024-06-27,Late Delivery,5502.58,7
988,47264,2024-07-30,Size Issue,3127.44,5
989,7702,2024-12-05,Damaged,797.32,3
990,4921,2024-05-25,Not as Expected,622.34,6
991,7158,2024-03-27,Size Issue,1669.38,7
992,27640,2025-01-03,Wrong Product,3898.11,5
993,23736,2024-04-21,Not as Expected,3954.78,8
994,33076,2024-01-29,Damaged,498.85,7
995,46122,2024-07-08,Damaged,5514.08,3
996,4856,2024-04-08,Not as Expected,1260.23,4
997,23072,2024-03-29,Wrong Product,6023.15,7
998,32755,2024-12-05,Late Delivery,1698.07,2
999,1892,2024-10-04,Wrong Product,3085.13,5
1000,44661,2024-05-26,Late Delivery,5939.09,6
1001,30614,2024-06-19,Late Delivery,5829.84,3
1002,49531,2024-05-14,Late Delivery,5546.47,7
1003,20193,2024-08-02,Wrong Product,607.58,3
1004,36,2024-10-28,Late Delivery,7262.42,8
1005,9677,2024-10-06,Late Delivery,4595.03,8
1006,17818,2024-10-16,Damaged,6622.35,7
1007,4073,2024-07-19,Not as Expected,2709.37,2
1008,45916,2024-10-31,Size Issue,5034.56,4
1009,49598,2024-03-04,Damaged,6398.54,9
1010,23468,2024-02-04,Damaged,5533.73,9
1011,42817,2024-12-15,Not as Expected,3906.26,2
1012,48475,2024-02-09,Wrong Product,904.12,2
1013,47543,2024-04-05,Size Issue,1636.06,1
1014,5967,2024-10-04,Late Delivery,1875.84,2
1015,40758,2024-06-29,Late Delivery,7112.48,2
1016,15412,2024-04-28,Size Issue,1167.69,9
1017,24436,2024-03-31,Size Issue,3243.56,3
1018,38104,2024-10-04,Damaged,279.06,8
1019,21638,2024-04-26,Not as Expected,479.26,8
1020,42520,2024-08-11,Size Issue,2069.15,6
1021,37159,2024-07-29,Not as Expected,1826.07,3
1022,16191,2024-11-06,Not as Expected,338.15,8
1023,10375,2024-04-23,Damaged,865.13,6
1024,32682,2024-05-20,Size Issue,4041.12,5
1025,43254,2024-06-26,Wrong Product,931.48,8
1026,12960,2024-11-22,Wrong Product,4459.25,8
1027,32978,2024-02-14,Late Delivery,702.36,6
1028,22736,2024-11-03,Damaged,864.12,7
1029,19505,2024-07-22,Size Issue,5837.68,6
1030,17052,2024-03-08,Not as Expected,4994.3,8
1031,38263,2024-07-08,Wrong Product,3214.08,3
1032,39422,2024-09-07,Late Delivery,5344.34,4
1033,26905,2024-03-09,Size Issue,3453.97,8
1034,42112,2024-06-19,Not as Expected,3196.71,2
1035,28725,2024-06-16,Wrong Product,3560.14,6
1036,45625,2024-05-29,Damaged,1775.77,2
1037,27897,2024-02-21,Not as Expected,3998.66,7
1038,32193,2024-08-10,Wrong Product,1213.93,9
1039,7287,2024-01-14,Late Delivery,4231.91,5
1040,36112,2024-04-07,Late Delivery,779.2,7
1041,30656,2024-09-21,Not as Expected,6520.98,5
1042,30955,2024-09-16,Late Delivery,1246.54,7
1043,8432,2024-09-26,Damaged,674.66,8
1044,36667,2024-08-10,Late Delivery,659.38,4
1045,1633,2024-02-09,Damaged,4918.16,6
1046,35890,2024-07-15,Damaged,3184.83,6
1047,9977,2024-11-29,Size Issue,2847.06,1
1048,25339,2024-07-18,Damaged,5484.18,1
1049,28293,2024-03-04,Late Delivery,3737.61,7
1050,27642,2024-06-09,Not as Expected,4611.51,2
1051,46641,2024-07-01,Size Issue,2415.04,9
1052,10055,2024-06-29,Late Delivery,5949.98,4
1053,41276,2024-08-04,Late Delivery,5283.85,1
1054,12520,2024-07-12,Not as Expected,5029.93,2
1055,30957,2024-01-10,Wrong Product,1543.23,9
1056,41603,2024-05-15,Damaged,1986.3,6
1057,1376,2024-01-22,Wrong Product,1661.6,6
1058,4071,2024-08-27,Wrong Product,6387.92,5
1059,46015,2024-11-06,Size Issue,4719.69,9
1060,41653,2024-05-17,Damaged,6633.22,7
1061,6558,2024-02-22,Late Delivery,1898.82,6
1062,3046,2024-08-21,Wrong Product,2429.96,7
1063,21517,2024-08-11,Wrong Product,5439.03,7
1064,40884,2024-03-22,Size Issue,5934.1,6
1065,35826,2024-11-08,Size Issue,7319.66,3
1066,18953,2024-08-02,Wrong Product,4039.95,1
1067,40561,2024-04-09,Wrong Product,7033.15,4
1068,21641,2024-01-26,Wrong Product,5069.44,8
1069,14440,2024-01-25,Late Delivery,5405.38,6
1070,2452,2024-07-10,Not as Expected,4791.9,2
1071,10395,2024-08-06,Size Issue,3576.0,9
1072,21514,2024-03-18,Not as Expected,4693.83,4
1073,47694,2024-11-20,Not as Expected,1062.49,6
1074,30246,2024-10-22,Not as Expected,6647.91,7
1075,10755,2024-01-19,Damaged,5700.37,5
1076,17383,2024-03-02,Wrong Product,7495.28,4
1077,43743,2024-11-19,Wrong Product,7571.68,4
1078,6394,2024-09-18,Late Delivery,8509.01,1
1079,9513,2024-02-15,Late Delivery,1061.81,6
1080,512,2024-09-16,Not as Expected,2994.26,1
1081,45381,2024-10-19,Not as Expected,5057.67,7
1082,44849,2024-08-26,Damaged,4760.29,3
1083,2885,2024-02-26,Damaged,5607.36,3
1084,319,2024-08-17,Damaged,4219.86,2
1085,35625,2024-06-07,Late Delivery,3583.8,2
1086,10938,2024-04-25,Late Delivery,5955.11,9
1087,29816,2024-03-14,Not as Expected,4692.76,9
1088,42585,2024-01-28,Not as Expected,968.78,8
1089,12503,2024-03-25,Damaged,4124.12,7
1090,43337,2024-08-02,Damaged,6354.91,6
1091,25264,2024-07-24,Wrong Product,3951.2,5
1092,1250,2024-06-08,Damaged,1193.65,9
1093,37205,2024-12-01,Wrong Product,3209.51,7
1094,36554,2024-03-07,Not as Expected,2880.65,3
1095,9704,2024-10-26,Wrong Product,6785.02,4
1096,49841,2024-04-20,Size Issue,2390.25,7
1097,17059,2024-10-06,Wrong Product,5520.37,5
1098,20458,2024-09-26,Size Issue,7165.86,5
1099,20935,2024-07-27,Wrong Product,7908.12,5
1100,46606,2024-11-04,Damaged,3353.39,8
1101,15797,2024-03-19,Size Issue,1559.47,4
1102,1645,2024-03-26,Size Issue,1188.81,9
1103,17853,2024-03-02,Size Issue,5180.05,4
1104,38533,2024-05-27,Not as Expected,2652.42,7
1105,21498,2024-05-07,Size Issue,5807.47,4
1106,21475,2024-12-23,Damaged,5384.31,8
1107,32404,2024-12-27,Not as Expected,7203.72,5
1108,29560,2024-12-31,Wrong Product,6762.46,3
1109,17565,2024-10-05,Damaged,3087.89,3
1110,13670,2024-12-05,Damaged,3996.46,3
1111,26941,2024-05-26,Not as Expected,568.74,8
1112,27987,2024-09-26,Not as Expected,3578.2,8
1113,29350,2024-02-10,Wrong Product,3342.44,4
1114,25232,2024-02-25,Size Issue,4226.96,9
1115,14672,2024-04-21,Size Issue,4705.94,6
1116,2193,2024-08-10,Damaged,277.3,5
1117,21052,2024-07-21,Damaged,4060.73,7
1118,39332,2024-09-21,Late Delivery,567.22,2
1119,26712,2024-06-28,Not as Expected,283.18,3
1120,14711,2024-04-20,Not as Expected,4803.31,9
1121,28086,2024-01-12,Wrong Product,342.52,8
1122,20378,2024-02-27,Damaged,4612.67,7
1123,33483,2024-11-29,Wrong Product,7440.62,5
1124,33196,2024-05-19,Damaged,572.22,6
1125,37373,2024-12-30,Not as Expected,6689.44,3
1126,49977,2024-09-01,Late Delivery,6980.36,2
1127,30745,2024-09-21,Damaged,2846.46,4
1128,31821,2024-08-05,Size Issue,5359.24,9
1129,22561,2024-03-29,Damaged,4880.9,6
1130,44164,2024-09-10,Size Issue,971.26,3
1131,23193,2024-04-09,Wrong Product,3353.5,5
1132,12280,2024-06-18,Late Delivery,4164.64,8
1133,35471,2024-11-16,Not as Expected,5111.26,1
1134,22878,2024-10-02,Size Issue,1870.18,8
1135,38487,2024-09-03,Late Delivery,6278.62,1
1136,26917,2024-05-30,Late Delivery,3663.6,7
1137,25556,2024-06-04,Damaged,3569.84,8
1138,3601,2024-09-10,Wrong Product,5364.38,9
1139,16928,2024-04-26,Not as Expected,5324.74,3
1140,5207,2024-04-05,Wrong Product,4607.89,7
1141,43675,2024-04-18,Damaged,3490.23,2
1142,6780,2024-10-09,Late Delivery,3846.26,7
1143,7895,2024-07-30,Late Delivery,5593.92,5
1144,8357,2024-11-07,Late Delivery,6483.33,8
1145,10869,2024-01-17,Damaged,4688.83,1
1146,24946,2024-05-08,Not as Expected,300.45,7
1147,26924,2024-02-26,Damaged,2811.07,6
1148,4103,2024-06-05,Size Issue,1878.01,9
1149,46584,2024-01-20,Damaged,5496.59,5
1150,45771,2024-08-06,Damaged,3520.64,2
1151,34730,2024-04-25,Late Delivery,3502.52,9
1152,27827,2024-12-09,Size Issue,2514.71,4
1153,17083,2024-01-20,Size Issue,1623.68,6
1154,24354,2024-09-30,Late Delivery,791.74,7
1155,13275,2024-12-20,Wrong Product,2766.75,3
1156,28403,2024-04-29,Not as Expected,6083.38,5
1157,37163,2024-11-23,Wrong Product,498.07,6
1158,1456,2024-09-16,Not as Expected,5962.02,6
1159,46919,2024-07-30,Damaged,3549.73,1
1160,48961,2024-06-22,Damaged,1047.05,4
1161,29079,2024-01-21,Late Delivery,1548.35,9
1162,11129,2025-01-07,Not as Expected,5533.71,7
1163,11843,2024-05-26,Wrong Product,2004.69,9
1164,4700,2024-01-16,Not as Expected,4304.8,4
1165,35228,2024-02-10,Not as Expected,1139.96,3
1166,43879,2025-01-03,Wrong Product,3166.15,2
1167,22390,2024-07-11,Late Delivery,1172.98,7
1168,419,2024-12-28,Wrong Product,4851.42,1
1169,48112,2024-04-24,Size Issue,4373.08,2
1170,2599,2024-03-29,Late Delivery,1942.36,4
1171,29306,2024-08-29,Not as Expected,7274.34,4
1172,27291,2024-05-06,Size Issue,3471.07,8
1173,21020,2024-09-03,Damaged,2352.84,2
1174,2899,2024-10-28,Late Delivery,6508.38,1
1175,10684,2024-02-17,Late Delivery,3820.69,9
1176,25243,2024-01-22,Size Issue,4188.38,5
1177,9754,2025-01-05,Damaged,2309.89,6
1178,16938,2024-05-02,Not as Expected,1267.86,2
1179,17805,2024-08-05,Not as Expected,3250.21,6
1180,9878,2024-11-17,Size Issue,6130.8,8
1181,11088,2024-12-27,Late Delivery,1399.46,3
1182,7009,2024-07-10,Not as Expected,866.62,2
1183,6138,2024-08-16,Wrong Product,4389.09,7
1184,42079,2024-08-30,Size Issue,4959.67,4
1185,6958,2024-11-13,Wrong Product,6278.59,4
1186,30799,2024-08-17,Wrong Product,3688.38,7
1187,35056,2024-05-30,Late Delivery,2451.22,4
1188,20126,2024-11-04,Damaged,3512.63,1
1189,13448,2024-07-30,Wrong Product,2257.71,4
1190,36972,2024-08-21,Late Delivery,2195.02,5
1191,2938,2024-07-24,Late Delivery,3872.25,4
1192,45294,2024-01-16,Late Delivery,1786.99,2
1193,5663,2024-06-15,Damaged,2416.69,4
1194,26713,2024-10-23,Not as Expected,1756.0,2
1195,43183,2024-07-12,Late Delivery,3848.3,7
1196,21257,2024-06-04,Not as Expected,3253.04,7
1197,4508,2024-08-31,Not as Expected,784.65,9
1198,34468,2024-07-23,Damaged,3298.14,1
1199,19083,2024-10-17,Damaged,4711.06,8
1200,49846,2025-01-01,Wrong Product,2776.83,6
1201,11503,2024-11-23,Wrong Product,3073.9,2
1202,23698,2024-02-23,Damaged,7154.61,9
1203,43843,2024-10-16,Late Delivery,4520.68,6
1204,39769,2024-05-06,Wrong Product,279.74,1
1205,43718,2024-08-21,Damaged,330.8,1
1206,10317,2024-03-15,Late Delivery,4405.42,1
1207,39152,2024-10-04,Wrong Product,1048.39,5
1208,41720,2024-04-10,Late Delivery,4341.28,2
1209,23893,2024-08-04,Size Issue,1169.42,1
1210,38005,2024-07-11,Not as Expected,5708.62,9
1211,10562,2024-12-16,Wrong Product,2808.42,3
1212,17165,2024-06-05,Size Issue,5079.76,8
1213,7028,2024-05-14,Not as Expected,3859.4,5
1214,1317,2024-11-09,Not as Expected,1907.11,1
1215,43544,2024-05-14,Damaged,4360.95,6
1216,15248,2024-12-23,Late Delivery,307.92,5
1217,24474,2024-01-10,Size Issue,7154.54,7
1218,49592,2024-08-18,Size Issue,3321.99,8
1219,18824,2024-02-15,Late Delivery,5109.33,9
1220,18846,2024-05-29,Not as Expected,2779.1,7
1221,11682,2024-11-29,Damaged,1437.12,2
1222,49937,2024-04-17,Not as Expected,1694.81,7
1223,1333,2024-03-03,Late Delivery,5635.33,4
1224,41817,2024-12-07,Damaged,2439.07,6
1225,19226,2024-04-05,Late Delivery,5247.66,4
1226,48319,2024-12-31,Late Delivery,1635.02,7
1227,40696,2024-08-24,Damaged,5053.81,1
1228,29409,2024-07-21,Damaged,5236.19,7
1229,12413,2024-08-23,Wrong Product,2884.3,5
1230,15817,2024-05-26,Not as Expected,5289.3,4
1231,35011,2024-07-13,Damaged,2734.63,8
1232,45970,2024-07-15,Damaged,1310.02,8
1233,5093,2024-06-28,Size Issue,6387.8,6
1234,41140,2024-01-29,Not as Expected,3328.24,9
1235,46809,2024-08-27,Size Issue,2492.71,6
1236,12805,2024-09-30,Size Issue,5805.32,7
1237,10139,2024-07-10,Not as Expected,4750.23,2
1238,37992,2024-01-16,Late Delivery,764.23,8
1239,22563,2024-08-31,Wrong Product,6912.92,2
1240,15084,2024-12-09,Damaged,5816.79,2
1241,31060,2024-04-04,Wrong Product,4711.96,4
1242,14513,2024-11-18,Wrong Product,2906.15,8
1243,29456,2024-08-20,Wrong Product,3234.65,5
1244,27869,2024-04-22,Size Issue,1969.61,2
1245,48726,2024-10-06,Size Issue,1506.19,4
1246,13978,2024-06-10,Damaged,1977.27,3
1247,47025,2024-11-09,Damaged,2827.67,3
1248,44326,2024-09-03,Damaged,1827.1,5
1249,23588,2024-08-08,Not as Expected,873.59,2
1250,6969,2024-10-12,Late Delivery,3548.94,8
1251,353,2024-12-10,Damaged,6655.17,6
1252,45485,2024-02-23,Wrong Product,2976.18,3
1253,35533,2024-07-04,Not as Expected,6370.44,1
1254,29509,2024-03-29,Late Delivery,3508.8,1
1255,23448,2024-06-20,Wrong Product,2787.75,9
1256,17231,2024-01-18,Damaged,5645.42,6
1257,49940,2024-01-13,Late Delivery,4613.18,1
1258,30560,2024-12-02,Size Issue,5425.11,1
1259,37160,2024-12-21,Damaged,4935.34,3
1260,32913,2024-05-11,Damaged,2935.53,6
1261,7404,2024-07-04,Late Delivery,411.46,2
1262,42472,2024-12-30,Wrong Product,6913.41,5
1263,789,2024-06-28,Wrong Product,1458.38,2
1264,39266,2024-08-01,Late Delivery,1151.12,1
1265,12449,2024-12-07,Damaged,3734.29,2
1266,22075,2024-10-24,Wrong Product,1718.99,9
1267,49063,2024-12-02,Wrong Product,5704.95,8
1268,34101,2024-10-04,Size Issue,2035.14,9
1269,9970,2024-03-07,Late Delivery,2196.7,9
1270,19841,2024-03-07,Damaged,6470.44,2
1271,16434,2024-05-28,Late Delivery,4536.69,8
1272,13894,2024-11-12,Wrong Product,1908.24,4
1273,1927,2024-03-08,Late Delivery,3940.27,5
1274,14937,2024-03-18,Late Delivery,723.64,7
1275,29396,2024-11-18,Wrong Product,7977.66,1
1276,16132,2024-09-07,Damaged,4187.42,5
1277,38392,2024-10-03,Size Issue,7037.3,7
1278,10752,2024-09-18,Not as Expected,7688.91,1
1279,15081,2024-03-26,Late Delivery,5851.73,3
1280,19126,2024-09-14,Not as Expected,5271.93,1
1281,37365,2024-03-02,Late Delivery,6593.79,8
1282,38360,2024-12-06,Not as Expected,5528.17,1
1283,38573,2024-02-10,Late Delivery,5313.93,7
1284,16144,2024-12-27,Not as Expected,5836.1,3
1285,19808,2024-11-19,Not as Expected,3676.0,5
1286,17980,2024-11-14,Wrong Product,2154.98,6
1287,23743,2024-06-04,Wrong Product,5034.01,6
1288,25930,2024-11-14,Damaged,1294.59,3
1289,16804,2024-04-17,Damaged,3098.63,3
1290,5376,2024-06-27,Not as Expected,3591.36,8
1291,18075,2024-07-18,Size Issue,3114.32,8
1292,16181,2024-12-10,Not as Expected,1635.36,3
1293,35151,2024-07-15,Late Delivery,646.87,8
1294,21230,2024-04-22,Damaged,2317.15,6
1295,31300,2024-09-17,Late Delivery,4309.75,9
1296,756,2024-11-20,Not as Expected,5981.79,7
1297,32121,2024-08-27,Not as Expected,3571.63,5
1298,23682,2024-03-25,Size Issue,640.0,5
1299,22419,2024-06-05,Late Delivery,6776.53,2
1300,4162,2024-11-06,Size Issue,3906.07,4
1301,26235,2024-12-01,Wrong Product,3972.77,5
1302,17439,2024-02-22,Size Issue,5160.2,9
1303,35055,2024-07-11,Size Issue,7027.66,2
1304,47331,2024-03-20,Damaged,4422.05,3
1305,41527,2024-10-11,Wrong Product,654.5,3
1306,243,2024-04-03,Late Delivery,2183.31,1
1307,4961,2024-04-11,Late Delivery,2715.76,7
1308,32974,2024-07-10,Not as Expected,4795.36,5
1309,43213,2024-02-09,Not as Expected,440.81,6
1310,15897,2024-08-30,Damaged,802.79,7
1311,22685,2024-06-13,Damaged,7437.63,4
1312,14671,2024-05-25,Wrong Product,645.13,8
1313,5613,2024-11-30,Wrong Product,945.83,5
1314,27851,2024-04-23,Damaged,564.37,7
1315,12174,2024-10-01,Wrong Product,503.61,8
1316,19115,2024-07-30,Wrong Product,3749.32,8
1317,10546,2024-04-24,Late Delivery,4713.22,1
1318,47037,2024-02-05,Wrong Product,347.54,9
1319,32858,2024-03-05,Wrong Product,258.47,4
1320,46784,2024-01-23,Wrong Product,3420.14,1
1321,46172,2024-08-18,Size Issue,1034.44,7
1322,42365,2024-05-09,Wrong Product,6604.6,4
1323,6269,2024-01-21,Damaged,3006.59,4
1324,3445,2024-02-27,Size Issue,5247.03,8
1325,19414,2024-11-12,Damaged,3605.67,4
1326,42401,2024-02-25,Wrong Product,566.7,8
1327,42614,2024-08-31,Late Delivery,3723.71,1
1328,45915,2024-08-26,Late Delivery,516.07,4
1329,9645,2024-05-19,Not as Expected,5527.96,1
1330,35593,2024-03-29,Wrong Product,1764.2,9
1331,33097,2024-03-31,Not as Expected,7829.63,4
1332,6900,2024-06-21,Damaged,3000.27,5
1333,48292,2024-02-29,Not as Expected,7618.31,5
1334,26198,2024-12-16,Wrong Product,293.46,4
1335,40142,2024-02-15,Size Issue,1134.86,6
1336,2626,2024-12-09,Late Delivery,2909.97,8
1337,7935,2024-10-19,Not as Expected,507.0,1
1338,10487,2024-08-23,Size Issue,3462.9,3
1339,20367,2024-01-26,Not as Expected,4116.95,1
1340,31115,2024-05-25,Not as Expected,3691.74,2
1341,32895,2024-07-06,Not as Expected,5339.81,4
1342,2292,2024-04-07,Wrong Product,3316.57,2
1343,26052,2024-10-19,Not as Expected,1006.31,3
1344,1514,2024-04-08,Wrong Product,856.11,3
1345,47604,2024-03-01,Damaged,1080.86,1
1346,39663,2024-06-02,Wrong Product,665.0,7
1347,22054,2024-08-05,Late Delivery,1001.37,8
1348,39976,2024-05-10,Size Issue,3214.59,1
1349,12233,2024-10-11,Size Issue,5036.3,8
1350,21596,2024-09-20,Not as Expected,3204.82,2
1351,45434,2024-08-07,Size Issue,3956.26,5
1352,16175,2024-10-04,Damaged,5345.17,1
1353,41723,2024-08-13,Late Delivery,3730.76,4
1354,41702,2024-05-30,Size Issue,3829.28,7
1355,12899,2024-10-01,Late Delivery,6131.13,2
1356,30871,2024-06-28,Wrong Product,5697.83,3
1357,32729,2024-06-14,Wrong Product,2054.21,6
1358,7421,2024-12-26,Late Delivery,3900.79,7
1359,42141,2024-01-16,Not as Expected,2486.76,6
1360,37349,2024-11-03,Size Issue,1992.52,1
1361,9804,2024-02-04,Wrong Product,3100.76,9
1362,4671,2024-05-30,Size Issue,5548.12,9
1363,12938,2024-09-02,Damaged,3099.93,9
1364,27240,2024-08-18,Not as Expected,5419.26,3
1365,35015,2024-05-18,Wrong Product,5153.17,9
1366,19932,2024-08-28,Late Delivery,5217.72,8
1367,44646,2024-10-15,Damaged,4908.71,3
1368,21191,2024-12-14,Size Issue,8071.21,6
1369,7343,2024-06-01,Damaged,3117.5,7
1370,10707,2024-05-30,Wrong Product,1175.81,8
1371,13535,2024-12-14,Not as Expected,4618.05,8
1372,30565,2024-09-27,Late Delivery,1953.76,6
1373,5145,2024-08-18,Not as Expected,4639.14,2
1374,13579,2024-10-15,Wrong Product,5013.54,9
1375,10344,2024-08-27,Not as Expected,803.49,4
1376,15736,2024-08-02,Not as Expected,4654.51,3
1377,17513,2024-02-06,Size Issue,531.05,3
1378,8603,2024-04-13,Late Delivery,7168.17,8
1379,12867,2024-09-17,Damaged,5063.43,7
1380,27076,2024-03-03,Size Issue,3964.87,5
1381,44101,2024-10-02,Late Delivery,3703.64,6
1382,42949,2024-06-20,Size Issue,4847.56,1
1383,14341,2024-02-09,Not as Expected,2012.52,5
1384,36727,2024-01-25,Not as Expected,2312.12,4
1385,19036,2024-08-20,Size Issue,4386.49,4
1386,484,2024-05-14,Size Issue,2187.8,4
1387,5819,2024-08-13,Damaged,3410.7,3
1388,47458,2024-01-25,Not as Expected,1551.52,4
1389,25164,2024-11-15,Wrong Product,3471.67,4
1390,30761,2024-05-10,Not as Expected,4915.68,1
1391,16775,2024-11-17,Wrong Product,819.42,4
1392,43438,2024-06-02,Late Delivery,3653.58,9
1393,41949,2024-03-22,Not as Expected,1358.64,8
1394,11534,2024-01-27,Late Delivery,1685.07,2
1395,42296,2024-02-03,Not as Expected,4022.41,6
1396,43554,2024-08-14,Late Delivery,4092.92,6
1397,32634,2025-01-01,Late Delivery,7118.28,5
1398,26462,2024-06-24,Wrong Product,3676.08,6
1399,24372,2024-02-21,Damaged,612.75,5
1400,24010,2024-12-05,Wrong Product,1884.85,4
1401,10852,2024-10-04,Wrong Product,560.53,4
1402,10666,2024-05-02,Wrong Product,6135.31,7
1403,49717,2024-03-11,Wrong Product,5503.42,1
1404,28440,2024-02-12,Wrong Product,1266.58,7
1405,17894,2024-12-05,Damaged,3852.41,2
1406,32217,2024-01-18,Size Issue,2270.5,4
1407,30131,2024-03-16,Damaged,5461.44,4
1408,28567,2024-08-06,Size Issue,2166.86,3
1409,2335,2024-11-06,Size Issue,4979.83,9
1410,25722,2024-10-20,Size Issue,4623.05,1
1411,32111,2024-05-09,Late Delivery,905.28,9
1412,18535,2024-07-22,Late Delivery,2986.97,1
1413,37460,2024-04-09,Wrong Product,598.11,9
1414,19700,2024-06-04,Size Issue,2949.44,7
1415,14710,2024-11-13,Size Issue,7853.39,9
1416,43709,2024-01-30,Size Issue,1482.94,8
1417,42300,2024-11-08,Damaged,1902.88,7
1418,29497,2024-05-13,Late Delivery,1660.12,7
1419,29210,2024-05-17,Damaged,462.32,3
1420,32625,2024-03-06,Damaged,1447.63,9
1421,42776,2024-07-31,Size Issue,1814.46,2
1422,24368,2024-09-05,Damaged,1291.54,3
1423,18234,2024-08-20,Not as Expected,2016.02,5
1424,35427,2024-07-31,Damaged,2811.9,8
1425,36733,2024-02-20,Late Delivery,6534.51,6
1426,2090,2024-02-06,Late Delivery,1209.72,1
1427,42729,2024-06-21,Not as Expected,3988.83,3
1428,34461,2024-04-23,Wrong Product,2176.5,2
1429,2417,2025-01-01,Damaged,3918.29,7
1430,10508,2024-07-21,Size Issue,4235.4,6
1431,919,2024-08-14,Not as Expected,7557.24,4
1432,3045,2024-12-12,Late Delivery,1814.56,2
1433,31150,2024-07-12,Size Issue,6048.84,8
1434,10763,2024-10-08,Wrong Product,554.62,7
1435,4536,2024-05-07,Wrong Product,3258.93,9
1436,19039,2024-01-08,Damaged,1403.28,5
1437,10003,2024-09-22,Wrong Product,3798.72,8
1438,8204,2024-12-17,Size Issue,5128.6,3
1439,17491,2024-02-16,Wrong Product,1361.08,1
1440,46811,2024-12-15,Not as Expected,1820.65,3
1441,48442,2024-05-05,Not as Expected,3098.41,5
1442,5747,2024-08-06,Late Delivery,3614.35,3
1443,44871,2024-10-12,Not as Expected,4023.27,2
1444,23612,2024-06-18,Size Issue,5897.69,2
1445,42955,2024-12-24,Damaged,1336.96,9
1446,11565,2024-10-28,Size Issue,2200.82,4
1447,16146,2024-04-09,Wrong Product,2955.65,7
1448,44160,2024-11-21,Size Issue,3793.58,9
1449,14390,2024-03-07,Not as Expected,4967.36,7
1450,30114,2024-02-04,Damaged,3652.04,6
1451,45887,2024-07-20,Damaged,7074.6,5
1452,1529,2024-02-20,Late Delivery,6027.55,3
1453,26467,2024-08-25,Late Delivery,2453.54,3
1454,7552,2024-02-04,Size Issue,3077.71,6
1455,22474,2024-02-14,Not as Expected,5307.35,3
1456,21528,2024-01-20,Late Delivery,1553.65,7
1457,24445,2024-07-12,Size Issue,4594.67,4
1458,45111,2024-09-25,Not as Expected,461.7,9
1459,21466,2024-03-18,Size Issue,1729.58,9
1460,25340,2024-02-13,Damaged,5439.47,1
1461,42496,2024-07-06,Damaged,3367.54,3
1462,47449,2024-03-20,Not as Expected,1671.88,6
1463,9670,2024-02-04,Wrong Product,1962.4,9
1464,29934,2024-03-20,Late Delivery,1031.37,2
1465,35619,2024-08-30,Wrong Product,675.54,4
1466,16332,2024-04-27,Late Delivery,1889.27,3
1467,34972,2024-08-03,Not as Expected,5622.98,5
1468,29206,2024-02-09,Damaged,7589.2,8
1469,48079,2024-11-01,Size Issue,6853.74,6
1470,20400,2024-09-15,Not as Expected,4057.03,4
1471,14934,2024-06-13,Wrong Product,947.89,3
1472,46464,2024-02-06,Wrong Product,5755.15,7
1473,674,2024-07-17,Not as Expected,1212.48,1
1474,37330,2024-08-19,Late Delivery,5785.19,7
1475,16607,2024-07-22,Wrong Product,4509.09,5
1476,44263,2024-11-17,Not as Expected,2759.23,5
1477,17317,2024-05-15,Size Issue,1786.3,2
1478,3514,2024-04-21,Size Issue,4318.8,3
1479,24298,2024-10-02,Size Issue,3438.09,4
1480,23386,2024-03-22,Size Issue,1826.04,3
1481,5315,2024-06-05,Not as Expected,3053.65,3
1482,931,2024-08-11,Size Issue,5698.41,9
1483,43312,2024-06-09,Wrong Product,3783.79,1
1484,44846,2024-09-04,Late Delivery,7205.24,4
1485,12652,2024-04-22,Size Issue,3661.8,4
1486,22929,2024-07-26,Not as Expected,6655.53,8
1487,9730,2024-02-18,Wrong Product,4697.66,6
1488,37016,2024-03-01,Wrong Product,7624.05,3
1489,7488,2024-08-30,Not as Expected,2980.75,1
1490,47174,2024-11-18,Size Issue,3610.97,9
1491,46495,2025-01-03,Damaged,1052.71,3
1492,19310,2024-12-27,Wrong Product,2085.82,8
1493,9805,2024-04-08,Wrong Product,3477.1,5
1494,39472,2024-09-20,Wrong Product,501.27,2
1495,16236,2024-07-13,Wrong Product,5282.15,7
1496,31039,2024-04-02,Not as Expected,8162.07,3
1497,15421,2024-02-20,Not as Expected,4274.18,1
1498,30530,2024-06-17,Wrong Product,2565.51,2
1499,14144,2024-07-30,Late Delivery,750.77,9
1500,47882,2024-03-09,Wrong Product,4725.58,2
1501,24564,2024-05-19,Damaged,1869.45,1
1502,13069,2024-12-09,Size Issue,4756.96,6
1503,47479,2024-08-14,Damaged,960.98,9
1504,35179,2024-04-09,Damaged,530.8,2
1505,29187,2024-11-04,Late Delivery,1977.49,1
1506,39261,2024-02-18,Damaged,3340.62,6
1507,43493,2024-08-05,Size Issue,3393.49,7
1508,26448,2024-07-16,Damaged,2066.28,9
1509,45996,2024-10-22,Not as Expected,2572.95,1
1510,5147,2024-03-22,Damaged,1346.5,2
1511,2864,2024-07-11,Late Delivery,4733.84,4
1512,9295,2024-03-06,Wrong Product,2687.16,3
1513,20168,2024-06-25,Wrong Product,1455.69,1
1514,37855,2024-06-15,Wrong Product,1113.55,5
1515,28113,2024-06-13,Damaged,778.18,1
1516,2213,2024-03-15,Late Delivery,7894.85,8
1517,30493,2024-03-29,Wrong Product,5862.83,6
1518,49000,2024-08-12,Not as Expected,2856.01,8
1519,35834,2024-02-21,Not as Expected,1977.91,2
1520,33071,2024-11-28,Size Issue,5111.48,4
1521,17031,2024-08-31,Wrong Product,2676.52,2
1522,37656,2024-04-23,Late Delivery,3126.34,9
1523,34440,2024-01-26,Not as Expected,5410.03,7
1524,8979,2024-05-25,Damaged,887.85,4
1525,33619,2024-03-29,Size Issue,572.57,2
1526,16918,2024-08-22,Wrong Product,4881.49,7
1527,17004,2024-03-09,Size Issue,4844.31,4
1528,16011,2024-05-17,Damaged,3841.04,2
1529,29600,2024-06-30,Size Issue,3952.22,8
1530,17945,2024-09-23,Wrong Product,754.72,3
1531,36226,2024-07-10,Size Issue,3396.55,4
1532,5887,2024-03-07,Damaged,4664.36,6
1533,6100,2024-02-28,Wrong Product,4510.67,3
1534,34856,2024-02-26,Size Issue,3237.69,1
1535,26210,2024-12-03,Not as Expected,4184.09,5
1536,32765,2024-08-16,Late Delivery,4604.73,4
1537,17825,2024-12-27,Damaged,3827.2,6
1538,14128,2024-12-30,Late Delivery,8512.84,8
1539,24793,2024-03-19,Not as Expected,7880.99,3
1540,195,2024-12-03,Damaged,6772.7,2
1541,24001,2024-02-08,Not as Expected,1943.98,9
1542,1145,2024-10-17,Late Delivery,4661.72,9
1543,35932,2024-12-13,Wrong Product,2215.27,4
1544,14421,2024-07-23,Damaged,2595.25,1
1545,8407,2025-01-06,Not as Expected,2464.04,3
1546,22596,2024-06-16,Damaged,4272.54,2
1547,30527,2024-12-23,Late Delivery,457.06,3
1548,8049,2024-08-01,Not as Expected,2287.86,3
1549,21531,2024-09-19,Size Issue,6987.49,9
1550,29573,2024-01-26,Size Issue,669.24,3
1551,27306,2024-10-12,Damaged,3792.7,6
1552,12200,2024-03-12,Not as Expected,5011.67,2
1553,19523,2024-07-06,Damaged,442.47,6
1554,40801,2024-06-24,Wrong Product,5312.75,6
1555,35988,2024-08-10,Not as Expected,1176.23,4
1556,6447,2024-08-03,Late Delivery,3099.83,7
1557,44088,2024-09-16,Wrong Product,4547.56,9
1558,4547,2024-04-22,Size Issue,5983.09,8
1559,39511,2024-01-14,Size Issue,6866.73,6
1560,6787,2024-10-25,Size Issue,4228.01,4
1561,15445,2024-04-10,Size Issue,926.0,9
1562,17654,2024-07-17,Not as Expected,1693.18,7
1563,19177,2024-02-10,Late Delivery,3782.94,8
1564,30156,2024-12-13,Wrong Product,4856.22,4
1565,12165,2024-09-12,Size Issue,6052.42,7
1566,32031,2024-07-30,Late Delivery,4348.48,8
1567,27344,2024-06-19,Late Delivery,3871.14,5
1568,16248,2024-04-19,Wrong Product,2690.37,2
1569,29754,2024-06-04,Late Delivery,4469.13,3
1570,23180,2024-08-11,Damaged,5463.4,7
1571,24557,2024-09-14,Wrong Product,4147.32,6
1572,43414,2024-08-07,Size Issue,1625.22,8
1573,26148,2024-08-14,Wrong Product,2485.01,9
1574,48023,2024-04-21,Damaged,4427.25,7
1575,7536,2024-10-16,Late Delivery,2315.57,4
1576,37120,2024-05-06,Size Issue,5524.24,1
1577,12391,2024-04-13,Damaged,1690.07,7
1578,1424,2024-05-25,Wrong Product,5268.83,4
1579,40350,2024-04-19,Size Issue,2545.58,3
1580,28523,2024-12-01,Not as Expected,4899.08,8
1581,23184,2024-06-22,Not as Expected,2607.41,1
1582,2041,2024-04-17,Not as Expected,3070.66,7
1583,19531,2024-06-19,Size Issue,3849.44,3
1584,31152,2024-08-21,Damaged,5369.15,9
1585,10026,2024-11-17,Wrong Product,3407.9,2
1586,7653,2024-11-06,Damaged,783.55,1
1587,19608,2024-03-20,Damaged,674.45,4
1588,9875,2024-05-07,Size Issue,7485.81,1
1589,16749,2024-03-19,Late Delivery,2617.74,6
1590,44547,2024-03-01,Damaged,7058.24,9
1591,27548,2024-08-19,Not as Expected,5174.71,3
1592,22484,2024-10-09,Not as Expected,6996.37,8
1593,25614,2024-08-10,Not as Expected,5193.82,5
1594,18798,2024-12-08,Wrong Product,7989.42,6
1595,33332,2024-08-22,Not as Expected,4164.39,4
1596,32719,2024-10-16,Late Delivery,2097.83,2
1597,6600,2024-09-28,Late Delivery,6617.35,2
1598,40525,2024-12-23,Damaged,5728.62,4
1599,26928,2024-05-09,Wrong Product,4973.45,4
1600,33434,2024-07-01,Not as Expected,903.73,3
1601,24200,2024-08-22,Not as Expected,2234.0,6
1602,11443,2024-05-28,Size Issue,5378.49,6
1603,19450,2024-09-19,Not as Expected,5056.92,3
1604,30029,2024-02-08,Size Issue,3619.18,3
1605,36996,2024-10-30,Damaged,905.1,6
1606,23531,2024-02-11,Wrong Product,6039.35,5
1607,45648,2024-10-15,Damaged,3991.67,9
1608,29006,2024-10-15,Damaged,6373.24,9
1609,32100,2024-06-01,Late Delivery,4882.94,7
1610,10631,2024-05-31,Damaged,993.03,9
1611,19088,2024-07-11,Size Issue,6769.52,8
1612,20793,2024-02-24,Size Issue,2286.78,9
1613,22066,2024-12-09,Wrong Product,1309.2,1
1614,31909,2024-02-10,Not as Expected,3328.0,4
1615,16247,2024-03-03,Damaged,2424.92,6
1616,45805,2024-09-16,Wrong Product,5700.2,6
1617,33502,2024-09-07,Not as Expected,2311.67,9
1618,19174,2024-01-27,Damaged,4964.81,2
1619,13045,2024-07-24,Size Issue,2812.31,8
1620,18626,2024-03-13,Wrong Product,3590.52,7
1621,33807,2024-07-24,Wrong Product,3509.17,7
1622,39605,2024-07-11,Size Issue,4931.24,9
1623,27458,2024-04-03,Size Issue,5582.5,6
1624,46446,2024-12-18,Damaged,3463.44,9
1625,9446,2025-01-05,Not as Expected,5862.64,6
1626,1079,2024-12-29,Not as Expected,2738.64,2
1627,48818,2024-09-17,Damaged,6448.62,3
1628,26574,2024-04-16,Wrong Product,7055.49,1
1629,15594,2024-10-29,Wrong Product,3456.86,8
1630,33308,2024-09-03,Not as Expected,1214.24,2
1631,21341,2024-10-11,Late Delivery,2166.97,1
1632,42761,2024-08-04,Late Delivery,948.88,4
1633,44759,2024-08-12,Late Delivery,1772.42,6
1634,23312,2024-09-11,Size Issue,4390.47,7
1635,31400,2024-04-29,Not as Expected,2540.49,9
1636,43081,2024-09-02,Wrong Product,5682.42,3
1637,12633,2024-05-21,Wrong Product,5754.17,6
1638,4708,2024-12-25,Late Delivery,882.09,6
1639,1380,2024-05-15,Wrong Product,4763.58,7
1640,38510,2024-03-29,Wrong Product,2299.59,5
1641,40176,2024-10-28,Damaged,6370.07,4
1642,35875,2024-11-22,Size Issue,5638.9,9
1643,32095,2024-01-12,Wrong Product,4182.78,7
1644,29909,2024-12-25,Late Delivery,4615.57,9
1645,19146,2024-12-09,Not as Expected,4661.84,8
1646,36150,2024-10-28,Not as Expected,490.1,5
1647,38721,2024-12-10,Size Issue,3197.78,7
1648,40276,2024-12-05,Wrong Product,1162.11,9
1649,46816,2024-11-26,Late Delivery,577.0,3
1650,11124,2024-11-17,Damaged,3442.0,7
1651,6572,2024-01-24,Wrong Product,3841.69,3
1652,47336,2024-11-07,Wrong Product,4131.64,7
1653,21900,2024-03-06,Damaged,4670.34,7
1654,11775,2024-07-05,Late Delivery,2071.31,1
1655,29266,2024-07-28,Not as Expected,6715.58,2
1656,42744,2024-12-16,Size Issue,3312.55,6
1657,42251,2024-03-15,Damaged,515.45,2
1658,1074,2025-01-09,Damaged,4574.43,8
1659,13022,2024-11-27,Late Delivery,7479.98,2
1660,33601,2024-02-14,Late Delivery,1450.93,4
1661,14529,2024-09-08,Size Issue,2986.6,9
1662,23943,2024-04-18,Not as Expected,5696.52,4
1663,36451,2024-02-10,Not as Expected,7777.45,9
1664,37046,2025-01-08,Wrong Product,5895.98,2
1665,41777,2024-07-19,Not as Expected,6767.32,7
1666,21672,2024-08-08,Damaged,2395.51,2
1667,5,2024-04-11,Size Issue,3822.49,4
1668,31560,2024-11-01,Damaged,727.55,3
1669,16020,2024-06-09,Damaged,1719.1,6
1670,12035,2024-08-07,Wrong Product,3539.75,4
1671,43040,2024-01-18,Not as Expected,5189.54,3
1672,822,2024-05-15,Not as Expected,4207.9,6
1673,17418,2024-11-19,Not as Expected,3868.28,7
1674,39444,2024-07-20,Size Issue,4777.9,5
1675,17916,2024-12-02,Wrong Product,5126.73,6
1676,18495,2024-02-12,Late Delivery,1041.98,1
1677,46229,2024-07-03,Damaged,2381.36,4
1678,45716,2024-07-22,Late Delivery,1205.59,9
1679,40773,2024-10-06,Damaged,672.91,5
1680,8281,2024-09-04,Damaged,2364.93,6
1681,2983,2024-02-06,Not as Expected,726.61,6
1682,38250,2024-09-30,Not as Expected,2050.03,2
1683,14835,2024-06-08,Wrong Product,437.88,6
1684,9134,2024-03-29,Late Delivery,1282.74,6
1685,16223,2024-02-28,Size Issue,2414.61,3
1686,40779,2024-03-12,Damaged,3542.86,1
1687,10279,2024-03-13,Size Issue,1721.51,5
1688,23565,2024-02-17,Not as Expected,4979.3,1
1689,12121,2024-03-24,Size Issue,2824.85,7
1690,27819,2024-10-02,Damaged,5082.06,7
1691,31876,2024-08-31,Not as Expected,5064.26,3
1692,37407,2024-02-03,Not as Expected,2032.19,6
1693,1106,2024-12-26,Not as Expected,2492.92,1
1694,26032,2024-06-09,Size Issue,4477.54,7
1695,41620,2024-04-25,Not as Expected,3719.61,5
1696,45428,2024-06-08,Size Issue,6225.93,4
1697,25450,2024-01-13,Wrong Product,876.85,3
1698,2918,2024-11-07,Damaged,4808.83,1
1699,32046,2024-04-23,Not as Expected,976.4,7
1700,37517,2024-03-04,Size Issue,6144.28,2
1701,36340,2024-02-05,Damaged,3083.59,4
1702,16595,2024-04-18,Wrong Product,2763.8,2
1703,22520,2024-05-24,Late Delivery,5705.56,6
1704,16257,2024-08-17,Late Delivery,907.31,1
1705,46872,2024-11-05,Not as Expected,1084.89,4
1706,4594,2024-03-27,Damaged,4319.12,1
1707,40494,2024-12-31,Late Delivery,277.51,6
1708,33789,2024-11-14,Damaged,2726.65,5
1709,36439,2024-08-16,Late Delivery,3036.29,7
1710,9093,2025-01-05,Damaged,4232.99,4
1711,603,2024-08-27,Damaged,784.03,6
1712,2217,2024-12-27,Late Delivery,6439.61,2
1713,30645,2024-04-11,Wrong Product,5981.7,8
1714,28225,2024-03-01,Not as Expected,611.75,4
1715,594,2024-04-01,Size Issue,4455.38,3
1716,35675,2024-03-01,Size Issue,327.18,2
1717,42617,2024-10-16,Not as Expected,4882.27,2
1718,27242,2024-12-18,Damaged,996.06,3
1719,41399,2024-03-12,Size Issue,717.86,6
1720,28162,2024-03-05,Size Issue,540.74,6
1721,17989,2024-07-27,Wrong Product,597.74,1
1722,40168,2024-03-02,Not as Expected,471.85,1
1723,19746,2024-12-25,Late Delivery,1519.23,8
1724,7490,2024-01-28,Size Issue,1380.92,1
1725,15318,2024-08-16,Size Issue,2394.1,7
1726,48255,2024-06-26,Not as Expected,4270.28,3
1727,37257,2024-06-20,Not as Expected,4208.07,6
1728,9311,2024-06-20,Late Delivery,4630.86,8
1729,37859,2024-06-16,Late Delivery,7005.37,3
1730,12473,2024-07-22,Not as Expected,5252.87,9
1731,12782,2024-11-23,Wrong Product,6128.45,3
1732,18941,2025-01-12,Size Issue,2727.76,7
1733,49457,2024-10-28,Not as Expected,1425.91,5
1734,1964,2024-12-24,Wrong Product,955.93,8
1735,33130,2024-11-19,Damaged,6054.92,9
1736,24862,2024-07-15,Not as Expected,593.03,7
1737,34005,2024-11-18,Damaged,602.34,2
1738,15493,2024-03-24,Damaged,3434.15,6
1739,8848,2024-05-27,Not as Expected,5367.82,5
1740,40005,2024-08-16,Wrong Product,1820.29,1
1741,13764,2024-12-01,Not as Expected,5754.26,3
1742,8664,2024-07-30,Damaged,1074.32,2
1743,34453,2024-12-29,Not as Expected,931.39,8
1744,21454,2024-05-05,Late Delivery,4102.47,7
1745,21872,2024-02-06,Not as Expected,1847.89,5
1746,27854,2024-08-24,Late Delivery,2679.7,6
1747,12096,2024-08-28,Damaged,4351.79,9
1748,11398,2024-02-20,Damaged,5785.68,5
1749,30369,2024-10-04,Wrong Product,1625.46,2
1750,37652,2024-08-26,Not as Expected,4034.3,8
1751,41863,2024-01-19,Size Issue,1306.81,8
1752,47551,2024-06-06,Not as Expected,5563.56,6
1753,22101,2024-06-20,Wrong Product,4233.76,8
1754,11461,2024-05-21,Wrong Product,1064.16,4
1755,34573,2024-09-08,Wrong Product,4961.93,1
1756,837,2024-09-24,Not as Expected,3290.34,5
1757,9649,2024-05-03,Wrong Product,4537.82,1
1758,18591,2024-07-27,Late Delivery,6658.4,9
1759,8648,2024-02-13,Size Issue,826.5,4
1760,34033,2024-08-29,Wrong Product,1378.23,5
1761,44288,2024-11-18,Damaged,2493.05,7
1762,1251,2024-11-16,Damaged,1687.79,5
1763,33007,2024-04-21,Late Delivery,4136.61,9
1764,46380,2024-08-10,Damaged,5713.57,9
1765,48596,2025-01-07,Late Delivery,7342.42,1
1766,47946,2024-12-31,Damaged,696.49,4
1767,391,2024-01-20,Size Issue,3464.24,6
1768,5336,2024-01-24,Size Issue,445.44,8
1769,33354,2024-05-22,Late Delivery,3518.21,7
1770,24339,2024-10-17,Late Delivery,1238.42,8
1771,15241,2024-07-29,Damaged,7129.87,6
1772,19668,2024-01-28,Not as Expected,5940.7,3
1773,40750,2024-08-31,Not as Expected,5766.25,7
1774,9367,2024-12-10,Damaged,5288.97,9
1775,31342,2024-02-15,Not as Expected,3351.65,7
1776,27329,2024-01-19,Not as Expected,2514.41,9
1777,43588,2024-01-15,Not as Expected,3823.3,4
1778,42089,2024-05-15,Size Issue,538.75,5
1779,19098,2025-01-08,Wrong Product,665.66,7
1780,26035,2024-09-20,Wrong Product,1220.62,2
1781,6546,2024-03-28,Damaged,4236.09,7
1782,35108,2024-04-28,Size Issue,1549.22,9
1783,1311,2024-10-03,Wrong Product,295.56,7
1784,30877,2024-04-16,Damaged,6272.42,7
1785,4074,2024-03-26,Late Delivery,1991.58,5
1786,12244,2024-12-10,Wrong Product,2585.07,8
1787,29457,2024-08-20,Late Delivery,3126.99,4
1788,32458,2024-02-07,Late Delivery,1604.01,6
1789,26412,2024-06-23,Damaged,4166.27,7
1790,29094,2024-06-04,Size Issue,6506.0,6
1791,1200,2024-10-08,Late Delivery,3714.34,4
1792,19738,2024-11-26,Not as Expected,1277.17,2
1793,24567,2024-10-31,Size Issue,5033.6,1
1794,5567,2024-09-08,Damaged,7798.06,7
1795,5621,2024-04-20,Size Issue,5270.06,9
1796,23032,2024-05-13,Wrong Product,992.2,9
1797,12859,2024-05-29,Not as Expected,1364.37,7
1798,2133,2024-07-30,Late Delivery,381.02,5
1799,6430,2024-05-11,Not as Expected,1927.85,2
1800,17320,2024-09-28,Size Issue,6255.85,9
1801,4082,2024-04-12,Late Delivery,5101.58,7
1802,21049,2024-05-17,Damaged,6128.19,5
1803,14050,2024-08-06,Late Delivery,4348.6,7
1804,22545,2024-07-20,Late Delivery,1563.22,9
1805,20754,2024-11-15,Wrong Product,4134.51,6
1806,4423,2024-04-26,Wrong Product,5789.24,6
1807,29991,2025-01-04,Late Delivery,3022.98,8
1808,45570,2024-06-25,Wrong Product,4551.82,8
1809,25584,2024-04-22,Late Delivery,3130.76,8
1810,38980,2024-03-06,Late Delivery,7492.91,9
1811,15943,2024-08-03,Size Issue,2959.04,3
1812,1121,2024-03-19,Damaged,3304.05,6
1813,16851,2024-05-27,Late Delivery,6058.15,1
1814,43601,2024-06-25,Size Issue,2117.47,8
1815,34415,2024-10-27,Wrong Product,1853.37,8
1816,37725,2024-09-08,Not as Expected,3109.51,9
1817,6356,2024-07-16,Not as Expected,2894.39,6
1818,9496,2024-02-08,Wrong Product,1641.52,4
1819,6199,2024-05-30,Not as Expected,6074.02,3
1820,23798,2024-12-12,Damaged,3257.71,2
1821,20770,2024-09-19,Size Issue,7305.09,2
1822,4337,2024-03-15,Damaged,937.3,4
1823,924,2024-03-10,Late Delivery,5462.86,3
1824,28636,2024-01-14,Not as Expected,6316.05,1
1825,9848,2024-12-22,Wrong Product,901.3,3
1826,21146,2024-09-15,Wrong Product,399.47,9
1827,44984,2024-07-01,Damaged,3098.26,3
1828,49274,2024-02-26,Not as Expected,4625.1,6
1829,35556,2024-08-22,Size Issue,1586.86,4
1830,49071,2024-09-13,Wrong Product,6705.41,2
1831,39427,2024-09-14,Not as Expected,5195.64,4
1832,37573,2024-05-24,Size Issue,2947.39,3
1833,21375,2024-10-15,Not as Expected,6923.97,8
1834,39039,2024-10-18,Damaged,3566.94,7
1835,36103,2024-02-18,Size Issue,5386.01,7
1836,20574,2024-02-02,Size Issue,3109.91,5
1837,1036,2024-05-04,Damaged,1463.79,7
1838,48386,2024-06-19,Not as Expected,1375.57,5
1839,18124,2024-10-14,Size Issue,7954.07,3
1840,39507,2024-12-28,Late Delivery,2346.12,3
1841,48527,2024-09-15,Late Delivery,4194.95,8
1842,5737,2024-07-13,Size Issue,3966.39,4
1843,35889,2024-03-06,Wrong Product,7570.67,1
1844,3180,2024-04-13,Size Issue,4607.77,2
1845,1360,2024-06-25,Damaged,2920.56,4
1846,23522,2024-10-22,Wrong Product,6292.47,4
1847,34006,2024-08-24,Not as Expected,3347.04,9
1848,3331,2024-03-04,Late Delivery,2585.69,5
1849,3810,2024-09-06,Damaged,4145.43,4
1850,1435,2024-02-21,Size Issue,6719.63,7
1851,9900,2024-04-14,Size Issue,3677.87,8
1852,4463,2024-02-13,Damaged,2328.89,4
1853,19866,2024-02-17,Size Issue,5361.09,2
1854,26205,2024-03-07,Wrong Product,2556.61,9
1855,42113,2024-08-25,Damaged,4726.96,3
1856,12123,2024-10-30,Not as Expected,1451.77,4
1857,6554,2024-10-08,Late Delivery,4642.17,8
1858,39921,2024-11-28,Damaged,4007.54,7
1859,4313,2024-04-18,Wrong Product,3046.55,3
1860,46988,2024-12-13,Damaged,6423.0,6
1861,21064,2024-01-26,Late Delivery,6351.67,9
1862,40381,2024-09-10,Wrong Product,5200.23,8
1863,9979,2024-03-27,Damaged,754.68,5
1864,43044,2024-10-11,Damaged,540.85,5
1865,21336,2024-12-02,Late Delivery,5937.15,8
1866,49521,2024-05-25,Wrong Product,3333.67,8
1867,12224,2024-08-16,Late Delivery,693.02,5
1868,21522,2024-04-12,Damaged,3591.68,1
1869,18217,2024-01-23,Late Delivery,4288.78,1
1870,40655,2024-10-03,Late Delivery,299.76,5
1871,14960,2024-02-13,Late Delivery,4403.87,4
1872,20558,2024-05-14,Damaged,687.65,7
1873,13292,2024-07-07,Size Issue,6857.97,3
1874,8815,2024-10-22,Late Delivery,4816.96,7
1875,12595,2024-04-11,Size Issue,3117.2,4
1876,46126,2024-10-12,Size Issue,5458.47,7
1877,38842,2024-04-18,Damaged,8127.8,2
1878,45747,2024-01-19,Not as Expected,2982.89,9
1879,16860,2024-04-09,Not as Expected,4560.38,1
1880,42927,2024-08-25,Damaged,2955.14,8
1881,156,2024-02-25,Size Issue,1689.23,6
1882,42358,2024-07-13,Wrong Product,5925.58,6
1883,36927,2024-03-16,Not as Expected,1064.99,7
1884,4789,2024-11-04,Damaged,4566.46,8
1885,7048,2024-06-17,Wrong Product,608.1,3
1886,18694,2024-04-11,Not as Expected,2801.56,7
1887,20071,2024-10-29,Not as Expected,4284.9,9
1888,31142,2024-02-06,Damaged,2066.78,3
1889,9577,2024-10-30,Late Delivery,606.94,5
1890,15053,2024-02-29,Size Issue,6144.16,2
1891,35894,2024-01-26,Size Issue,5687.11,1
1892,27097,2024-08-15,Size Issue,2004.7,8
1893,10292,2024-12-11,Wrong Product,5877.08,4
1894,8981,2024-05-10,Late Delivery,5537.91,8
1895,45488,2024-12-25,Late Delivery,3302.26,9
1896,28821,2024-03-16,Late Delivery,5257.28,1
1897,31934,2024-06-27,Damaged,2775.69,3
1898,48135,2024-03-08,Damaged,5433.2,3
1899,36518,2025-01-04,Wrong Product,472.65,6
1900,5896,2024-12-31,Not as Expected,3965.15,2
1901,12131,2024-08-15,Late Delivery,4065.43,9
1902,46336,2025-01-08,Not as Expected,4403.42,6
1903,21757,2024-01-21,Wrong Product,5146.77,1
1904,11646,2024-10-15,Size Issue,5871.81,5
1905,45141,2024-07-18,Damaged,3715.05,7
1906,15607,2024-02-25,Wrong Product,2206.57,7
1907,27003,2024-02-06,Wrong Product,5544.33,3
1908,14266,2024-05-22,Size Issue,3187.14,9
1909,19744,2024-09-18,Not as Expected,3045.25,4
1910,7855,2024-07-05,Not as Expected,6663.24,4
1911,42551,2024-09-27,Wrong Product,308.71,1
1912,42283,2024-07-24,Not as Expected,3955.24,1
1913,3523,2024-04-24,Not as Expected,4262.93,6
1914,39534,2024-07-15,Late Delivery,4323.13,4
1915,40020,2024-08-11,Wrong Product,5317.75,2
1916,27379,2024-10-23,Late Delivery,3112.61,3
1917,47097,2024-01-21,Damaged,6887.38,6
1918,18642,2024-10-09,Not as Expected,2247.38,6
1919,25928,2024-10-09,Wrong Product,2298.33,6
1920,29110,2024-01-17,Late Delivery,2259.02,5
1921,25848,2024-03-12,Late Delivery,4772.21,4
1922,6905,2024-10-04,Damaged,5284.49,6
1923,8905,2024-02-19,Damaged,6483.89,1
1924,741,2024-07-22,Not as Expected,3873.0,2
1925,33809,2024-06-03,Wrong Product,1804.53,5
1926,32724,2024-03-07,Late Delivery,963.78,8
1927,49517,2024-02-04,Damaged,2838.11,3
1928,14761,2024-02-05,Size Issue,6120.15,2
1929,6548,2024-01-14,Not as Expected,7211.09,9
1930,36191,2024-10-22,Damaged,2302.31,1
1931,33526,2024-01-22,Not as Expected,6060.79,9
1932,18315,2024-01-26,Not as Expected,3932.72,6
1933,39111,2024-04-01,Late Delivery,1538.97,6
1934,43471,2024-11-21,Wrong Product,3384.77,2
1935,2762,2024-08-30,Size Issue,4066.59,4
1936,18762,2024-12-29,Not as Expected,490.03,5
1937,23842,2024-10-06,Size Issue,6696.84,6
1938,1356,2024-10-13,Size Issue,491.75,5
1939,33515,2024-07-23,Wrong Product,557.22,5
1940,12067,2024-04-07,Size Issue,4523.94,1
1941,48873,2024-02-12,Size Issue,8270.79,9
1942,23153,2024-05-02,Not as Expected,6248.06,8
1943,7089,2024-07-08,Wrong Product,4579.97,8
1944,16840,2024-04-03,Not as Expected,496.8,4
1945,40133,2024-09-02,Wrong Product,1172.49,7
1946,34610,2024-08-06,Late Delivery,6678.45,3
1947,21223,2024-11-13,Not as Expected,4384.02,5
1948,40242,2024-12-25,Late Delivery,836.18,8
1949,47381,2025-01-08,Wrong Product,3267.26,9
1950,46309,2024-06-24,Wrong Product,1704.57,2
1951,82,2024-09-19,Not as Expected,5931.66,3
1952,45731,2024-03-03,Size Issue,3803.59,5
1953,3107,2024-04-11,Size Issue,5116.32,7
1954,27894,2024-05-30,Wrong Product,3943.7,8
1955,17238,2024-02-12,Not as Expected,3518.63,7
1956,40741,2024-06-21,Not as Expected,1910.79,3
1957,17760,2024-06-04,Late Delivery,5330.03,7
1958,43858,2024-03-06,Size Issue,4254.34,5
1959,13836,2024-06-29,Late Delivery,3803.77,5
1960,49986,2024-02-24,Not as Expected,6841.72,6
1961,34749,2024-11-01,Size Issue,468.06,6
1962,22972,2025-01-02,Not as Expected,6372.5,6
1963,49464,2024-05-24,Late Delivery,5760.25,2
1964,7040,2024-12-20,Wrong Product,2415.15,2
1965,129,2024-06-03,Damaged,3234.27,7
1966,47953,2024-02-16,Late Delivery,8084.11,8
1967,41368,2024-04-10,Wrong Product,2009.08,1
1968,17965,2024-12-24,Damaged,4079.34,6
1969,29842,2024-06-21,Size Issue,1781.25,8
1970,1242,2024-09-13,Wrong Product,7826.65,5
1971,18369,2024-10-16,Wrong Product,947.87,7
1972,26208,2024-10-29,Late Delivery,1148.7,7
1973,14516,2024-08-29,Damaged,4830.94,9
1974,44987,2024-04-21,Not as Expected,7004.57,2
1975,27176,2025-01-06,Wrong Product,3651.77,8
1976,2216,2024-08-17,Size Issue,577.83,8
1977,24378,2024-12-22,Wrong Product,4397.07,7
1978,4910,2025-01-01,Damaged,7575.1,5
1979,33337,2024-03-19,Wrong Product,2474.15,2
1980,7860,2024-04-10,Wrong Product,8001.27,4
1981,40733,2024-03-14,Damaged,867.28,4
1982,17773,2024-05-14,Size Issue,7547.17,2
1983,40969,2024-04-02,Wrong Product,3070.88,7
1984,11825,2024-09-30,Size Issue,806.18,1
1985,13519,2024-03-21,Size Issue,1340.96,4
1986,4206,2025-01-07,Wrong Product,2584.37,7
1987,9468,2024-07-10,Not as Expected,854.54,3
1988,13383,2024-02-02,Damaged,396.67,1
1989,42850,2024-10-27,Not as Expected,3521.82,8
1990,18792,2024-09-14,Late Delivery,6482.35,8
1991,350,2024-04-01,Size Issue,3763.32,7
1992,45899,2024-04-29,Size Issue,5699.95,4
1993,27098,2024-09-06,Damaged,505.26,6
1994,33829,2024-05-24,Late Delivery,3088.7,1
1995,42827,2024-01-20,Size Issue,3280.4,2
1996,11629,2024-12-01,Damaged,4410.64,1
1997,5092,2024-05-12,Size Issue,3480.46,5
1998,23410,2024-05-12,Damaged,2343.84,3
1999,40923,2024-03-25,Wrong Product,994.21,6
2000,43900,2024-06-29,Late Delivery,2010.64,2
2001,18107,2024-01-12,Size Issue,1085.2,5
2002,2264,2024-03-19,Late Delivery,4167.81,4
2003,5243,2024-10-20,Late Delivery,976.51,1
2004,43581,2024-02-03,Wrong Product,3436.04,9
2005,7907,2024-12-15,Not as Expected,6148.65,3
2006,30785,2024-05-15,Not as Expected,2295.72,1
2007,39923,2024-02-23,Late Delivery,2491.12,7
2008,40941,2024-09-26,Damaged,1063.22,6
2009,37742,2024-03-19,Damaged,4199.14,4
2010,25251,2024-12-22,Not as Expected,4597.33,9
2011,794,2024-08-07,Size Issue,2851.48,2
2012,8478,2024-08-18,Size Issue,4640.42,4
2013,5770,2024-04-25,Wrong Product,1446.97,2
2014,10850,2024-02-05,Wrong Product,5080.8,2
2015,13813,2024-06-24,Size Issue,2802.0,8
2016,28376,2024-01-19,Late Delivery,4408.53,8
2017,34707,2024-03-02,Wrong Product,6425.03,9
2018,8305,2024-09-13,Damaged,889.35,7
2019,10095,2024-08-18,Size Issue,3420.81,5
2020,49088,2024-05-14,Size Issue,5629.92,6
2021,45414,2024-08-21,Damaged,4421.03,7
2022,262,2024-08-15,Size Issue,5384.89,9
2023,8708,2024-01-14,Late Delivery,901.91,9
2024,48716,2024-07-07,Damaged,540.96,9
2025,10134,2024-11-04,Late Delivery,6601.67,7
2026,23469,2024-11-16,Late Delivery,1082.41,6
2027,6736,2024-02-04,Size Issue,723.89,5
2028,39588,2024-01-18,Damaged,4371.78,4
2029,41888,2024-09-22,Damaged,3673.53,7
2030,29594,2024-02-27,Size Issue,867.2,5
2031,45299,2024-06-06,Damaged,5650.07,3
2032,48187,2024-07-07,Wrong Product,6739.62,8
2033,23870,2024-03-20,Wrong Product,3403.69,3
2034,10975,2024-08-29,Size Issue,5255.31,6
2035,31244,2024-11-10,Damaged,3527.71,5
2036,19390,2024-02-03,Size Issue,4005.51,4
2037,29069,2024-07-25,Damaged,6421.39,1
2038,46389,2024-05-07,Damaged,931.65,6
2039,19864,2024-12-30,Wrong Product,3863.69,9
2040,23995,2024-10-12,Late Delivery,1384.1,4
2041,41964,2024-07-16,Late Delivery,3048.35,8
2042,26436,2024-09-15,Damaged,2152.9,7
2043,36509,2024-07-25,Size Issue,4131.09,1
2044,13326,2024-10-18,Size Issue,6688.86,3
2045,5515,2024-01-16,Not as Expected,4076.69,1
2046,27208,2024-01-12,Size Issue,2188.18,8
2047,33906,2024-06-13,Size Issue,2535.89,4
2048,36779,2024-04-28,Not as Expected,2301.81,3
2049,2255,2024-09-12,Not as Expected,6315.28,5
2050,41149,2024-09-30,Size Issue,5507.71,5
2051,38740,2024-05-17,Not as Expected,509.88,3
2052,28746,2024-05-17,Not as Expected,6029.31,7
2053,8546,2024-11-07,Not as Expected,5937.3,4
2054,47441,2024-06-28,Not as Expected,430.31,6
2055,34672,2024-08-11,Size Issue,4207.02,7
2056,35614,2024-09-13,Size Issue,2114.5,4
2057,22853,2024-04-09,Size Issue,2009.99,3
2058,4420,2024-08-26,Damaged,5750.96,3
2059,25822,2024-11-19,Not as Expected,3909.06,5
2060,9245,2024-02-08,Late Delivery,1528.33,3
2061,3348,2024-06-05,Size Issue,7462.83,8
2062,6051,2024-09-08,Not as Expected,2340.9,7
2063,22695,2024-05-10,Size Issue,1923.06,4
2064,41427,2024-10-31,Not as Expected,1484.95,6
2065,48849,2024-02-06,Size Issue,4419.25,4
2066,11940,2024-08-03,Late Delivery,5328.73,2
2067,46798,2024-02-05,Damaged,5240.52,8
2068,42662,2025-01-02,Not as Expected,3167.49,3
2069,31563,2024-08-19,Damaged,3031.13,2
2070,36366,2024-01-11,Wrong Product,2248.78,9
2071,33528,2024-07-31,Not as Expected,4555.01,3
2072,49667,2024-09-16,Not as Expected,1499.04,2
2073,36072,2024-10-10,Late Delivery,2438.82,5
2074,46035,2024-10-21,Late Delivery,7237.53,8
2075,44414,2024-12-21,Not as Expected,1370.3,6
2076,31246,2024-05-28,Not as Expected,2142.94,9
2077,26566,2024-01-20,Not as Expected,5048.73,8
2078,24892,2024-07-30,Late Delivery,4223.07,1
2079,36802,2024-02-28,Not as Expected,5989.61,3
2080,25428,2024-08-30,Wrong Product,4189.74,4
2081,19418,2024-01-25,Size Issue,1373.44,7
2082,26900,2024-01-25,Damaged,6131.01,2
2083,30057,2024-07-26,Wrong Product,2295.31,2
2084,25537,2024-10-03,Wrong Product,2388.8,6
2085,835,2024-11-24,Late Delivery,2272.76,5
2086,29170,2024-03-13,Late Delivery,7273.32,7
2087,43649,2024-12-02,Wrong Product,3054.84,7
2088,32128,2024-07-02,Wrong Product,3031.74,1
2089,31026,2024-01-26,Size Issue,6942.28,7
2090,30672,2024-09-26,Not as Expected,1794.91,8
2091,2584,2024-11-04,Not as Expected,2719.5,6
2092,6399,2024-03-19,Damaged,6273.57,7
2093,16503,2024-08-28,Wrong Product,3692.56,9
2094,29699,2024-05-11,Wrong Product,3186.01,2
2095,32036,2024-10-07,Not as Expected,7100.41,3
2096,34787,2024-07-02,Not as Expected,2655.68,1
2097,40024,2024-01-27,Late Delivery,2438.86,2
2098,44885,2025-01-04,Damaged,1147.22,5
2099,10480,2024-07-26,Not as Expected,4204.03,7
2100,32379,2024-12-03,Size Issue,246.95,2
2101,27452,2024-10-08,Size Issue,792.5,6
2102,19867,2024-12-14,Late Delivery,1584.41,3
2103,21268,2024-01-10,Late Delivery,5675.27,1
2104,35212,2024-08-27,Wrong Product,7116.38,3
2105,48127,2024-03-20,Size Issue,8249.13,3
2106,3238,2024-03-07,Damaged,961.74,1
2107,49870,2024-11-01,Size Issue,4512.31,1
2108,10652,2024-04-29,Not as Expected,1622.34,5
2109,27544,2024-08-13,Late Delivery,716.86,6
2110,48956,2024-02-11,Damaged,2462.94,7
2111,44147,2024-08-31,Wrong Product,576.01,1
2112,41986,2024-05-27,Damaged,5580.61,4
2113,48668,2024-06-23,Not as Expected,1657.6,5
2114,13754,2024-03-05,Wrong Product,4900.74,2
2115,6894,2024-11-09,Late Delivery,5493.51,9
2116,6317,2024-09-02,Size Issue,5320.41,6
2117,31800,2024-02-01,Wrong Product,4270.07,2
2118,9837,2024-07-24,Not as Expected,7179.49,7
2119,6673,2025-01-04,Late Delivery,6403.15,6
2120,3306,2024-11-13,Size Issue,1774.42,4
2121,20424,2024-10-04,Late Delivery,4445.57,2
2122,32888,2024-10-24,Not as Expected,2962.94,4
2123,1101,2024-09-28,Size Issue,2931.99,2
2124,8970,2024-09-12,Wrong Product,3082.74,6
2125,49748,2024-05-20,Size Issue,6354.79,1
2126,45345,2024-02-10,Not as Expected,1215.85,8
2127,29246,2024-10-08,Wrong Product,1239.95,7
2128,33063,2024-07-12,Late Delivery,325.57,6
2129,27883,2024-10-13,Late Delivery,7496.78,7
2130,23355,2024-04-19,Late Delivery,4927.1,9
2131,25008,2024-11-06,Wrong Product,5957.98,2
2132,28335,2024-04-20,Damaged,1573.56,3
2133,16630,2024-11-01,Late Delivery,3760.02,3
2134,33089,2024-10-27,Size Issue,3760.5,1
2135,39823,2024-08-08,Damaged,3587.3,8
2136,32194,2024-03-14,Late Delivery,1517.03,3
2137,21722,2024-07-10,Size Issue,790.31,7
2138,40069,2024-08-24,Late Delivery,2840.16,1
2139,26099,2024-05-17,Damaged,6004.94,6
2140,27229,2024-04-14,Damaged,6074.52,9
2141,9661,2024-06-04,Not as Expected,6619.64,1
2142,39262,2024-04-18,Size Issue,5352.59,6
2143,2600,2024-06-10,Damaged,5057.7,7
2144,28044,2024-07-14,Not as Expected,2273.27,7
2145,7226,2024-01-16,Late Delivery,1895.24,1
2146,35478,2024-12-26,Damaged,2158.4,3
2147,49624,2024-05-16,Not as Expected,2679.29,8
2148,26815,2024-12-07,Damaged,6525.19,3
2149,7810,2024-06-16,Size Issue,7762.75,3
2150,4727,2025-01-07,Size Issue,1935.26,3
2151,24194,2024-01-23,Size Issue,1753.42,6
2152,30884,2024-06-09,Size Issue,2949.59,6
2153,35387,2024-10-18,Size Issue,5041.78,8
2154,25770,2024-11-24,Damaged,5786.43,2
2155,23401,2024-06-01,Not as Expected,5304.07,4
2156,19130,2024-06-29,Not as Expected,7363.08,1
2157,17257,2024-05-24,Damaged,2110.71,3
2158,26553,2024-09-25,Size Issue,4120.02,1
2159,33842,2024-09-20,Size Issue,3044.15,3
2160,33794,2024-03-22,Damaged,1436.09,3
2161,3974,2024-02-27,Late Delivery,5094.63,6
2162,1404,2024-06-25,Wrong Product,2101.55,4
2163,16292,2024-04-19,Wrong Product,1355.47,1
2164,34752,2024-11-01,Late Delivery,5213.98,7
2165,11247,2024-11-21,Damaged,1055.68,1
2166,3610,2024-05-27,Damaged,3270.98,2
2167,13197,2024-05-11,Not as Expected,2456.14,8
2168,10151,2024-04-25,Late Delivery,1674.64,6
2169,12251,2025-01-08,Late Delivery,2665.39,6
2170,40004,2024-06-06,Wrong Product,3544.81,8
2171,23734,2024-08-22,Wrong Product,1839.26,4
2172,10432,2024-02-24,Damaged,658.07,4
2173,33429,2024-09-29,Damaged,986.53,8
2174,22682,2024-08-21,Late Delivery,2011.48,4
2175,34293,2024-02-02,Wrong Product,2618.64,6
2176,45297,2024-06-10,Size Issue,7951.23,5
2177,7791,2024-10-21,Not as Expected,1614.62,4
2178,31288,2024-08-30,Damaged,4181.63,8
2179,45006,2024-05-26,Wrong Product,5996.46,8
2180,41843,2024-10-08,Late Delivery,1549.69,1
2181,19224,2024-07-24,Late Delivery,972.42,4
2182,42139,2024-08-05,Wrong Product,6377.2,6
2183,7103,2024-11-10,Late Delivery,1646.96,1
2184,18685,2024-08-28,Size Issue,6015.57,5
2185,22778,2024-12-25,Late Delivery,3136.1,1
2186,31933,2024-11-23,Wrong Product,2159.58,3
2187,15749,2025-01-04,Wrong Product,6916.23,9
2188,39622,2024-10-28,Wrong Product,3566.5,7
2189,24869,2024-04-29,Wrong Product,5770.13,4
2190,40203,2024-05-07,Size Issue,5762.79,3
2191,3091,2024-02-18,Damaged,3154.25,8
2192,2654,2024-11-04,Late Delivery,5156.69,3
2193,35911,2024-10-10,Wrong Product,2941.62,4
2194,19302,2024-12-09,Damaged,6852.37,3
2195,27973,2024-08-21,Size Issue,506.56,1
2196,11745,2024-03-02,Not as Expected,4346.72,4
2197,10097,2024-03-02,Not as Expected,4902.44,6
2198,2374,2025-01-08,Late Delivery,8042.85,6
2199,40515,2024-08-31,Wrong Product,3653.44,5
2200,12362,2024-09-03,Not as Expected,572.48,7
2201,22938,2024-05-18,Not as Expected,322.89,8
2202,23269,2024-10-16,Damaged,781.61,7
2203,22719,2024-02-18,Not as Expected,6450.36,6
2204,32890,2024-11-12,Not as Expected,2848.29,8
2205,37798,2024-07-30,Size Issue,1692.06,7
2206,13101,2024-10-07,Late Delivery,1896.61,1
2207,47401,2024-08-03,Size Issue,4039.53,8
2208,49128,2024-10-19,Late Delivery,948.03,3
2209,42995,2024-10-08,Not as Expected,6250.89,8
2210,41841,2024-05-08,Not as Expected,1559.89,2
2211,34757,2024-03-17,Wrong Product,5691.26,6
2212,33364,2024-09-11,Wrong Product,5018.54,4
2213,49296,2024-01-20,Damaged,5029.44,8
2214,32582,2024-08-24,Size Issue,6825.74,9
2215,12101,2024-03-15,Wrong Product,1880.95,1
2216,4365,2024-06-23,Wrong Product,6386.11,7
2217,18215,2024-10-19,Late Delivery,4279.27,2
2218,17161,2024-03-16,Wrong Product,671.26,9
2219,17397,2024-12-14,Size Issue,3649.4,1
2220,38567,2024-09-19,Damaged,500.48,5
2221,21985,2024-05-05,Size Issue,2371.49,6
2222,21809,2024-02-24,Not as Expected,906.29,3
2223,3895,2024-07-06,Wrong Product,1666.43,6
2224,26920,2024-08-04,Late Delivery,5788.07,2
2225,13733,2024-09-17,Size Issue,4871.64,5
2226,32527,2024-06-16,Wrong Product,2711.82,5
2227,10295,2024-09-23,Size Issue,3446.15,8
2228,44187,2024-05-08,Damaged,5450.96,9
2229,40108,2024-10-24,Wrong Product,4426.2,2
2230,21716,2024-02-07,Late Delivery,4813.31,7
2231,16872,2024-06-22,Wrong Product,5037.02,1
2232,25620,2024-08-19,Size Issue,438.42,2
2233,41443,2024-12-30,Damaged,3289.7,1
2234,25877,2024-08-08,Wrong Product,4388.04,1
2235,16535,2024-09-09,Late Delivery,1356.11,6
2236,21547,2024-08-31,Late Delivery,2813.94,6
2237,13466,2024-12-03,Late Delivery,4272.26,7
2238,8761,2024-02-05,Not as Expected,3593.92,1
2239,13418,2024-05-12,Late Delivery,585.64,3
2240,1307,2024-12-23,Late Delivery,850.89,9
2241,9714,2024-06-29,Late Delivery,4911.39,7
2242,32173,2024-09-01,Damaged,2632.35,5
2243,14004,2024-07-29,Damaged,795.22,7
2244,25161,2024-02-21,Damaged,3996.21,9
2245,37488,2024-06-04,Late Delivery,3444.7,9
2246,4483,2024-01-17,Wrong Product,6071.44,5
2247,3679,2025-01-01,Size Issue,5907.32,9
2248,45254,2024-10-04,Size Issue,7058.73,3
2249,3900,2024-05-25,Late Delivery,4602.13,4
2250,5172,2024-03-21,Damaged,2355.53,6
2251,29131,2024-08-21,Not as Expected,5796.09,8
2252,11292,2024-08-29,Late Delivery,4281.95,9
2253,12631,2024-06-17,Late Delivery,4255.73,5
2254,1268,2024-10-19,Not as Expected,1729.05,9
2255,4041,2024-11-19,Wrong Product,1611.75,1
2256,23428,2024-03-06,Damaged,3962.14,4
2257,11929,2024-11-26,Wrong Product,5974.46,2
2258,12136,2024-06-05,Wrong Product,5619.32,1
2259,38745,2024-12-10,Damaged,6234.79,2
2260,46354,2024-10-15,Size Issue,2878.56,2
2261,32935,2024-05-29,Not as Expected,4688.91,5
2262,6163,2024-08-22,Size Issue,4602.34,5
2263,33180,2024-09-07,Late Delivery,3751.01,4
2264,20489,2024-05-21,Damaged,672.47,8
2265,20485,2024-06-07,Late Delivery,3636.51,7
2266,22823,2025-01-08,Size Issue,1105.04,1
2267,4667,2024-08-27,Damaged,1197.62,7
2268,29917,2024-04-01,Size Issue,4608.42,4
2269,22249,2024-02-25,Late Delivery,2373.98,4
2270,31647,2024-05-20,Wrong Product,2000.62,5
2271,46258,2024-01-18,Size Issue,6475.42,3
2272,39305,2025-01-08,Late Delivery,3095.42,6
2273,28117,2024-05-31,Late Delivery,4401.23,8
2274,49258,2024-05-14,Size Issue,5907.14,2
2275,22387,2024-12-15,Size Issue,7061.43,9
2276,4962,2024-04-10,Wrong Product,3603.92,3
2277,39085,2024-09-28,Damaged,2173.36,7
2278,29876,2024-03-01,Not as Expected,6969.8,1
2279,21447,2024-08-15,Size Issue,1561.34,6
2280,43807,2024-09-26,Damaged,4178.92,1
2281,29476,2024-08-23,Damaged,5396.9,1
2282,39448,2024-02-27,Size Issue,6167.31,4
2283,42031,2024-05-12,Size Issue,5585.06,5
2284,10533,2024-10-10,Not as Expected,2518.02,5
2285,2278,2024-08-11,Late Delivery,5639.78,6
2286,7254,2024-10-26,Wrong Product,5296.11,7
2287,8485,2024-02-17,Late Delivery,3095.98,2
2288,1618,2024-12-02,Wrong Product,2090.7,1
2289,45215,2024-08-04,Not as Expected,5547.37,7
2290,29641,2024-06-02,Late Delivery,1721.32,6
2291,31350,2024-04-12,Damaged,1679.83,4
2292,1676,2024-02-18,Late Delivery,693.07,5
2293,27673,2024-06-04,Not as Expected,4359.02,2
2294,38344,2024-04-09,Size Issue,5606.74,9
2295,11103,2024-06-05,Damaged,4924.01,6
2296,42556,2024-05-19,Wrong Product,5212.7,7
2297,47197,2024-03-14,Late Delivery,2354.03,5
2298,24080,2024-12-07,Wrong Product,583.27,1
2299,13146,2024-03-31,Late Delivery,3907.29,1
2300,34522,2024-08-12,Damaged,5533.23,6
2301,28597,2024-07-12,Damaged,5726.28,4
2302,15430,2024-12-30,Not as Expected,5403.84,8
2303,3174,2024-09-21,Damaged,1274.56,3
2304,26293,2024-12-04,Late Delivery,1025.17,9
2305,12395,2024-06-10,Not as Expected,1273.28,1
2306,22047,2024-01-13,Not as Expected,1815.39,4
2307,26579,2024-05-14,Damaged,588.47,4
2308,2616,2024-07-13,Wrong Product,450.81,8
2309,15094,2024-02-21,Wrong Product,6881.53,8
2310,7023,2024-11-25,Damaged,1271.69,4
2311,39732,2024-09-05,Not as Expected,4008.42,4
2312,48860,2024-01-23,Damaged,7598.36,5
2313,47429,2024-07-09,Size Issue,3427.47,7
2314,44125,2024-12-16,Late Delivery,4894.64,3
2315,43551,2024-12-08,Not as Expected,4390.24,6
2316,36570,2024-01-10,Not as Expected,4468.93,4
2317,49041,2024-03-24,Size Issue,2824.64,1
2318,16267,2025-01-03,Not as Expected,3984.37,6
2319,15665,2024-09-25,Damaged,1060.62,8
2320,8895,2024-07-27,Late Delivery,4734.33,4
2321,18180,2024-07-31,Size Issue,1032.47,5
2322,11264,2024-07-14,Wrong Product,3847.61,8
2323,40174,2024-01-10,Size Issue,3227.04,8
2324,48812,2024-10-01,Size Issue,5744.28,5
2325,32743,2024-11-19,Wrong Product,4837.18,6
2326,31733,2024-07-25,Wrong Product,5213.2,5
2327,28780,2024-05-05,Not as Expected,3008.64,8
2328,35404,2024-03-22,Damaged,5045.27,5
2329,22366,2024-12-28,Damaged,2553.75,3
2330,6159,2024-10-04,Wrong Product,5111.09,1
2331,15622,2024-08-03,Wrong Product,1763.0,5
2332,38424,2024-06-10,Not as Expected,3750.52,2
2333,23712,2024-01-20,Size Issue,4858.64,4
2334,1821,2024-01-11,Damaged,4774.42,7
2335,30910,2024-10-20,Wrong Product,4732.97,6
2336,7337,2024-04-19,Damaged,6685.17,2
2337,48717,2024-04-15,Damaged,4506.02,7
2338,40452,2024-11-28,Size Issue,4008.15,9
2339,29263,2024-09-19,Not as Expected,8198.08,9
2340,41790,2024-06-10,Not as Expected,1125.9,3
2341,32390,2024-09-28,Late Delivery,1973.65,9
2342,25892,2024-11-14,Wrong Product,1545.78,3
2343,15452,2024-06-06,Not as Expected,2687.35,8
2344,14755,2024-05-23,Late Delivery,1808.03,9
2345,11948,2024-01-20,Not as Expected,5831.63,5
2346,9155,2024-11-18,Damaged,5291.33,7
2347,40872,2024-06-07,Size Issue,2836.93,5
2348,11005,2024-11-25,Damaged,544.13,5
2349,12691,2024-08-01,Wrong Product,3842.04,8
2350,29798,2024-09-13,Size Issue,2225.93,8
2351,4195,2024-11-23,Wrong Product,1302.67,6
2352,41898,2024-07-22,Wrong Product,6368.03,4
2353,29700,2024-11-15,Wrong Product,7218.42,9
2354,23746,2024-08-07,Size Issue,6813.46,3
2355,40527,2024-06-16,Not as Expected,4156.15,7
2356,26259,2024-07-06,Late Delivery,5687.56,7
2357,22857,2024-05-20,Wrong Product,500.18,6
2358,23436,2024-06-07,Damaged,4681.69,8
2359,13294,2024-12-31,Late Delivery,3396.18,3
2360,44122,2024-09-04,Damaged,3172.56,8
2361,34396,2024-03-01,Not as Expected,4031.65,6
2362,28889,2024-04-14,Size Issue,3539.53,2
2363,44332,2024-12-21,Late Delivery,6229.26,3
2364,49125,2024-01-30,Late Delivery,365.38,1
2365,38904,2024-03-26,Size Issue,5877.04,4
2366,36899,2024-11-16,Wrong Product,1002.57,7
2367,12869,2024-03-27,Late Delivery,3756.64,9
2368,34496,2024-09-19,Late Delivery,2353.67,2
2369,47981,2024-09-25,Size Issue,5798.49,7
2370,9975,2024-05-01,Late Delivery,3556.64,7
2371,2422,2024-09-09,Damaged,4712.08,9
2372,42140,2024-08-28,Not as Expected,695.31,9
2373,934,2024-04-18,Wrong Product,6366.83,9
2374,27697,2024-07-05,Damaged,1850.99,3
2375,15260,2024-05-05,Not as Expected,5013.06,1
2376,35222,2024-06-02,Wrong Product,1102.37,2
2377,46081,2024-10-03,Damaged,6009.12,8
2378,44699,2024-10-15,Late Delivery,8429.75,3
2379,49876,2024-10-11,Late Delivery,604.4,8
2380,27824,2024-06-23,Wrong Product,3758.69,1
2381,32410,2024-08-10,Late Delivery,1070.35,7
2382,29264,2024-01-25,Size Issue,937.23,2
2383,21611,2024-12-08,Wrong Product,1377.24,7
2384,15774,2024-12-25,Wrong Product,2334.58,1
2385,24224,2024-03-20,Wrong Product,6691.56,1
2386,4351,2024-04-28,Not as Expected,3739.67,7
2387,19072,2024-05-12,Not as Expected,5033.13,8
2388,47644,2024-05-05,Wrong Product,3326.06,3
2389,36535,2024-04-10,Not as Expected,1891.63,7
2390,33066,2024-06-07,Not as Expected,692.68,4
2391,18530,2024-10-08,Not as Expected,1941.22,7
2392,1832,2024-05-24,Late Delivery,8292.35,6
2393,37432,2024-03-09,Late Delivery,6677.89,3
2394,30027,2024-12-19,Damaged,2363.68,2
2395,17673,2024-04-23,Not as Expected,3940.46,8
2396,21714,2024-03-04,Late Delivery,422.27,7
2397,38473,2024-03-18,Late Delivery,2205.64,1
2398,25093,2024-01-18,Wrong Product,6477.15,2
2399,33701,2024-06-06,Damaged,6088.59,9
2400,9819,2024-04-02,Not as Expected,503.01,4
2401,16207,2024-01-17,Late Delivery,3518.78,9
2402,25359,2024-06-21,Not as Expected,2306.97,3
2403,7815,2024-04-01,Wrong Product,2575.49,7
2404,17592,2024-05-19,Damaged,3256.58,3
2405,23907,2024-02-18,Wrong Product,586.07,9
2406,39930,2024-01-30,Wrong Product,1246.13,2
2407,23968,2024-08-12,Size Issue,5334.08,7
2408,17624,2024-10-09,Wrong Product,1393.69,5
2409,34786,2024-09-02,Damaged,1002.03,3
2410,41113,2024-05-12,Size Issue,4424.66,6
2411,35636,2024-06-05,Not as Expected,2895.78,8
2412,945,2024-02-25,Not as Expected,5353.19,1
2413,19419,2024-08-23,Late Delivery,2452.04,9
2414,49105,2024-04-01,Damaged,688.7,1
2415,40661,2024-12-29,Not as Expected,1200.38,4
2416,8367,2024-02-04,Wrong Product,4005.68,5
2417,22422,2024-03-23,Late Delivery,4672.27,9
2418,4066,2024-09-18,Size Issue,2134.97,2
2419,2748,2024-12-11,Damaged,3382.97,9
2420,12311,2024-07-02,Not as Expected,4660.05,7
2421,36513,2024-05-06,Not as Expected,2732.17,5
2422,37658,2024-04-16,Wrong Product,6135.93,5
2423,30049,2024-10-09,Not as Expected,6395.2,1
2424,17425,2024-08-17,Wrong Product,1455.59,5
2425,1401,2024-12-24,Late Delivery,758.77,9
2426,17324,2025-01-02,Late Delivery,7088.94,3
2427,21622,2024-08-07,Size Issue,5485.66,8
2428,1881,2024-01-16,Damaged,2145.55,5
2429,46549,2024-08-21,Size Issue,5416.99,8
2430,46587,2024-11-04,Late Delivery,3608.97,8
2431,8374,2024-10-04,Damaged,1712.54,6
2432,38988,2024-01-27,Late Delivery,6266.49,6
2433,43577,2024-03-16,Wrong Product,2410.12,7
2434,36597,2024-10-25,Late Delivery,2014.42,2
2435,37868,2024-07-20,Late Delivery,4566.78,4
2436,48868,2024-09-16,Damaged,4784.29,1
2437,42498,2024-03-05,Late Delivery,1259.07,6
2438,12029,2024-01-28,Late Delivery,2300.63,6
2439,17452,2024-05-06,Not as Expected,5404.61,5
2440,10308,2024-02-18,Size Issue,3459.73,3
2441,2514,2024-08-12,Size Issue,1039.65,7
2442,2803,2024-07-25,Size Issue,7026.52,4
2443,38543,2024-03-08,Not as Expected,6210.91,8
2444,24514,2024-11-03,Size Issue,1397.31,8
2445,13001,2024-02-06,Damaged,5995.94,3
2446,45745,2024-08-21,Not as Expected,1788.99,7
2447,2162,2024-06-26,Not as Expected,1900.93,5
2448,13274,2024-06-05,Late Delivery,3350.21,6
2449,2705,2024-08-08,Damaged,604.54,7
2450,49873,2024-08-23,Size Issue,4639.01,9
2451,46708,2024-11-30,Size Issue,3946.35,4
2452,16864,2024-06-27,Not as Expected,1628.24,4
2453,47365,2024-08-15,Damaged,2648.97,7
2454,29845,2024-11-26,Wrong Product,715.02,1
2455,30680,2024-03-31,Damaged,3934.61,1
2456,25768,2024-09-24,Size Issue,1897.41,9
2457,23477,2024-01-20,Wrong Product,4886.86,6
2458,38312,2024-12-13,Late Delivery,5947.71,6
2459,44201,2024-11-22,Late Delivery,5137.73,5
2460,18360,2024-03-26,Damaged,2899.52,1
2461,30624,2024-08-19,Size Issue,4435.01,4
2462,35727,2024-12-30,Size Issue,1825.2,2
2463,2095,2024-11-29,Late Delivery,4526.95,2
2464,28462,2024-08-08,Wrong Product,1726.7,4
2465,12138,2024-07-19,Wrong Product,6690.88,4
2466,29121,2024-01-23,Size Issue,2873.8,5
2467,26321,2024-04-14,Late Delivery,2639.0,8
2468,30709,2024-03-06,Wrong Product,3658.88,2
2469,39241,2024-07-02,Late Delivery,4807.86,1
2470,17531,2024-11-16,Late Delivery,3707.19,6
2471,13656,2024-01-28,Size Issue,3728.83,7
2472,35270,2024-09-07,Wrong Product,4258.49,9
2473,7205,2024-03-24,Not as Expected,2793.2,7
2474,26977,2024-08-12,Damaged,939.02,3
2475,15939,2024-08-13,Size Issue,3998.59,6
2476,46622,2024-08-18,Wrong Product,5734.79,1
2477,28282,2024-10-05,Size Issue,2329.26,2
2478,31824,2024-03-08,Size Issue,7176.02,6
2479,21593,2024-03-10,Damaged,3718.86,5
2480,34531,2024-10-20,Late Delivery,6325.51,8
2481,17299,2024-12-13,Size Issue,805.71,1
2482,24127,2024-12-21,Damaged,317.13,9
2483,30294,2024-08-05,Damaged,3233.0,1
2484,19862,2024-09-20,Not as Expected,2495.5,1
2485,38983,2024-05-25,Late Delivery,784.45,9
2486,25185,2024-09-23,Wrong Product,1024.6,1
2487,49255,2024-03-24,Damaged,2120.75,8
2488,43153,2024-07-12,Damaged,5782.72,1
2489,45105,2024-10-06,Not as Expected,2999.72,1
2490,37792,2024-06-25,Late Delivery,1737.07,2
2491,37608,2024-07-18,Damaged,2223.98,5
2492,37157,2024-10-29,Size Issue,6428.87,8
2493,39857,2024-01-26,Damaged,4466.17,3
2494,4219,2024-06-27,Damaged,4758.07,4
2495,22321,2024-12-28,Late Delivery,689.55,4
2496,44935,2024-07-05,Not as Expected,4091.39,8
2497,46019,2024-02-23,Damaged,1354.17,7
2498,37448,2024-03-13,Wrong Product,5938.15,8
2499,48821,2024-04-14,Late Delivery,931.18,1
2500,42258,2024-09-20,Damaged,1614.04,4
2501,26806,2024-07-05,Damaged,3398.61,4
2502,31516,2024-07-12,Wrong Product,3163.68,4
2503,30646,2024-07-10,Not as Expected,5441.95,6
2504,47640,2024-11-05,Not as Expected,3445.09,1
2505,16605,2025-01-07,Size Issue,5189.98,7
2506,49627,2024-10-06,Wrong Product,4376.17,4
2507,11104,2024-09-19,Wrong Product,6840.42,6
2508,44734,2024-11-01,Wrong Product,772.61,2
2509,30417,2024-08-20,Damaged,676.71,4
2510,43681,2024-10-22,Not as Expected,5704.71,6
2511,12599,2024-03-29,Wrong Product,1396.33,5
2512,28846,2024-10-20,Late Delivery,4061.07,3
2513,24331,2024-03-19,Not as Expected,3923.5,2
2514,46927,2025-01-07,Not as Expected,4985.32,8
2515,35384,2024-03-18,Late Delivery,7077.06,7
2516,35260,2024-07-03,Size Issue,6944.62,3
2517,4362,2024-08-05,Size Issue,4704.0,4
2518,1249,2025-01-06,Size Issue,2333.24,9
2519,23169,2024-01-24,Wrong Product,688.83,5
2520,37217,2024-04-29,Late Delivery,280.57,5
2521,37944,2025-01-07,Damaged,6492.43,1
2522,7901,2024-12-28,Size Issue,1538.17,5
2523,47926,2024-06-17,Wrong Product,4611.58,8
2524,7585,2024-12-29,Damaged,6837.47,1
2525,30215,2024-11-05,Late Delivery,3402.28,8
2526,5375,2024-09-05,Late Delivery,2680.64,7
2527,21026,2024-10-21,Wrong Product,3355.6,8
2528,4342,2024-08-28,Size Issue,1817.9,1
2529,7746,2024-02-07,Damaged,4464.12,5
2530,3462,2024-03-10,Size Issue,4341.85,6
2531,28041,2024-05-05,Damaged,5928.48,9
2532,6183,2024-07-18,Size Issue,7139.48,1
2533,45098,2024-10-27,Not as Expected,1079.43,6
2534,24823,2024-09-28,Wrong Product,2323.56,8
2535,14549,2024-12-29,Not as Expected,4242.16,6
2536,35298,2024-01-22,Damaged,2623.32,7
2537,45799,2024-06-29,Late Delivery,6070.3,8
2538,14432,2024-06-16,Wrong Product,4370.76,7
2539,15504,2024-02-16,Wrong Product,4757.62,5
2540,8078,2024-08-08,Damaged,4733.66,1
2541,45665,2024-06-28,Late Delivery,3501.9,8
2542,4095,2024-04-26,Late Delivery,445.21,1
2543,73,2024-10-30,Not as Expected,3182.88,6
2544,46324,2024-11-04,Wrong Product,346.17,9
2545,14324,2024-09-20,Damaged,5826.05,3
2546,47575,2024-06-29,Size Issue,2741.04,5
2547,37002,2024-02-27,Late Delivery,3728.09,3
2548,26823,2024-06-02,Late Delivery,1679.03,1
2549,37580,2024-12-07,Not as Expected,3038.64,5
2550,2921,2024-08-17,Wrong Product,376.18,5
2551,9961,2024-04-11,Not as Expected,3593.19,7
2552,12235,2024-09-04,Not as Expected,1206.86,7
2553,18520,2024-03-30,Wrong Product,307.58,9
2554,14350,2024-10-30,Size Issue,1299.37,4
2555,13038,2024-11-09,Wrong Product,1311.16,8
2556,20769,2024-06-20,Size Issue,6337.4,7
2557,6890,2024-12-20,Late Delivery,722.46,5
2558,20078,2024-09-04,Damaged,3741.26,4
2559,30043,2024-11-18,Not as Expected,7839.62,3
2560,3366,2024-08-08,Late Delivery,6247.11,9
2561,5026,2024-08-22,Size Issue,540.26,2
2562,47430,2024-10-03,Damaged,5490.84,2
2563,37405,2024-02-19,Not as Expected,6240.58,6
2564,1295,2024-04-01,Late Delivery,4400.4,9
2565,31583,2024-04-19,Wrong Product,3099.02,1
2566,40989,2024-01-09,Not as Expected,6776.5,4
2567,2957,2024-07-18,Not as Expected,2521.3,7
2568,23178,2024-05-17,Wrong Product,6693.17,9
2569,18048,2024-03-18,Damaged,2021.03,5
2570,44760,2024-07-20,Size Issue,6929.33,4
2571,19548,2024-04-13,Size Issue,4550.36,8
2572,32232,2024-03-24,Not as Expected,6874.97,6
2573,38534,2024-06-07,Wrong Product,1907.4,9
2574,49520,2024-06-14,Not as Expected,4225.27,3
2575,43781,2024-04-26,Not as Expected,4984.8,4
2576,35820,2024-04-14,Size Issue,4235.36,6
2577,19837,2024-06-13,Damaged,5154.44,1
2578,13501,2024-01-11,Size Issue,3602.22,7
2579,18045,2024-07-16,Not as Expected,4368.48,3
2580,40217,2024-04-04,Late Delivery,4694.89,3
2581,29936,2024-04-04,Size Issue,2375.39,4
2582,46712,2024-02-25,Late Delivery,4936.24,7
2583,18230,2024-06-03,Wrong Product,4475.67,7
2584,15602,2024-05-31,Late Delivery,922.28,7
2585,2992,2024-09-29,Wrong Product,4001.04,9
2586,3485,2024-03-08,Not as Expected,4752.95,9
2587,14747,2024-03-01,Not as Expected,4069.22,4
2588,46136,2024-11-18,Size Issue,5792.16,6
2589,16048,2024-12-27,Size Issue,3130.51,5
2590,14460,2024-08-14,Late Delivery,652.21,1
2591,30490,2024-03-10,Not as Expected,8447.76,8
2592,15666,2024-12-07,Late Delivery,1648.38,1
2593,4495,2024-04-01,Size Issue,2423.54,5
2594,22851,2024-03-17,Wrong Product,1924.87,6
2595,9230,2024-08-04,Wrong Product,2300.6,5
2596,14991,2024-12-08,Late Delivery,3321.45,4
2597,5290,2024-03-06,Size Issue,3797.86,6
2598,40320,2024-10-06,Wrong Product,4924.39,3
2599,31315,2024-07-26,Late Delivery,5246.3,4
2600,24358,2024-07-10,Wrong Product,2970.58,7
2601,8972,2024-12-04,Wrong Product,3680.88,4
2602,48300,2024-10-08,Damaged,2928.73,2
2603,6410,2024-09-05,Damaged,2562.35,2
2604,20007,2024-02-24,Not as Expected,8158.28,5
2605,32409,2024-09-08,Not as Expected,5741.83,8
2606,11362,2024-10-05,Size Issue,528.97,6
2607,36942,2024-05-10,Late Delivery,3860.14,6
2608,47718,2024-01-25,Not as Expected,4912.06,3
2609,45497,2024-07-02,Late Delivery,3711.01,2
2610,14592,2024-10-10,Not as Expected,4902.86,5
2611,3713,2024-09-08,Damaged,3053.35,6
2612,23912,2024-08-07,Wrong Product,1552.72,8
2613,43893,2024-01-16,Damaged,2366.96,7
2614,21730,2024-01-21,Size Issue,1044.13,7
2615,34930,2024-04-30,Wrong Product,2651.99,8
2616,33441,2024-06-04,Late Delivery,526.35,5
2617,36842,2024-02-21,Not as Expected,2774.49,2
2618,19425,2024-12-25,Wrong Product,769.24,8
2619,45229,2024-03-24,Late Delivery,7011.29,4
2620,692,2024-09-18,Late Delivery,2857.32,1
2621,40392,2024-03-24,Damaged,4280.72,8
2622,22587,2024-12-31,Wrong Product,6527.9,5
2623,16445,2024-08-06,Damaged,5204.81,2
2624,31489,2024-11-07,Late Delivery,1351.85,8
2625,22091,2024-02-23,Size Issue,492.19,3
2626,22870,2024-04-22,Not as Expected,4125.48,3
2627,549,2024-05-10,Not as Expected,894.79,8
2628,19123,2024-07-10,Late Delivery,5293.37,8
2629,13277,2024-09-12,Late Delivery,5750.25,8
2630,40105,2024-07-05,Late Delivery,4883.02,9
2631,44561,2024-10-02,Damaged,214.14,9
2632,28814,2024-08-22,Wrong Product,7524.58,8
2633,21645,2024-09-05,Wrong Product,2047.66,3
2634,18414,2024-03-12,Late Delivery,3730.64,7
2635,10198,2024-06-08,Late Delivery,4519.29,2
2636,19364,2024-11-22,Not as Expected,3176.0,3
2637,18407,2024-06-09,Late Delivery,2287.2,8
2638,46157,2024-02-09,Damaged,4129.21,9
2639,23765,2024-04-29,Wrong Product,259.91,2
2640,36868,2024-02-29,Late Delivery,4177.35,8
2641,8146,2024-09-27,Late Delivery,1972.9,4
2642,32322,2024-05-12,Late Delivery,4327.03,5
2643,31441,2024-04-04,Size Issue,4122.66,9
2644,17319,2024-11-19,Late Delivery,3733.15,4
2645,8382,2024-08-13,Size Issue,4978.68,7
2646,4699,2024-12-18,Size Issue,3243.16,7
2647,3893,2024-10-28,Size Issue,3092.64,8
2648,14650,2024-07-28,Not as Expected,1580.87,1
2649,41929,2024-09-11,Damaged,4945.09,3
2650,16177,2024-12-01,Damaged,1281.3,4
2651,33252,2024-09-18,Size Issue,4804.49,5
2652,24206,2024-02-22,Size Issue,4572.46,8
2653,20556,2024-02-03,Late Delivery,4926.4,2
2654,27731,2024-05-17,Wrong Product,4102.5,1
2655,36904,2024-08-31,Wrong Product,1906.64,4
2656,17137,2024-03-29,Size Issue,2689.87,7
2657,47569,2024-10-27,Wrong Product,2110.98,4
2658,19281,2024-03-13,Damaged,5188.19,4
2659,34667,2024-01-10,Not as Expected,2426.51,2
2660,48792,2024-03-17,Not as Expected,2917.69,4
2661,37617,2024-08-02,Late Delivery,7066.4,1
2662,33355,2024-07-10,Not as Expected,1543.87,7
2663,16833,2024-06-04,Not as Expected,2806.63,3
2664,18793,2024-06-14,Size Issue,3614.79,3
2665,42534,2024-08-21,Not as Expected,4041.2,7
2666,3540,2024-11-27,Damaged,949.89,2
2667,15453,2024-01-27,Wrong Product,4877.97,9
2668,48911,2024-07-30,Damaged,5722.72,1
2669,15907,2024-04-27,Late Delivery,1591.9,7
2670,45881,2024-12-15,Late Delivery,3347.57,2
2671,23076,2024-11-15,Wrong Product,1419.28,3
2672,48574,2024-12-13,Late Delivery,2450.17,9
2673,36326,2024-12-10,Not as Expected,3889.94,1
2674,12140,2024-09-13,Damaged,4977.88,3
2675,48446,2024-11-19,Damaged,1156.24,5
2676,39634,2024-12-07,Size Issue,1087.87,5
2677,40238,2024-05-29,Size Issue,1481.78,7
2678,3814,2024-12-04,Not as Expected,3623.94,3
2679,47550,2024-01-10,Damaged,1880.54,5
2680,26363,2024-05-22,Late Delivery,4080.39,3
2681,36898,2024-08-05,Late Delivery,3365.27,6
2682,29612,2024-11-12,Size Issue,4729.57,5
2683,16050,2024-07-05,Size Issue,2314.0,7
2684,44634,2024-07-02,Late Delivery,1295.29,9
2685,10594,2025-01-02,Late Delivery,4041.33,3
2686,44387,2024-06-27,Late Delivery,3943.06,1
2687,24932,2024-12-24,Late Delivery,3004.86,7
2688,29116,2024-04-18,Not as Expected,1323.56,1
2689,46614,2024-11-17,Damaged,8082.34,6
2690,38579,2024-09-29,Wrong Product,530.97,8
2691,4306,2024-04-20,Not as Expected,5902.59,5
2692,47090,2024-02-20,Size Issue,1185.18,6
2693,21799,2024-12-19,Size Issue,4483.95,1
2694,22708,2024-09-30,Late Delivery,5757.65,6
2695,26903,2024-02-10,Late Delivery,3919.03,8
2696,47007,2024-01-11,Damaged,3903.52,3
2697,15837,2024-01-24,Not as Expected,4130.11,9
2698,47368,2024-06-16,Damaged,3828.62,4
2699,11813,2024-05-15,Not as Expected,3454.61,9
2700,24092,2024-12-26,Damaged,2244.54,4
2701,15170,2024-05-24,Late Delivery,5761.26,9
2702,32296,2024-07-02,Late Delivery,2256.43,5
2703,10249,2024-08-18,Size Issue,2016.28,4
2704,20548,2024-09-03,Not as Expected,4986.94,9
2705,28202,2024-12-01,Not as Expected,3941.48,2
2706,1748,2024-11-04,Late Delivery,4192.98,1
2707,24205,2024-03-08,Size Issue,1593.22,8
2708,18991,2024-08-23,Wrong Product,4613.02,3
2709,45310,2024-05-24,Wrong Product,1018.03,8
2710,40130,2024-05-04,Wrong Product,4378.4,8
2711,44029,2024-04-23,Damaged,4457.75,8
2712,16932,2024-04-03,Wrong Product,3360.68,3
2713,15720,2024-12-29,Wrong Product,2499.16,8
2714,8697,2024-07-22,Wrong Product,6278.96,3
2715,11359,2024-03-21,Damaged,2980.1,4
2716,9686,2024-03-04,Damaged,2106.97,7
2717,16701,2024-11-21,Late Delivery,3569.15,3
2718,13934,2024-04-10,Damaged,7112.94,2
2719,17255,2024-01-12,Not as Expected,2835.15,7
2720,667,2024-11-24,Wrong Product,4649.59,5
2721,44851,2024-08-14,Not as Expected,4808.1,4
2722,20894,2024-02-11,Late Delivery,319.74,8
2723,24532,2024-02-10,Late Delivery,1345.81,5
2724,40963,2024-06-16,Late Delivery,5061.05,2
2725,30546,2024-04-16,Damaged,1800.69,4
2726,11417,2024-11-14,Size Issue,3986.31,8
2727,21001,2024-06-22,Late Delivery,7675.23,4
2728,11444,2024-02-20,Not as Expected,624.26,3
2729,4331,2024-08-29,Damaged,4686.95,4
2730,41608,2025-01-06,Not as Expected,4851.5,7
2731,21117,2024-06-28,Not as Expected,4188.22,2
2732,8386,2024-04-03,Not as Expected,5000.9,4
2733,135,2024-01-25,Not as Expected,4530.65,9
2734,30837,2024-03-22,Late Delivery,6582.08,8
2735,1006,2024-12-05,Late Delivery,5028.61,2
2736,26457,2024-05-25,Late Delivery,459.31,3
2737,40776,2024-07-06,Size Issue,2053.84,1
2738,37592,2024-07-04,Wrong Product,5411.19,3
2739,25905,2024-10-09,Wrong Product,753.55,4
2740,40126,2024-11-02,Wrong Product,754.16,9
2741,38939,2024-08-07,Size Issue,3991.25,9
2742,23539,2024-07-29,Not as Expected,1081.85,2
2743,33341,2024-04-28,Size Issue,5761.77,9
2744,24048,2024-07-03,Not as Expected,4066.24,2
2745,19766,2024-07-15,Wrong Product,5277.18,3
2746,29636,2024-06-26,Late Delivery,2545.48,9
2747,40033,2024-04-10,Late Delivery,619.33,8
2748,11401,2024-10-04,Wrong Product,595.98,2
2749,12994,2024-01-30,Damaged,4982.28,5
2750,5137,2024-01-26,Wrong Product,5889.62,2
2751,11237,2024-02-18,Size Issue,647.48,6
2752,41514,2024-11-02,Size Issue,6624.22,8
2753,10583,2024-08-02,Size Issue,280.94,6
2754,15674,2024-04-25,Size Issue,4771.19,3
2755,24495,2024-11-10,Late Delivery,6696.74,5
2756,25707,2024-09-07,Late Delivery,5245.03,3
2757,35542,2024-04-09,Wrong Product,2418.71,2
2758,48929,2024-10-02,Size Issue,1145.25,3
2759,30767,2024-02-14,Late Delivery,2236.22,5
2760,35945,2024-08-20,Late Delivery,351.0,7
2761,47329,2024-02-04,Not as Expected,513.63,7
2762,10865,2024-10-07,Late Delivery,3597.76,3
2763,4734,2024-04-04,Late Delivery,2278.58,2
2764,42155,2024-09-12,Damaged,6420.2,4
2765,497,2024-05-16,Late Delivery,3384.87,6
2766,8019,2024-01-27,Late Delivery,898.9,1
2767,7111,2024-01-26,Wrong Product,1070.7,1
2768,29437,2025-01-05,Wrong Product,1436.18,8
2769,10331,2024-12-19,Damaged,1486.97,9
2770,8025,2024-02-24,Not as Expected,746.75,3
2771,30759,2024-03-15,Size Issue,2098.83,6
2772,2124,2024-09-07,Late Delivery,4428.73,1
2773,21380,2024-12-19,Damaged,1242.85,3
2774,30483,2024-09-02,Not as Expected,2171.57,3
2775,25406,2024-01-23,Wrong Product,536.47,6
2776,12536,2024-02-12,Late Delivery,2056.08,4
2777,12922,2024-10-05,Damaged,2792.32,4
2778,41063,2024-03-01,Not as Expected,5054.89,2
2779,30743,2024-12-28,Damaged,2779.76,8
2780,11774,2024-02-28,Not as Expected,1674.72,8
2781,10705,2024-11-25,Late Delivery,3740.94,4
2782,13456,2024-10-28,Late Delivery,3745.75,6
2783,23376,2025-01-01,Late Delivery,5788.04,9
2784,49226,2024-07-05,Size Issue,5173.04,3
2785,41397,2024-09-17,Late Delivery,5159.43,2
2786,28530,2024-11-27,Size Issue,6621.94,1
2787,31640,2024-06-26,Wrong Product,4752.88,7
2788,36915,2024-11-07,Not as Expected,6287.44,2
2789,29537,2024-10-30,Damaged,2561.52,1
2790,16515,2024-05-23,Size Issue,6102.61,9
2791,9200,2024-06-13,Late Delivery,1660.93,2
2792,43467,2024-08-21,Wrong Product,1112.01,8
2793,27301,2024-11-07,Not as Expected,2028.97,9
2794,26679,2024-09-10,Wrong Product,4452.77,9
2795,14724,2024-08-14,Damaged,1352.88,7
2796,28324,2024-07-28,Damaged,2355.06,8
2797,23157,2024-02-14,Not as Expected,454.55,8
2798,2547,2024-04-08,Wrong Product,1641.92,4
2799,9571,2024-03-08,Damaged,2670.76,2
2800,31588,2024-04-24,Late Delivery,1537.7,6
2801,15109,2024-09-26,Size Issue,479.62,6
2802,12758,2024-09-21,Wrong Product,1411.78,8
2803,28942,2024-02-09,Damaged,6267.88,6
2804,2973,2024-09-27,Not as Expected,4839.67,4
2805,3842,2024-04-14,Wrong Product,2457.22,6
2806,2711,2024-11-16,Not as Expected,7345.46,7
2807,20159,2024-10-31,Late Delivery,1884.89,8
2808,46256,2024-08-31,Wrong Product,4676.55,3
2809,4341,2024-10-28,Size Issue,4574.18,4
2810,18842,2024-08-12,Damaged,3795.81,3
2811,12983,2024-09-02,Late Delivery,682.67,9
2812,47463,2024-11-28,Not as Expected,6177.93,4
2813,45900,2024-07-14,Size Issue,846.77,9
2814,18605,2024-06-02,Damaged,1225.46,7
2815,3778,2024-08-26,Size Issue,5241.89,2
2816,15272,2024-10-18,Size Issue,4962.73,8
2817,49413,2024-04-22,Damaged,2786.21,7
2818,5276,2024-08-19,Not as Expected,1958.4,1
2819,10592,2024-01-27,Wrong Product,712.49,8
2820,38079,2024-04-07,Late Delivery,1371.12,9
2821,26776,2024-02-01,Late Delivery,2276.91,7
2822,19655,2024-02-11,Damaged,7128.8,5
2823,20234,2024-02-05,Late Delivery,639.13,6
2824,6975,2024-11-23,Wrong Product,859.82,1
2825,12229,2024-10-21,Size Issue,3108.36,8
2826,13217,2024-04-08,Damaged,1256.66,4
2827,31051,2024-01-09,Late Delivery,1088.62,3
2828,7984,2024-08-07,Damaged,5581.68,5
2829,6493,2024-08-07,Size Issue,2889.72,6
2830,16338,2024-02-16,Size Issue,2551.43,5
2831,38204,2024-05-28,Size Issue,1735.5,6
2832,35444,2024-10-08,Damaged,4581.88,1
2833,41839,2024-09-14,Damaged,3165.42,4
2834,39373,2024-08-18,Size Issue,4716.24,8
2835,45958,2024-09-05,Not as Expected,4181.07,3
2836,18947,2024-07-24,Wrong Product,3234.03,9
2837,24502,2024-06-19,Wrong Product,5724.26,6
2838,1406,2024-01-14,Late Delivery,2855.09,6
2839,47407,2024-02-03,Late Delivery,3114.93,4
2840,5179,2024-06-23,Damaged,1433.23,3
2841,45308,2024-08-22,Size Issue,4500.85,1
2842,16687,2025-01-02,Late Delivery,1837.99,7
2843,40179,2024-02-19,Not as Expected,1485.83,7
2844,37149,2024-04-07,Not as Expected,4011.52,4
2845,14501,2024-10-25,Late Delivery,1208.36,4
2846,6266,2024-03-25,Not as Expected,2185.64,5
2847,13873,2024-06-17,Wrong Product,1077.36,5
2848,36866,2024-06-10,Wrong Product,3509.51,5
2849,38508,2024-03-01,Damaged,2521.23,6
2850,49755,2024-10-24,Late Delivery,1226.68,4
2851,9158,2024-01-20,Not as Expected,5257.59,8
2852,15488,2024-08-30,Wrong Product,3927.76,4
2853,33706,2024-05-26,Not as Expected,815.27,9
2854,36193,2024-01-22,Late Delivery,4119.08,1
2855,32491,2024-12-02,Damaged,6518.7,1
2856,26111,2024-02-04,Size Issue,589.39,1
2857,16431,2024-01-24,Damaged,1576.31,3
2858,8156,2024-10-13,Not as Expected,5226.45,1
2859,25344,2024-10-04,Not as Expected,3707.38,5
2860,15034,2024-01-28,Late Delivery,1818.04,3
2861,30074,2024-11-20,Size Issue,6397.18,1
2862,26419,2024-12-07,Wrong Product,1661.98,9
2863,36958,2024-10-01,Not as Expected,1020.62,5
2864,28434,2024-05-16,Late Delivery,4118.3,4
2865,22560,2024-03-10,Late Delivery,4629.65,9
2866,31415,2024-11-01,Size Issue,5519.79,6
2867,28764,2024-08-22,Not as Expected,4307.93,9
2868,11172,2025-01-02,Damaged,3739.02,7
2869,4792,2024-05-29,Wrong Product,3317.83,7
2870,46552,2024-01-19,Damaged,4522.49,9
2871,40211,2024-09-30,Not as Expected,6633.46,7
2872,6813,2024-08-05,Not as Expected,850.31,6
2873,27359,2024-02-24,Not as Expected,3537.45,1
2874,9711,2024-07-10,Damaged,1749.2,5
2875,3038,2024-08-16,Wrong Product,2356.25,6
2876,4321,2024-10-12,Late Delivery,2350.41,1
2877,6815,2024-09-04,Not as Expected,1371.57,2
2878,35955,2024-01-26,Not as Expected,357.1,9
2879,17891,2024-07-06,Damaged,812.89,9
2880,22687,2024-10-12,Damaged,2561.73,8
2881,885,2025-01-02,Damaged,3545.42,2
2882,41256,2024-02-29,Size Issue,1037.21,6
2883,29451,2024-02-15,Damaged,359.9,3
2884,25468,2024-04-12,Damaged,1913.28,5
2885,1744,2024-07-24,Size Issue,2636.86,7
2886,12273,2024-04-16,Size Issue,4909.77,6
2887,12660,2024-04-22,Not as Expected,3390.65,7
2888,24878,2024-08-13,Not as Expected,3830.29,9
2889,34928,2024-11-06,Wrong Product,7158.92,8
2890,1939,2024-03-18,Not as Expected,5507.77,6
2891,16769,2024-11-25,Wrong Product,1140.43,9
2892,32256,2024-07-02,Size Issue,3010.65,8
2893,11091,2024-03-12,Late Delivery,1427.56,6
2894,19921,2024-02-13,Not as Expected,4258.1,8
2895,25089,2024-07-15,Late Delivery,5291.75,8
2896,47154,2024-05-14,Late Delivery,606.15,2
2897,13709,2024-02-03,Wrong Product,4762.41,4
2898,22838,2024-07-08,Damaged,952.4,7
2899,9164,2024-06-12,Late Delivery,6564.78,3
2900,30855,2024-09-12,Wrong Product,6190.79,1
2901,36228,2024-06-05,Size Issue,1050.48,8
2902,1157,2024-08-03,Wrong Product,1271.52,7
2903,34344,2024-10-04,Not as Expected,4276.41,8
2904,37524,2024-01-22,Size Issue,4929.02,5
2905,19128,2024-10-14,Late Delivery,5225.7,7
2906,27780,2024-07-14,Not as Expected,4671.48,7
2907,10871,2024-04-16,Size Issue,5084.85,8
2908,48229,2024-08-19,Size Issue,4563.81,4
2909,31719,2024-03-15,Not as Expected,5321.02,9
2910,21383,2024-12-08,Late Delivery,4684.31,5
2911,47920,2024-11-27,Size Issue,4033.78,5
2912,14733,2024-04-12,Size Issue,1092.12,7
2913,7507,2024-09-25,Late Delivery,1941.3,5
2914,9695,2024-11-04,Not as Expected,1910.9,5
2915,48282,2024-09-09,Wrong Product,5065.07,8
2916,3853,2024-07-08,Late Delivery,3728.13,3
2917,13638,2024-11-17,Not as Expected,1182.3,8
2918,36085,2024-06-22,Late Delivery,3044.32,9
2919,30784,2025-01-07,Damaged,675.04,1
2920,34422,2024-12-15,Wrong Product,3437.65,1
2921,25599,2024-11-28,Size Issue,3475.29,9
2922,18440,2024-07-30,Late Delivery,1696.72,9
2923,15930,2024-03-09,Late Delivery,5884.09,5
2924,14200,2024-12-26,Size Issue,1328.17,8
2925,28590,2024-02-20,Wrong Product,1738.77,2
2926,35158,2024-04-06,Size Issue,442.38,8
2927,30668,2024-07-24,Damaged,3623.56,6
2928,47574,2024-11-28,Damaged,4681.29,3
2929,13079,2024-09-07,Size Issue,1527.37,4
2930,19076,2024-02-24,Size Issue,570.02,2
2931,31194,2024-06-08,Late Delivery,7545.78,6
2932,1762,2024-05-19,Size Issue,3124.93,9
2933,9085,2024-12-31,Not as Expected,6839.67,7
2934,9872,2024-09-13,Size Issue,3181.93,5
2935,35518,2024-03-29,Wrong Product,1573.88,1
2936,8685,2024-03-10,Late Delivery,5140.98,8
2937,43160,2024-03-28,Not as Expected,3441.28,8
2938,45956,2024-05-15,Not as Expected,4055.4,2
2939,31794,2024-03-06,Size Issue,1400.32,6
2940,15937,2024-10-09,Not as Expected,1977.54,6
2941,11560,2024-05-11,Wrong Product,5478.72,8
2942,32992,2024-04-11,Damaged,5551.01,5
2943,17501,2024-11-21,Size Issue,3172.77,6
2944,45715,2024-07-03,Wrong Product,377.78,4
2945,30205,2024-10-01,Size Issue,2428.96,6
2946,42309,2024-07-29,Wrong Product,4562.58,4
2947,9474,2024-07-27,Wrong Product,2746.45,4
2948,9989,2024-09-20,Not as Expected,5933.86,2
2949,28872,2024-01-05,Not as Expected,5576.13,5
2950,43287,2024-12-08,Late Delivery,2040.67,5
2951,4227,2024-08-08,Not as Expected,7260.06,5
2952,30019,2024-07-13,Damaged,3785.68,4
2953,13577,2024-01-28,Not as Expected,4813.4,7
2954,7717,2024-07-27,Not as Expected,4889.8,2
2955,28251,2024-12-23,Wrong Product,4117.61,4
2956,11462,2024-06-01,Wrong Product,2955.55,2
2957,29489,2024-10-06,Late Delivery,3723.82,2
2958,38838,2024-09-23,Not as Expected,3467.24,9
2959,7878,2024-11-01,Wrong Product,4885.35,3
2960,34993,2024-03-03,Damaged,949.02,6
2961,42953,2024-07-19,Wrong Product,3222.03,2
2962,649,2024-01-17,Wrong Product,7151.13,6
2963,23194,2024-05-07,Damaged,1640.06,4
2964,40399,2024-09-07,Wrong Product,4451.94,2
2965,405,2024-04-21,Size Issue,2326.77,6
2966,8989,2024-07-18,Not as Expected,3868.41,4
2967,8346,2024-04-11,Wrong Product,1076.08,8
2968,22011,2024-04-07,Damaged,3141.95,8
2969,2244,2024-08-12,Damaged,5077.14,9
2970,31847,2024-10-30,Damaged,559.52,7
2971,13376,2024-04-14,Late Delivery,5497.09,6
2972,19530,2024-06-14,Late Delivery,2428.86,8
2973,36417,2024-01-29,Not as Expected,4147.55,3
2974,19985,2024-07-31,Late Delivery,4352.26,9
2975,27454,2024-05-08,Wrong Product,3360.54,9
2976,46517,2024-01-22,Wrong Product,706.3,4
2977,8458,2024-05-13,Damaged,3916.82,6
2978,28331,2024-05-19,Not as Expected,6314.96,1
2979,41480,2024-05-26,Wrong Product,5746.27,8
2980,23493,2024-12-24,Damaged,4342.91,2
2981,47512,2024-06-15,Late Delivery,6788.12,9
2982,37404,2024-11-10,Size Issue,5487.48,6
2983,25219,2024-11-14,Size Issue,4960.57,3
2984,24211,2024-10-19,Late Delivery,3141.95,9
2985,17044,2024-04-25,Size Issue,974.43,7
2986,19048,2024-06-22,Size Issue,4036.97,3
2987,26466,2024-04-29,Not as Expected,5172.79,1
2988,23195,2024-06-30,Wrong Product,2046.16,9
2989,19028,2024-05-29,Late Delivery,6649.44,7
2990,13607,2024-08-18,Wrong Product,4237.06,3
2991,23789,2024-02-21,Not as Expected,2988.35,6
2992,34370,2024-12-10,Wrong Product,3444.87,8
2993,48855,2024-06-22,Damaged,3193.36,2
2994,24628,2024-06-21,Damaged,2429.0,7
2995,3889,2024-11-23,Wrong Product,963.33,5
2996,18283,2024-06-04,Not as Expected,2892.74,4
2997,31549,2024-12-03,Size Issue,5111.01,6
2998,1904,2024-06-15,Late Delivery,3610.99,1
2999,29751,2024-11-26,Late Delivery,4083.3,6
3000,30092,2024-06-09,Size Issue,3696.96,3
3001,37430,2024-06-29,Late Delivery,1781.14,2
3002,38938,2024-09-17,Not as Expected,1170.79,7
3003,39556,2024-04-01,Damaged,3943.16,4
3004,5278,2024-04-08,Not as Expected,345.05,4
3005,35006,2024-05-20,Wrong Product,5903.59,6
3006,29160,2024-03-31,Not as Expected,1979.02,9
3007,47985,2025-01-06,Wrong Product,4577.58,9
3008,7222,2024-03-11,Damaged,5563.34,4
3009,31310,2024-12-14,Damaged,7595.24,1
3010,22939,2024-02-04,Not as Expected,4849.85,5
3011,4516,2024-06-19,Size Issue,5680.05,1
3012,37215,2024-08-27,Damaged,2913.35,9
3013,21464,2024-05-03,Late Delivery,4647.88,1
3014,9039,2024-08-08,Wrong Product,3879.46,9
3015,13539,2024-07-23,Damaged,2614.68,9
3016,20850,2024-03-26,Wrong Product,1552.29,2
3017,9880,2024-07-05,Late Delivery,4757.56,8
3018,1485,2024-03-06,Late Delivery,5358.6,7
3019,35498,2024-09-02,Damaged,4603.88,3
3020,29565,2024-10-23,Wrong Product,1303.22,9
3021,14866,2024-03-30,Not as Expected,2452.25,5
3022,34325,2024-07-20,Wrong Product,6115.03,6
3023,37817,2024-01-19,Damaged,3142.79,1
3024,29755,2024-07-30,Late Delivery,4863.47,6
3025,15011,2024-08-18,Late Delivery,2967.72,6
3026,32200,2024-03-19,Late Delivery,5244.04,9
3027,39443,2024-10-16,Wrong Product,4307.01,7
3028,21710,2024-11-01,Size Issue,1240.55,2
3029,31499,2024-06-16,Wrong Product,2333.58,6
3030,12956,2024-07-22,Late Delivery,331.41,7
3031,20143,2024-04-19,Size Issue,884.32,3
3032,12973,2024-09-05,Damaged,672.24,2
3033,11109,2024-08-08,Damaged,4132.34,5
3034,7685,2024-11-20,Late Delivery,3186.26,9
3035,22976,2024-08-31,Late Delivery,3282.02,8
3036,6939,2024-06-21,Damaged,2297.5,9
3037,24657,2024-11-05,Not as Expected,4686.85,8
3038,2038,2024-10-13,Wrong Product,7222.71,6
3039,45307,2024-06-28,Not as Expected,6021.43,1
3040,4773,2024-11-13,Late Delivery,2884.15,8
3041,867,2024-07-28,Damaged,4974.93,9
3042,7729,2024-07-13,Wrong Product,3112.01,7
3043,39662,2024-03-26,Not as Expected,362.53,3
3044,20129,2024-10-22,Size Issue,5675.36,3
3045,47133,2024-10-14,Not as Expected,411.05,9
3046,18920,2025-01-07,Not as Expected,824.52,9
3047,29789,2024-06-09,Not as Expected,4603.53,4
3048,43959,2024-07-08,Not as Expected,2467.61,6
3049,7858,2024-07-17,Not as Expected,523.69,1
3050,28648,2024-03-22,Late Delivery,519.26,7
3051,18214,2024-02-21,Size Issue,8025.2,3
3052,9499,2024-10-26,Late Delivery,8614.61,1
3053,39371,2024-10-18,Late Delivery,655.87,7
3054,6601,2024-03-07,Late Delivery,4675.66,6
3055,36663,2024-05-24,Size Issue,4256.89,2
3056,17986,2024-02-24,Not as Expected,7587.21,9
3057,30879,2025-01-10,Wrong Product,1386.59,8
3058,41656,2024-05-24,Late Delivery,1271.05,9
3059,37233,2024-05-30,Size Issue,6661.26,4
3060,12130,2024-03-15,Wrong Product,1992.69,1
3061,19322,2024-07-12,Damaged,3410.79,3
3062,15589,2024-12-15,Wrong Product,1777.78,5
3063,18212,2024-01-18,Size Issue,1775.64,7
3064,43267,2024-12-05,Not as Expected,6705.62,7
3065,6416,2024-05-12,Not as Expected,5038.95,5
3066,1021,2024-07-04,Wrong Product,3034.03,1
3067,313,2024-05-17,Wrong Product,5501.47,1
3068,19469,2024-10-11,Not as Expected,3459.09,3
3069,29283,2024-09-24,Damaged,1712.82,6
3070,41957,2024-06-10,Wrong Product,1017.63,7
3071,29864,2024-07-06,Damaged,5320.42,6
3072,14248,2024-09-29,Wrong Product,2493.52,5
3073,23702,2024-08-06,Size Issue,4079.41,6
3074,17613,2025-01-07,Wrong Product,2567.0,7
3075,9131,2024-04-24,Not as Expected,5669.04,3
3076,36683,2024-12-13,Damaged,2595.01,7
3077,30382,2024-04-28,Wrong Product,5262.2,3
3078,345,2024-09-19,Not as Expected,2482.31,9
3079,47596,2024-11-04,Late Delivery,2790.22,9
3080,3608,2024-07-17,Late Delivery,5369.29,7
3081,14772,2024-11-23,Not as Expected,3154.09,6
3082,4706,2024-10-10,Wrong Product,1482.38,1
3083,21127,2024-12-01,Damaged,1206.02,7
3084,39250,2024-11-13,Wrong Product,7432.53,5
3085,40640,2024-09-18,Size Issue,4400.68,8
3086,29316,2024-04-16,Damaged,748.72,9
3087,35156,2024-07-13,Not as Expected,1303.64,8
3088,26657,2024-05-20,Size Issue,6654.33,6
3089,5499,2024-06-25,Wrong Product,6964.86,1
3090,12625,2024-12-11,Not as Expected,6041.58,6
3091,878,2024-12-29,Size Issue,6102.79,3
3092,7228,2024-07-17,Damaged,4490.61,6
3093,46138,2024-07-07,Late Delivery,4032.04,9
3094,6607,2024-01-23,Size Issue,6937.07,5
3095,2182,2024-05-02,Size Issue,3851.61,4
3096,1626,2024-11-11,Late Delivery,1659.12,3
3097,1651,2024-12-16,Size Issue,542.68,4
3098,32548,2024-07-16,Late Delivery,6574.78,8
3099,7335,2024-04-18,Damaged,6711.04,9
3100,49527,2024-06-25,Size Issue,5218.92,9
3101,48633,2024-06-30,Damaged,2488.38,1
3102,14279,2024-07-27,Late Delivery,5032.89,6
3103,952,2024-05-08,Size Issue,1904.94,2
3104,6344,2024-07-30,Damaged,767.64,6
3105,22265,2024-03-08,Late Delivery,7154.26,7
3106,47601,2024-07-16,Size Issue,3964.54,7
3107,38366,2024-12-17,Damaged,543.09,1
3108,34604,2024-11-04,Not as Expected,4444.66,1
3109,435,2024-03-04,Damaged,1505.44,7
3110,8533,2024-06-03,Wrong Product,4798.17,5
3111,29708,2024-08-23,Size Issue,2338.64,6
3112,35946,2024-03-02,Late Delivery,2757.58,2
3113,9163,2024-02-12,Damaged,4938.9,8
3114,26014,2024-08-16,Not as Expected,6620.4,7
3115,46185,2024-05-01,Not as Expected,6176.62,6
3116,35737,2024-06-02,Wrong Product,2855.72,7
3117,1306,2025-01-06,Late Delivery,651.75,7
3118,18608,2024-09-02,Damaged,494.42,3
3119,47824,2024-05-27,Damaged,2825.33,7
3120,15116,2024-03-28,Damaged,4766.6,3
3121,3177,2024-06-14,Wrong Product,2814.18,8
3122,41823,2024-02-02,Late Delivery,1206.65,9
3123,7728,2024-01-14,Wrong Product,4401.37,5
3124,9443,2024-02-23,Late Delivery,7619.21,4
3125,16072,2024-12-04,Wrong Product,1733.59,8
3126,25887,2024-08-31,Size Issue,231.22,9
3127,34685,2024-03-08,Damaged,4447.68,2
3128,41022,2024-05-25,Not as Expected,3877.31,4
3129,17048,2024-02-24,Damaged,4471.9,6
3130,42563,2024-06-09,Damaged,1449.6,5
3131,5279,2024-06-12,Late Delivery,3299.64,2
3132,37161,2024-10-25,Wrong Product,2843.95,5
3133,44175,2024-05-08,Not as Expected,7812.55,2
3134,25967,2024-08-10,Wrong Product,8146.79,3
3135,23036,2024-07-17,Size Issue,7179.76,9
3136,36801,2024-06-02,Wrong Product,5564.88,7
3137,24311,2024-07-31,Size Issue,506.57,3
3138,719,2024-11-04,Size Issue,3446.66,4
3139,41440,2024-08-28,Not as Expected,1819.47,5
3140,10885,2024-11-10,Late Delivery,1201.5,1
3141,33293,2024-09-21,Wrong Product,6099.35,9
3142,42062,2025-01-04,Not as Expected,5258.23,5
3143,12532,2024-02-29,Size Issue,3148.74,4
3144,21619,2024-02-19,Damaged,3924.72,1
3145,17804,2024-10-12,Wrong Product,6380.76,6
3146,32877,2024-11-08,Not as Expected,1540.63,3
3147,14399,2024-07-04,Late Delivery,901.43,6
3148,12164,2024-10-18,Size Issue,372.75,5
3149,33979,2024-06-23,Not as Expected,2105.74,6
3150,39211,2024-08-29,Not as Expected,1958.34,7
3151,26086,2024-01-23,Size Issue,4589.32,9
3152,23275,2024-09-15,Not as Expected,4382.22,1
3153,13325,2024-10-17,Wrong Product,426.39,2
3154,39620,2024-01-29,Size Issue,6714.07,7
3155,17396,2024-05-10,Damaged,1658.72,8
3156,33249,2024-11-13,Late Delivery,5644.95,6
3157,12286,2024-08-25,Size Issue,4920.14,9
3158,47060,2024-05-03,Size Issue,4931.78,9
3159,14586,2024-11-02,Size Issue,6671.53,3
3160,10176,2024-06-17,Wrong Product,5135.19,5
3161,39399,2024-05-07,Wrong Product,936.37,1
3162,7657,2024-09-11,Not as Expected,6466.58,4
3163,49289,2024-08-20,Damaged,4146.04,4
3164,17618,2024-08-11,Wrong Product,1850.78,8
3165,48136,2024-05-28,Late Delivery,537.22,3
3166,45233,2024-02-16,Wrong Product,2202.95,9
3167,44627,2024-01-16,Damaged,5293.17,5
3168,30055,2024-04-09,Damaged,3577.74,5
3169,6798,2024-10-21,Wrong Product,898.54,6
3170,8443,2024-04-16,Damaged,6302.66,4
3171,46212,2024-03-11,Late Delivery,5454.34,3
3172,51,2024-07-22,Damaged,3137.22,2
3173,10365,2024-06-06,Damaged,2527.19,9
3174,17483,2024-06-23,Damaged,4431.75,8
3175,35153,2024-02-01,Not as Expected,1050.69,2
3176,39842,2024-12-02,Wrong Product,1158.82,5
3177,49080,2024-09-14,Size Issue,956.53,9
3178,877,2024-07-25,Late Delivery,3268.56,3
3179,29964,2024-02-12,Damaged,1300.13,1
3180,27183,2024-12-06,Damaged,6649.21,4
3181,14461,2024-12-07,Wrong Product,1337.89,7
3182,13629,2024-09-28,Not as Expected,4667.1,9
3183,13104,2024-12-02,Wrong Product,7100.14,8
3184,18473,2025-01-01,Damaged,299.91,6
3185,35602,2024-09-12,Wrong Product,712.78,4
3186,29237,2024-12-23,Damaged,5893.32,7
3187,32863,2024-05-27,Not as Expected,3037.1,5
3188,47650,2024-07-17,Not as Expected,4563.71,9
3189,40967,2024-01-23,Late Delivery,4591.79,1
3190,33813,2024-01-14,Late Delivery,6782.92,6
3191,35078,2024-01-23,Damaged,2041.58,3
3192,35231,2024-06-04,Damaged,4766.6,6
3193,25240,2024-06-21,Size Issue,5586.25,9
3194,542,2024-02-22,Not as Expected,7401.92,5
3195,9153,2024-07-29,Late Delivery,5461.88,7
3196,32319,2024-12-18,Damaged,717.7,8
3197,37549,2024-11-25,Size Issue,1984.93,8
3198,20670,2024-05-27,Wrong Product,3542.3,2
3199,15036,2024-12-26,Size Issue,5195.97,4
3200,20174,2024-04-06,Late Delivery,4146.29,2
3201,24090,2024-06-09,Damaged,6851.06,8
3202,33529,2024-03-04,Late Delivery,5844.66,3
3203,1063,2024-12-21,Not as Expected,2842.84,9
3204,44200,2024-04-25,Damaged,974.57,2
3205,29305,2024-06-15,Wrong Product,4797.04,1
3206,26575,2024-02-29,Not as Expected,3797.39,1
3207,14578,2024-10-11,Size Issue,5637.22,6
3208,17209,2024-01-17,Not as Expected,1182.97,7
3209,21384,2024-09-29,Not as Expected,5274.23,4
3210,432,2024-10-26,Not as Expected,3559.8,1
3211,37481,2024-12-05,Not as Expected,6178.02,3
3212,7401,2024-06-20,Not as Expected,6892.66,5
3213,33869,2024-05-29,Late Delivery,2566.29,1
3214,44511,2024-10-28,Size Issue,4119.23,6
3215,25623,2024-08-27,Size Issue,3683.82,1
3216,36398,2024-10-19,Late Delivery,7561.81,1
3217,43432,2024-08-12,Wrong Product,3310.36,8
3218,10912,2024-09-08,Size Issue,7375.09,4
3219,31172,2024-07-28,Wrong Product,4597.21,6
3220,4035,2024-12-18,Late Delivery,942.88,6
3221,35515,2024-05-05,Late Delivery,3391.68,9
3222,15311,2024-05-23,Not as Expected,2426.59,3
3223,43731,2024-05-22,Size Issue,4635.54,2
3224,45650,2024-09-01,Size Issue,1808.07,1
3225,42873,2024-12-28,Wrong Product,2334.88,4
3226,15255,2024-04-07,Not as Expected,5914.35,9
3227,27590,2024-03-10,Late Delivery,2655.27,7
3228,29194,2024-02-03,Not as Expected,1078.79,6
3229,37825,2024-11-14,Late Delivery,4075.07,9
3230,40401,2024-04-04,Late Delivery,3613.76,7
3231,31365,2024-02-27,Wrong Product,2818.82,9
3232,28144,2024-05-11,Late Delivery,3537.8,6
3233,6293,2024-04-16,Wrong Product,7197.98,1
3234,36028,2024-06-11,Late Delivery,4376.73,1
3235,40484,2024-05-17,Not as Expected,5056.98,1
3236,13773,2024-09-04,Size Issue,6116.45,8
3237,29057,2024-07-20,Size Issue,5180.2,1
3238,46180,2024-09-15,Damaged,6546.11,7
3239,17419,2024-12-07,Size Issue,597.3,3
3240,32192,2024-09-20,Damaged,2426.26,4
3241,5971,2024-08-07,Size Issue,1634.42,7
3242,35321,2024-08-17,Wrong Product,2566.45,1
3243,32141,2024-09-29,Damaged,5279.4,1
3244,2191,2024-07-01,Wrong Product,5611.88,4
3245,46342,2024-09-06,Damaged,5212.54,3
3246,5643,2024-01-25,Size Issue,5054.61,1
3247,25249,2024-01-13,Damaged,2388.02,1
3248,5536,2024-10-13,Damaged,4311.96,6
3249,5690,2024-08-11,Size Issue,6275.9,7
3250,13621,2024-03-18,Late Delivery,3636.2,3
3251,18413,2024-06-01,Size Issue,3712.23,9
3252,6499,2024-08-31,Not as Expected,1052.05,5
3253,5168,2024-08-24,Wrong Product,5147.42,2
3254,14263,2024-01-26,Late Delivery,1202.85,9
3255,12915,2024-06-13,Not as Expected,479.29,7
3256,44035,2024-08-17,Late Delivery,4913.17,6
3257,31136,2024-06-27,Size Issue,2434.78,3
3258,15757,2024-05-07,Wrong Product,6209.94,6
3259,36456,2024-07-07,Not as Expected,2815.33,9
3260,36370,2024-03-22,Wrong Product,760.29,8
3261,10814,2024-12-31,Size Issue,3894.75,4
3262,19945,2024-06-05,Not as Expected,2997.16,2
3263,31209,2024-12-18,Size Issue,612.7,4
3264,47749,2024-10-30,Size Issue,2377.72,6
3265,38471,2024-12-30,Size Issue,6196.96,1
3266,47899,2024-04-13,Wrong Product,1239.08,7
3267,22322,2024-07-09,Late Delivery,3044.12,1
3268,23989,2024-05-13,Not as Expected,3261.4,6
3269,28795,2024-09-28,Damaged,477.34,9
3270,19351,2024-07-31,Size Issue,2849.3,1
3271,31117,2024-04-20,Wrong Product,7319.24,6
3272,21494,2024-06-24,Damaged,5369.96,3
3273,41251,2024-06-07,Late Delivery,6625.85,5
3274,41482,2024-02-26,Size Issue,1226.52,4
3275,25319,2024-07-11,Wrong Product,1910.43,4
3276,13152,2024-11-20,Damaged,836.37,7
3277,19998,2024-10-02,Not as Expected,7719.35,9
3278,17717,2024-05-11,Late Delivery,1648.33,1
3279,12749,2024-06-13,Wrong Product,4126.41,5
3280,12139,2024-06-14,Size Issue,1478.42,2
3281,48006,2024-09-01,Size Issue,5501.18,8
3282,4019,2024-09-15,Damaged,2435.14,8
3283,20711,2024-02-02,Damaged,693.36,6
3284,33001,2024-11-01,Not as Expected,1090.94,2
3285,45524,2024-05-10,Damaged,7367.64,7
3286,49131,2024-03-07,Wrong Product,3900.63,5
3287,15319,2024-12-12,Size Issue,2486.14,8
3288,23858,2024-01-30,Size Issue,2160.98,7
3289,43294,2024-08-09,Not as Expected,675.45,9
3290,17875,2024-03-08,Late Delivery,1684.54,7
3291,5033,2024-08-04,Not as Expected,1193.17,6
3292,11111,2024-08-01,Size Issue,3160.94,2
3293,28424,2024-09-19,Late Delivery,5847.29,2
3294,22890,2024-05-04,Damaged,2178.15,8
3295,49832,2024-10-12,Not as Expected,8096.9,6
3296,49772,2024-03-17,Size Issue,5140.76,1
3297,47200,2024-02-10,Late Delivery,4561.05,4
3298,10560,2024-07-17,Damaged,2025.58,1
3299,37479,2024-10-29,Wrong Product,5180.54,6
3300,34766,2024-02-05,Size Issue,3713.24,4
3301,28242,2024-09-23,Late Delivery,4270.21,3
3302,15308,2024-11-30,Not as Expected,2131.1,3
3303,21067,2024-09-30,Size Issue,3696.46,8
3304,5998,2024-05-27,Not as Expected,2305.6,5
3305,4404,2024-12-09,Damaged,1056.09,1
3306,20615,2024-09-02,Wrong Product,886.98,7
3307,7732,2024-07-15,Size Issue,2822.8,3
3308,38417,2025-01-01,Wrong Product,6074.03,2
3309,38928,2024-10-21,Not as Expected,3574.95,8
3310,44974,2024-06-26,Size Issue,3610.24,2
3311,40859,2024-03-21,Size Issue,5083.43,8
3312,47676,2024-03-27,Late Delivery,3895.62,3
3313,31578,2024-11-03,Not as Expected,3301.22,2
3314,30101,2024-12-06,Size Issue,1412.75,3
3315,1345,2024-01-13,Not as Expected,4083.5,5
3316,17421,2024-03-05,Wrong Product,5690.23,2
3317,35759,2024-06-03,Size Issue,1848.48,1
3318,47267,2024-04-06,Late Delivery,4604.88,2
3319,39080,2024-07-22,Damaged,1396.12,1
3320,20330,2024-05-20,Size Issue,2377.3,4
3321,24896,2024-09-05,Wrong Product,3842.47,3
3322,12379,2024-04-26,Wrong Product,266.14,2
3323,3153,2024-01-24,Size Issue,5759.7,3
3324,24717,2024-10-14,Damaged,5922.9,9
3325,8564,2024-09-29,Not as Expected,4281.98,6
3326,41396,2024-03-08,Damaged,5851.63,2
3327,49576,2024-07-22,Wrong Product,5625.01,3
3328,21736,2024-12-19,Size Issue,2225.31,9
3329,2504,2024-12-03,Damaged,2637.24,8
3330,37355,2024-04-11,Late Delivery,5836.91,7
3331,12021,2024-09-03,Wrong Product,6169.73,9
3332,33873,2024-11-05,Late Delivery,370.83,9
3333,49372,2024-02-08,Damaged,1120.32,9
3334,3865,2024-04-03,Not as Expected,5190.29,2
3335,24276,2024-09-21,Damaged,3538.78,9
3336,26532,2024-07-06,Damaged,1595.21,1
3337,7415,2024-07-30,Not as Expected,3876.06,2
3338,18577,2024-12-28,Not as Expected,4022.05,7
3339,17826,2024-06-07,Wrong Product,3437.61,8
3340,22701,2024-06-08,Size Issue,2597.02,9
3341,4649,2024-05-25,Size Issue,4343.79,3
3342,4050,2024-08-15,Not as Expected,6437.07,8
3343,35535,2024-08-18,Not as Expected,3187.24,6
3344,25474,2024-03-06,Wrong Product,1360.87,6
3345,6965,2024-03-30,Late Delivery,5682.9,4
3346,47508,2024-03-22,Damaged,5275.03,2
3347,25825,2024-03-08,Damaged,4295.22,2
3348,25223,2024-10-04,Damaged,5806.1,9
3349,35068,2024-09-28,Not as Expected,8035.07,1
3350,19616,2024-12-16,Damaged,3308.85,8
3351,30749,2024-06-20,Wrong Product,5423.4,6
3352,20501,2024-08-27,Not as Expected,5809.12,6
3353,22508,2024-02-23,Wrong Product,557.35,8
3354,11188,2024-03-28,Damaged,2558.93,5
3355,20733,2024-05-21,Size Issue,3489.91,3
3356,2311,2024-01-16,Not as Expected,1400.27,5
3357,8643,2024-07-13,Not as Expected,3960.61,7
3358,16367,2024-08-11,Damaged,6021.0,5
3359,5902,2024-08-15,Wrong Product,5822.54,4
3360,8770,2024-09-10,Not as Expected,942.03,7
3361,21789,2024-11-12,Not as Expected,2598.98,1
3362,17616,2024-05-11,Damaged,1282.33,7
3363,6172,2024-10-17,Wrong Product,3243.46,6
3364,13042,2024-09-14,Wrong Product,5877.36,7
3365,40052,2024-07-18,Late Delivery,6012.74,8
3366,22231,2024-03-19,Size Issue,626.3,6
3367,10791,2024-11-04,Late Delivery,2516.26,4
3368,8366,2024-07-19,Damaged,5390.89,3
3369,35320,2024-11-16,Size Issue,4250.08,2
3370,16328,2024-10-21,Size Issue,4671.09,1
3371,35462,2024-06-15,Size Issue,4520.57,1
3372,1731,2024-09-07,Size Issue,3243.39,7
3373,24830,2024-12-15,Damaged,1654.06,6
3374,37450,2024-04-30,Size Issue,630.99,7
3375,45072,2024-10-02,Size Issue,921.53,8
3376,49062,2024-08-31,Damaged,671.7,4
3377,36813,2024-08-23,Size Issue,5159.83,1
3378,7833,2024-09-21,Damaged,2635.74,8
3379,28528,2024-08-15,Size Issue,3485.56,7
3380,15374,2024-01-12,Damaged,927.98,9
3381,3006,2024-11-08,Damaged,839.4,9
3382,35458,2024-10-25,Damaged,4785.29,6
3383,4464,2025-01-01,Wrong Product,572.6,4
3384,23050,2024-03-09,Wrong Product,724.34,4
3385,1350,2024-11-25,Damaged,1110.64,6
3386,37982,2024-11-04,Size Issue,4732.71,3
3387,46048,2024-11-30,Not as Expected,1278.79,3
3388,29953,2024-10-07,Size Issue,1003.2,3
3389,7649,2024-07-10,Late Delivery,5132.49,3
3390,33864,2024-04-11,Not as Expected,2885.16,6
3391,38464,2024-09-29,Wrong Product,4166.91,7
3392,5100,2024-05-17,Damaged,3821.3,2
3393,31108,2024-05-08,Size Issue,6681.33,6
3394,479,2024-01-16,Wrong Product,405.92,8
3395,42165,2024-05-28,Not as Expected,7046.22,4
3396,21746,2024-03-06,Late Delivery,720.47,3
3397,21047,2024-04-23,Damaged,4796.72,7
3398,43569,2024-01-21,Not as Expected,4324.25,3
3399,3108,2024-11-02,Late Delivery,6690.22,9
3400,12828,2024-06-10,Not as Expected,5209.96,1
3401,42136,2024-10-20,Damaged,654.24,6
3402,18463,2024-10-11,Wrong Product,2104.3,3
3403,25172,2024-05-13,Not as Expected,1731.46,6
3404,28166,2024-12-25,Late Delivery,2080.47,6
3405,21309,2024-04-08,Size Issue,4869.23,8
3406,40844,2024-09-18,Wrong Product,582.06,3
3407,21731,2024-05-26,Damaged,1565.53,2
3408,42437,2024-06-21,Damaged,1042.07,9
3409,3545,2024-06-03,Size Issue,3524.08,8
3410,47578,2024-06-28,Damaged,4078.41,3
3411,9013,2024-03-01,Wrong Product,1638.23,3
3412,36610,2024-07-03,Wrong Product,709.44,6
3413,7788,2024-01-23,Wrong Product,4883.94,6
3414,16023,2024-05-02,Not as Expected,4853.3,4
3415,39597,2024-03-13,Damaged,958.42,6
3416,23097,2024-10-08,Damaged,3846.57,9
3417,27448,2024-09-18,Not as Expected,5060.97,9
3418,6657,2024-11-05,Damaged,4635.83,4
3419,27037,2024-05-21,Wrong Product,7105.67,5
3420,34419,2024-02-22,Not as Expected,738.3,4
3421,8129,2024-04-07,Late Delivery,4005.79,7
3422,43100,2024-03-30,Late Delivery,4528.07,6
3423,22053,2024-05-11,Wrong Product,473.02,5
3424,30427,2024-02-03,Late Delivery,2970.84,1
3425,34142,2024-06-28,Not as Expected,3234.34,4
3426,22129,2024-03-26,Late Delivery,605.19,6
3427,40193,2024-03-23,Not as Expected,1006.4,4
3428,30403,2024-10-08,Size Issue,7111.4,8
3429,48153,2024-03-10,Size Issue,1203.44,6
3430,37793,2024-12-04,Damaged,5466.76,9
3431,48410,2024-09-07,Wrong Product,6813.46,7
3432,42438,2024-09-04,Size Issue,465.85,1
3433,10041,2024-10-06,Damaged,718.88,5
3434,39287,2024-01-10,Not as Expected,2463.7,6
3435,17591,2024-02-03,Size Issue,789.19,3
3436,9816,2024-10-28,Damaged,1359.57,8
3437,588,2024-03-18,Damaged,4931.25,7
3438,27705,2024-08-31,Wrong Product,495.03,8
3439,499,2024-07-26,Size Issue,1283.21,5
3440,5025,2024-07-22,Not as Expected,3681.68,2
3441,47208,2024-10-20,Wrong Product,583.65,2
3442,22617,2024-08-14,Size Issue,3289.38,4
3443,23818,2024-06-06,Damaged,4820.86,5
3444,41997,2024-02-24,Not as Expected,1726.03,3
3445,2742,2024-11-02,Damaged,7329.23,3
3446,39818,2024-02-09,Late Delivery,6844.61,8
3447,263,2024-05-17,Wrong Product,1922.94,7
3448,26129,2024-03-13,Late Delivery,6304.73,7
3449,24707,2024-03-08,Wrong Product,1921.5,6
3450,46124,2024-11-30,Late Delivery,1354.63,3
3451,1287,2024-09-06,Wrong Product,3913.66,6
3452,21537,2024-02-07,Size Issue,3820.16,5
3453,1716,2024-12-29,Wrong Product,3043.72,6
3454,21396,2024-08-10,Damaged,828.57,1
3455,18995,2024-12-09,Not as Expected,5327.62,8
3456,39417,2024-12-01,Not as Expected,6824.63,4
3457,10650,2024-01-27,Size Issue,2697.62,1
3458,25683,2024-11-28,Not as Expected,6375.02,2
3459,37886,2024-03-07,Wrong Product,4842.72,1
3460,36395,2024-08-07,Damaged,905.87,9
3461,43532,2024-05-13,Not as Expected,7960.94,9
3462,47314,2024-10-31,Not as Expected,5086.79,7
3463,28715,2024-12-16,Damaged,4734.33,5
3464,20172,2024-07-10,Size Issue,1150.29,9
3465,9141,2024-04-14,Size Issue,6576.5,4
3466,23793,2024-07-02,Size Issue,2302.36,4
3467,41484,2024-09-06,Late Delivery,692.57,5
3468,35606,2024-11-22,Size Issue,5064.54,1
3469,20913,2024-09-18,Wrong Product,6063.33,4
3470,18979,2024-02-21,Not as Expected,4180.02,3
3471,445,2024-12-10,Wrong Product,1931.06,1
3472,5622,2024-01-27,Late Delivery,5356.19,9
3473,31425,2025-01-04,Not as Expected,4375.84,9
3474,32874,2024-02-25,Size Issue,993.02,1
3475,12685,2024-03-27,Late Delivery,2306.26,4
3476,17108,2024-10-18,Not as Expected,3535.66,5
3477,49304,2024-03-24,Not as Expected,4735.65,4
3478,45356,2024-12-22,Size Issue,1894.02,9
3479,33356,2024-02-14,Size Issue,685.63,7
3480,11967,2024-08-02,Wrong Product,1596.21,4
3481,6593,2024-07-18,Damaged,4980.35,5
3482,28157,2024-04-22,Late Delivery,2111.87,4
3483,41548,2024-08-29,Damaged,4354.2,5
3484,18459,2024-08-21,Late Delivery,6967.49,8
3485,18259,2024-01-26,Damaged,902.96,9
3486,38513,2024-09-05,Wrong Product,5575.81,9
3487,19142,2024-05-09,Late Delivery,5063.75,2
3488,43454,2024-04-15,Not as Expected,493.04,4
3489,18870,2024-09-18,Wrong Product,3905.42,1
3490,43729,2024-01-13,Damaged,5046.43,9
3491,46898,2024-11-09,Size Issue,1715.45,6
3492,21210,2024-07-13,Size Issue,6675.07,9
3493,4141,2024-12-24,Late Delivery,6418.81,9
3494,47724,2024-02-14,Wrong Product,7069.48,7
3495,18561,2024-09-05,Not as Expected,4542.03,7
3496,20208,2024-04-08,Late Delivery,5051.16,2
3497,43875,2024-09-10,Not as Expected,699.22,8
3498,10884,2024-08-27,Not as Expected,1823.91,4
3499,31803,2024-01-16,Damaged,4724.68,8
3500,1717,2024-12-17,Wrong Product,2360.22,8
3501,32735,2024-07-12,Late Delivery,1957.03,5
3502,18131,2024-12-27,Size Issue,2888.03,7
3503,36497,2024-06-28,Size Issue,3254.81,1
3504,13425,2024-08-03,Wrong Product,4484.05,4
3505,43276,2024-04-19,Late Delivery,3505.33,7
3506,28320,2024-02-29,Damaged,4377.55,1
3507,28706,2024-03-31,Not as Expected,2247.49,2
3508,49267,2024-03-19,Damaged,2418.08,9
3509,43401,2024-09-05,Wrong Product,1544.97,1
3510,48599,2024-10-06,Damaged,5107.03,6
3511,10506,2024-08-13,Size Issue,1807.44,8
3512,30391,2024-05-15,Damaged,5240.38,6
3513,6590,2024-01-05,Damaged,256.72,7
3514,46956,2024-08-02,Wrong Product,5800.88,9
3515,15663,2024-12-19,Wrong Product,6448.12,5
3516,23851,2024-12-04,Not as Expected,7059.93,4
3517,14638,2025-01-05,Damaged,3921.93,5
3518,6557,2024-11-18,Wrong Product,3819.31,1
3519,7094,2024-05-03,Wrong Product,4873.58,1
3520,31176,2024-07-16,Not as Expected,7101.7,8
3521,13937,2024-11-07,Wrong Product,1689.71,2
3522,49563,2024-12-03,Damaged,7173.08,8
3523,25789,2024-12-23,Damaged,4041.66,3
3524,29002,2024-04-26,Size Issue,3144.12,4
3525,10021,2024-02-18,Size Issue,1137.42,7
3526,26808,2024-03-23,Damaged,3065.36,4
3527,11270,2024-12-13,Damaged,880.07,9
3528,46482,2024-07-01,Damaged,4507.62,5
3529,28540,2024-09-17,Late Delivery,6536.12,3
3530,41234,2024-01-16,Size Issue,4994.24,1
3531,14326,2024-03-12,Late Delivery,4422.1,3
3532,42349,2024-12-09,Wrong Product,7620.64,7
3533,21785,2024-12-05,Damaged,1168.43,1
3534,7297,2024-10-18,Wrong Product,1367.2,5
3535,36199,2024-01-27,Damaged,5203.02,5
3536,14388,2024-09-16,Wrong Product,1336.49,6
3537,31206,2024-08-16,Not as Expected,3264.89,4
3538,968,2024-08-21,Size Issue,4597.24,8
3539,15124,2024-02-22,Damaged,6652.05,5
3540,37367,2024-07-22,Wrong Product,2827.85,3
3541,31384,2024-11-11,Damaged,1411.19,8
3542,22634,2024-11-26,Size Issue,572.56,6
3543,42783,2024-05-14,Not as Expected,5024.3,2
3544,7180,2024-03-11,Wrong Product,706.21,6
3545,31781,2024-07-05,Not as Expected,3092.97,5
3546,37934,2024-08-01,Late Delivery,4091.25,5
3547,23159,2024-10-14,Late Delivery,8081.53,9
3548,906,2024-03-11,Wrong Product,1919.76,6
3549,25888,2024-06-04,Damaged,3428.08,5
3550,36447,2024-10-07,Late Delivery,641.08,9
3551,46032,2024-05-12,Wrong Product,1875.21,4
3552,28496,2024-02-28,Damaged,3124.15,7
3553,28860,2024-06-17,Late Delivery,4572.29,4
3554,42812,2024-08-12,Damaged,1595.18,4
3555,43798,2024-10-25,Size Issue,3336.46,1
3556,22534,2024-06-18,Damaged,2878.2,2
3557,43574,2024-06-22,Not as Expected,2510.39,4
3558,32323,2024-08-23,Not as Expected,6232.92,9
3559,28024,2024-10-10,Damaged,8157.55,1
3560,39369,2024-12-25,Wrong Product,4455.2,1
3561,12589,2024-12-30,Not as Expected,4259.62,3
3562,24007,2024-07-31,Not as Expected,3010.13,8
3563,9567,2024-11-30,Not as Expected,1417.63,8
3564,14370,2024-07-20,Damaged,467.54,8
3565,29766,2024-10-29,Damaged,8391.38,7
3566,29122,2024-01-29,Late Delivery,5527.98,5
3567,40254,2024-02-23,Not as Expected,1249.79,8
3568,36450,2024-02-12,Size Issue,4071.1,2
3569,33690,2024-01-24,Size Issue,597.52,9
3570,8852,2024-10-10,Wrong Product,5513.17,1
3571,29778,2024-08-24,Not as Expected,2369.62,8
3572,8955,2024-11-17,Wrong Product,3133.41,9
3573,37913,2024-02-21,Size Issue,6910.16,6
3574,5725,2024-09-07,Late Delivery,7014.51,3
3575,44820,2024-10-03,Not as Expected,3727.37,8
3576,38109,2024-12-30,Size Issue,4452.76,7
3577,2332,2024-09-19,Not as Expected,6227.76,2
3578,10015,2024-03-19,Not as Expected,2969.39,4
3579,30420,2024-05-09,Wrong Product,1809.95,2
3580,27542,2024-02-03,Wrong Product,7734.4,4
3581,32099,2024-04-13,Not as Expected,5167.71,3
3582,29424,2024-01-15,Not as Expected,2895.78,9
3583,38148,2024-06-10,Not as Expected,960.64,8
3584,11916,2024-11-09,Wrong Product,3469.46,3
3585,10170,2024-08-21,Late Delivery,5212.91,7
3586,33302,2024-11-12,Damaged,6584.09,1
3587,2910,2024-06-08,Size Issue,997.85,4
3588,29373,2024-09-18,Wrong Product,2862.64,9
3589,7085,2024-12-02,Late Delivery,1416.87,2
3590,45938,2024-04-03,Not as Expected,6437.44,8
3591,30280,2024-04-09,Size Issue,6769.0,9
3592,5706,2024-05-07,Damaged,2396.94,7
3593,11149,2024-03-01,Size Issue,3005.79,6
3594,30564,2024-07-02,Not as Expected,2300.71,7
3595,49925,2024-11-07,Damaged,6043.85,6
3596,21296,2024-12-02,Damaged,5831.94,3
3597,7294,2024-12-30,Wrong Product,1288.5,7
3598,30133,2024-03-31,Late Delivery,8365.42,9
3599,23872,2025-01-09,Damaged,6357.17,5
3600,17928,2024-08-25,Size Issue,3186.24,4
3601,43130,2024-11-20,Not as Expected,3315.63,2
3602,40277,2024-09-05,Damaged,2459.57,4
3603,4534,2024-02-11,Wrong Product,3535.41,6
3604,16186,2024-05-13,Damaged,5481.06,4
3605,62,2024-01-19,Wrong Product,4741.57,6
3606,6926,2024-02-28,Not as Expected,1556.01,7
3607,25317,2024-12-23,Late Delivery,997.68,3
3608,24921,2025-01-11,Late Delivery,4764.64,6
3609,42390,2024-04-06,Wrong Product,4077.79,5
3610,5878,2024-12-06,Not as Expected,530.74,6
3611,44309,2024-11-19,Size Issue,5214.28,3
3612,27395,2024-02-19,Not as Expected,6881.56,5
3613,3833,2024-06-20,Late Delivery,909.36,6
3614,16213,2024-01-27,Size Issue,6241.38,9
3615,9400,2024-03-15,Late Delivery,5509.04,2
3616,26422,2024-05-08,Late Delivery,1421.14,7
3617,14511,2024-04-24,Size Issue,624.14,7
3618,30005,2024-10-05,Wrong Product,5788.31,7
3619,25941,2024-09-08,Not as Expected,5227.45,7
3620,15906,2024-08-03,Late Delivery,7497.47,8
3621,21633,2024-12-21,Not as Expected,2686.18,8
3622,6597,2024-09-02,Late Delivery,2053.74,6
3623,13556,2024-11-10,Damaged,910.42,7
3624,12020,2024-01-31,Size Issue,937.58,1
3625,17751,2024-06-24,Damaged,2784.82,5
3626,37019,2024-02-12,Not as Expected,3141.94,8
3627,47491,2024-01-11,Damaged,3839.22,8
3628,25281,2024-10-17,Not as Expected,1947.72,6
3629,236,2024-12-08,Not as Expected,3378.93,3
3630,18922,2024-05-01,Wrong Product,4503.87,1
3631,41388,2024-09-24,Damaged,4522.41,2
3632,15239,2024-12-08,Late Delivery,1568.54,6
3633,49155,2024-11-14,Damaged,1126.99,2
3634,35453,2024-12-04,Damaged,3307.51,6
3635,35772,2024-12-07,Not as Expected,1053.97,1
3636,9647,2024-05-18,Damaged,3938.92,4
3637,29452,2024-11-04,Size Issue,5600.74,6
3638,49730,2024-01-12,Not as Expected,3790.8,7
3639,28696,2024-04-25,Wrong Product,2905.4,9
3640,13983,2024-02-15,Not as Expected,660.07,7
3641,14903,2024-12-08,Late Delivery,1315.38,3
3642,34303,2024-06-30,Size Issue,6261.09,1
3643,15498,2024-04-30,Not as Expected,6648.51,3
3644,47648,2024-04-17,Damaged,970.23,4
3645,33164,2024-06-14,Damaged,810.33,9
3646,4299,2024-12-15,Not as Expected,1923.73,9
3647,45225,2024-02-27,Not as Expected,4179.94,4
3648,43035,2024-12-11,Not as Expected,2130.66,1
3649,45598,2024-09-05,Wrong Product,5129.78,2
3650,12053,2024-11-09,Wrong Product,4546.18,9
3651,1325,2024-01-20,Damaged,4618.98,3
3652,41159,2024-04-02,Wrong Product,1245.02,3
3653,41902,2024-04-10,Late Delivery,8060.68,8
3654,14095,2024-08-11,Damaged,5144.78,3
3655,34280,2024-09-16,Late Delivery,1935.67,1
3656,42690,2024-10-03,Not as Expected,4577.92,5
3657,17626,2024-11-18,Not as Expected,1610.01,5
3658,40541,2024-08-15,Not as Expected,5936.24,1
3659,40088,2024-09-03,Late Delivery,987.24,4
3660,34110,2024-09-27,Damaged,3520.75,9
3661,47945,2024-10-04,Wrong Product,3901.69,8
3662,21368,2024-08-22,Not as Expected,509.12,7
3663,36392,2024-02-05,Wrong Product,6809.29,8
3664,38430,2024-03-13,Wrong Product,6217.86,2
3665,35654,2024-07-01,Size Issue,5245.33,6
3666,12472,2024-04-14,Wrong Product,309.41,2
3667,38839,2024-08-25,Size Issue,4265.29,3
3668,18419,2024-01-10,Not as Expected,4160.76,5
3669,13483,2024-11-29,Late Delivery,3686.57,5
3670,38213,2024-11-22,Damaged,3815.36,3
3671,21195,2024-08-23,Damaged,882.32,6
3672,26227,2024-11-29,Late Delivery,525.33,2
3673,13070,2024-04-26,Damaged,2757.86,9
3674,38316,2024-06-15,Not as Expected,1861.12,2
3675,25102,2024-07-25,Not as Expected,1826.67,8
3676,13897,2024-02-17,Wrong Product,1325.11,1
3677,29764,2024-02-04,Not as Expected,5238.25,2
3678,11883,2024-10-25,Damaged,3910.9,5
3679,12736,2024-11-18,Late Delivery,3864.78,3
3680,3666,2024-10-22,Damaged,790.59,1
3681,16131,2024-11-06,Damaged,1073.79,9
3682,19401,2024-07-28,Wrong Product,3171.75,2
3683,40558,2024-09-30,Size Issue,4486.8,2
3684,36989,2024-06-02,Not as Expected,4943.09,5
3685,9092,2024-10-08,Wrong Product,4441.78,9
3686,16970,2024-05-22,Not as Expected,6343.02,9
3687,32466,2024-12-18,Damaged,1955.77,7
3688,31330,2024-09-28,Wrong Product,4925.7,1
3689,48115,2024-06-05,Late Delivery,5796.37,5
3690,17524,2024-09-15,Damaged,4497.33,7
3691,26223,2024-07-27,Size Issue,4628.54,6
3692,34202,2024-02-21,Size Issue,5755.38,8
3693,8009,2024-04-04,Wrong Product,2926.84,4
3694,34368,2024-09-09,Damaged,6595.84,7
3695,39455,2024-04-16,Size Issue,5748.42,5
3696,36782,2024-11-08,Damaged,4058.78,9
3697,26201,2024-05-18,Late Delivery,5599.42,2
3698,31693,2024-02-12,Not as Expected,5115.18,7
3699,34767,2024-12-30,Late Delivery,1952.31,1
3700,43417,2024-08-15,Size Issue,1559.8,7
3701,11644,2024-04-10,Size Issue,5190.29,4
3702,34791,2024-07-15,Size Issue,3626.21,8
3703,1838,2024-12-20,Damaged,1110.37,1
3704,17506,2024-02-03,Wrong Product,341.84,3
3705,4024,2024-12-03,Late Delivery,2836.26,1
3706,32325,2024-06-24,Not as Expected,4602.83,7
3707,1941,2024-07-09,Wrong Product,4924.46,1
3708,7567,2024-10-02,Wrong Product,1742.66,7
3709,40075,2024-01-20,Size Issue,4683.48,5
3710,35192,2024-08-13,Size Issue,2894.89,7
3711,36399,2024-10-17,Not as Expected,1850.62,1
3712,12656,2024-07-30,Wrong Product,3959.26,5
3713,678,2024-07-07,Damaged,814.11,6
3714,32272,2024-05-25,Wrong Product,2101.74,1
3715,38657,2024-12-21,Size Issue,1944.77,4
3716,11085,2024-10-28,Damaged,7495.78,8
3717,44907,2024-01-12,Size Issue,4708.44,8
3718,4002,2024-06-12,Late Delivery,6701.54,5
3719,8928,2024-04-12,Late Delivery,4724.45,1
3720,13958,2024-11-13,Late Delivery,4606.79,1
3721,23533,2024-06-27,Not as Expected,489.3,6
3722,47424,2024-12-25,Not as Expected,600.74,3
3723,40164,2024-01-12,Damaged,1306.69,6
3724,4493,2024-10-20,Not as Expected,5480.4,9
3725,278,2024-04-28,Size Issue,5360.61,8
3726,40048,2024-12-21,Not as Expected,2200.83,8
3727,26240,2024-09-24,Wrong Product,394.45,1
3728,39724,2024-11-29,Late Delivery,7038.5,8
3729,40931,2024-06-08,Not as Expected,5790.62,7
3730,29867,2024-03-17,Size Issue,1255.94,3
3731,24652,2024-07-21,Wrong Product,2816.73,2
3732,30360,2024-07-16,Size Issue,5845.72,9
3733,1127,2024-11-24,Late Delivery,1885.67,2
3734,9137,2024-07-08,Not as Expected,5258.5,8
3735,35858,2024-05-09,Not as Expected,880.11,8
3736,22809,2024-02-01,Damaged,3425.55,7
3737,31385,2024-06-08,Wrong Product,4476.65,5
3738,15184,2024-11-07,Size Issue,6946.56,3
3739,34602,2024-07-31,Not as Expected,5291.14,4
3740,7988,2024-03-01,Not as Expected,8144.79,7
3741,28312,2024-01-09,Damaged,1343.9,1
3742,45481,2024-10-24,Wrong Product,558.13,8
3743,36281,2024-01-29,Wrong Product,3850.66,5
3744,22772,2024-05-17,Damaged,2434.71,8
3745,38866,2024-02-17,Not as Expected,4385.99,9
3746,46042,2024-03-28,Not as Expected,927.95,4
3747,37242,2024-04-05,Wrong Product,576.08,8
3748,21739,2024-04-22,Late Delivery,4741.91,9
3749,5559,2024-05-29,Damaged,882.71,3
3750,9737,2024-03-22,Damaged,5920.53,7
3751,29180,2024-09-11,Damaged,526.76,1
3752,20342,2024-01-19,Not as Expected,4119.27,7
3753,2074,2024-11-04,Wrong Product,2903.3,6
3754,37208,2024-12-02,Late Delivery,4668.81,1
3755,11525,2024-10-25,Size Issue,3337.71,7
3756,44277,2024-06-08,Damaged,5016.36,9
3757,39628,2024-05-17,Wrong Product,7531.46,5
3758,45040,2024-06-01,Not as Expected,634.97,8
3759,42117,2024-06-26,Late Delivery,2172.37,4
3760,37228,2024-05-30,Not as Expected,761.49,7
3761,8522,2024-11-20,Late Delivery,7067.45,5
3762,17515,2025-01-10,Size Issue,5275.4,2
3763,49613,2024-05-14,Late Delivery,327.9,6
3764,1119,2024-07-18,Late Delivery,5537.88,9
3765,4441,2024-05-13,Late Delivery,5568.38,6
3766,6265,2024-01-16,Late Delivery,5041.41,7
3767,10359,2024-06-10,Late Delivery,2979.3,6
3768,22656,2024-03-28,Size Issue,1764.58,4
3769,22942,2024-11-30,Late Delivery,3043.05,5
3770,33005,2025-01-01,Damaged,5531.34,4
3771,37048,2024-08-08,Not as Expected,4606.52,6
3772,11255,2024-03-05,Wrong Product,4735.06,9
3773,12808,2024-07-13,Size Issue,4583.56,7
3774,20555,2024-10-15,Late Delivery,4547.7,8
3775,24607,2024-06-30,Size Issue,3205.98,1
3776,21758,2024-03-17,Size Issue,1368.99,5
3777,39290,2024-09-24,Wrong Product,275.54,9
3778,22395,2024-07-19,Wrong Product,469.72,3
3779,35853,2024-08-23,Not as Expected,5082.24,9
3780,8007,2024-07-03,Late Delivery,3131.06,8
3781,15800,2024-09-22,Not as Expected,1619.18,3
3782,29869,2024-03-10,Size Issue,1478.52,9
3783,7688,2024-11-15,Wrong Product,4742.31,7
3784,231,2024-06-13,Size Issue,3788.36,5
3785,18823,2024-03-23,Not as Expected,4676.81,7
3786,47816,2024-08-23,Damaged,3769.67,2
3787,35969,2024-03-03,Damaged,5144.1,7
3788,2066,2024-08-20,Late Delivery,515.3,4
3789,25629,2024-08-06,Damaged,6172.34,2
3790,18135,2024-02-21,Not as Expected,834.15,4
3791,32977,2024-09-03,Not as Expected,1444.3,6
3792,38039,2024-07-13,Wrong Product,4916.28,5
3793,11634,2024-05-17,Size Issue,2338.73,6
3794,14584,2024-07-27,Not as Expected,4516.84,9
3795,46646,2024-01-15,Damaged,2271.44,9
3796,1002,2024-01-31,Wrong Product,4312.11,5
3797,48954,2024-10-04,Late Delivery,1951.9,5
3798,4144,2024-04-04,Size Issue,6085.1,8
3799,7233,2024-01-14,Wrong Product,1027.67,7
3800,43645,2024-12-02,Damaged,5978.14,6
3801,690,2024-07-29,Not as Expected,4146.61,1
3802,33913,2024-03-14,Size Issue,4809.06,4
3803,32376,2024-08-10,Not as Expected,1612.28,5
3804,20047,2024-10-15,Damaged,5246.77,3
3805,7363,2024-08-25,Damaged,2119.41,7
3806,43067,2024-06-09,Size Issue,1846.52,4
3807,15596,2024-06-13,Wrong Product,4723.02,1
3808,39145,2024-12-14,Damaged,4337.37,6
3809,24544,2024-12-28,Damaged,2826.89,5
3810,5950,2024-11-20,Not as Expected,5232.23,6
3811,42978,2024-05-13,Wrong Product,533.94,6
3812,26711,2025-01-07,Size Issue,1798.26,3
3813,15569,2024-05-13,Late Delivery,1546.81,6
3814,27428,2024-08-10,Late Delivery,882.09,3
3815,5928,2024-10-08,Size Issue,1107.04,2
3816,9258,2024-05-23,Wrong Product,2570.78,9
3817,30448,2024-02-27,Wrong Product,960.03,4
3818,6357,2024-06-16,Damaged,293.68,6
3819,7234,2024-08-27,Not as Expected,2394.91,1
3820,29128,2024-07-22,Damaged,5326.34,4
3821,40043,2024-11-29,Late Delivery,2607.03,1
3822,23963,2024-03-05,Late Delivery,2762.31,8
3823,107,2024-01-20,Size Issue,2623.46,7
3824,48066,2024-02-05,Late Delivery,1416.13,6
3825,6338,2024-04-25,Not as Expected,1850.24,5
3826,32382,2024-06-11,Late Delivery,4023.09,1
3827,21163,2024-05-12,Wrong Product,4650.51,8
3828,11711,2024-04-04,Damaged,3482.62,3
3829,3698,2024-12-05,Size Issue,1167.78,9
3830,10607,2024-01-10,Damaged,3722.0,6
3831,32360,2024-09-14,Late Delivery,2644.2,7
3832,2695,2024-11-30,Late Delivery,5446.81,1
3833,22965,2024-06-26,Size Issue,1450.48,9
3834,18611,2024-12-08,Damaged,676.49,9
3835,20112,2024-12-23,Wrong Product,1613.58,4
3836,34508,2024-08-12,Wrong Product,2065.34,8
3837,13618,2024-02-19,Size Issue,4571.9,9
3838,39341,2024-09-14,Late Delivery,4727.1,5
3839,29841,2024-10-17,Size Issue,5137.67,5
3840,39559,2024-02-14,Not as Expected,2596.28,1
3841,46820,2024-08-06,Not as Expected,3163.49,2
3842,44761,2024-04-10,Wrong Product,2507.46,5
3843,21258,2024-06-06,Size Issue,259.54,7
3844,22042,2024-12-07,Size Issue,706.06,1
3845,15188,2024-05-29,Late Delivery,3841.72,4
3846,6263,2024-04-19,Wrong Product,6294.24,5
3847,16227,2024-05-11,Wrong Product,4810.59,6
3848,42132,2024-10-12,Size Issue,1852.37,3
3849,34243,2024-02-16,Not as Expected,3020.52,4
3850,47297,2024-07-19,Late Delivery,6914.94,4
3851,9008,2024-12-12,Size Issue,777.86,5
3852,48338,2024-04-30,Damaged,6810.83,6
3853,22444,2024-05-09,Size Issue,6197.82,9
3854,30642,2024-01-27,Wrong Product,2589.31,5
3855,34687,2024-02-17,Damaged,5629.14,5
3856,12848,2024-04-30,Not as Expected,5750.16,8
3857,24334,2024-09-15,Damaged,2109.24,9
3858,8556,2024-08-30,Late Delivery,3807.84,4
3859,1628,2024-03-10,Late Delivery,1546.06,3
3860,19605,2024-12-25,Not as Expected,2019.42,2
3861,16615,2024-07-22,Size Issue,5172.63,9
3862,3157,2024-02-09,Not as Expected,2607.04,1
3863,8434,2024-09-28,Late Delivery,4322.6,1
3864,41535,2024-04-07,Not as Expected,5497.75,9
3865,36287,2024-04-28,Late Delivery,483.33,9
3866,42919,2024-02-21,Not as Expected,4715.75,4
3867,36274,2024-10-03,Size Issue,576.81,3
3868,24547,2024-06-21,Late Delivery,5734.32,4
3869,8397,2024-09-24,Late Delivery,5685.34,9
3870,42921,2024-03-08,Wrong Product,3950.68,4
3871,12957,2024-07-14,Damaged,2958.1,5
3872,15379,2024-06-22,Damaged,6460.38,2
3873,39884,2024-05-09,Late Delivery,5813.16,7
3874,16033,2024-03-30,Damaged,6844.2,6
3875,48656,2024-01-09,Wrong Product,7131.32,5
3876,27729,2024-12-10,Wrong Product,5673.73,8
3877,17597,2024-02-22,Wrong Product,619.87,6
3878,25871,2024-11-30,Damaged,3577.54,2
3879,6843,2024-05-03,Wrong Product,1341.42,6
3880,37910,2024-04-14,Size Issue,1814.66,5
3881,15215,2024-10-20,Not as Expected,2862.67,4
3882,17508,2024-03-20,Size Issue,5925.06,3
3883,6505,2024-07-28,Not as Expected,3016.24,9
3884,26454,2025-01-01,Damaged,6076.65,4
3885,35733,2024-01-08,Size Issue,690.25,4
3886,41958,2024-02-04,Late Delivery,7198.16,7
3887,29534,2024-05-23,Damaged,5696.89,7
3888,10430,2024-12-24,Late Delivery,957.49,3
3889,35087,2024-01-12,Wrong Product,772.07,5
3890,37490,2024-09-30,Size Issue,5327.87,5
3891,44617,2024-10-04,Size Issue,381.2,2
3892,1023,2024-04-23,Not as Expected,7925.02,4
3893,98,2024-06-13,Not as Expected,3740.81,1
3894,23247,2024-11-17,Not as Expected,7594.41,2
3895,25148,2024-03-27,Size Issue,6150.5,5
3896,845,2024-08-21,Not as Expected,1479.32,7
3897,34331,2024-02-10,Not as Expected,2660.74,3
3898,34203,2024-08-11,Late Delivery,4065.54,3
3899,40887,2024-02-14,Late Delivery,4662.95,8
3900,8845,2024-03-25,Size Issue,7237.78,9
3901,21478,2024-03-12,Not as Expected,6957.14,7
3902,16959,2024-02-05,Damaged,350.61,1
3903,40866,2025-01-03,Size Issue,5542.58,6
3904,24362,2024-07-26,Size Issue,2003.01,8
3905,6005,2024-06-16,Late Delivery,7151.32,6
3906,718,2024-03-26,Damaged,3034.32,9
3907,8203,2024-04-04,Wrong Product,569.91,8
3908,30439,2024-03-15,Late Delivery,5814.45,9
3909,46631,2024-01-28,Not as Expected,4029.69,4
3910,41904,2024-12-06,Size Issue,2386.56,8
3911,22307,2024-10-10,Size Issue,3009.87,9
3912,14424,2024-03-27,Size Issue,3175.92,8
3913,33421,2024-02-08,Size Issue,1935.37,5
3914,35275,2024-09-12,Wrong Product,7381.94,7
3915,47107,2024-04-10,Late Delivery,1908.1,7
3916,22981,2024-07-07,Late Delivery,5341.64,1
3917,9196,2024-12-10,Late Delivery,1737.15,3
3918,29300,2024-02-19,Damaged,5688.76,5
3919,43521,2024-08-01,Size Issue,3834.7,7
3920,12570,2024-01-13,Wrong Product,3347.46,5
3921,49973,2024-11-23,Wrong Product,489.06,7
3922,26031,2024-02-20,Size Issue,1414.38,7
3923,23914,2024-08-23,Damaged,7465.01,2
3924,18651,2024-08-25,Wrong Product,6837.69,2
3925,7339,2024-01-20,Not as Expected,4356.01,9
3926,38867,2024-06-21,Size Issue,5017.46,9
3927,11766,2024-08-09,Wrong Product,2937.61,1
3928,43039,2024-12-23,Not as Expected,4368.33,4
3929,10013,2024-03-11,Late Delivery,4323.26,5
3930,40290,2024-05-18,Wrong Product,1476.68,2
3931,48728,2024-11-09,Size Issue,3852.62,3
3932,14241,2024-11-11,Late Delivery,2452.88,2
3933,12698,2024-12-06,Damaged,3867.78,4
3934,7861,2024-11-26,Not as Expected,1687.87,5
3935,43037,2024-05-23,Not as Expected,3477.67,1
3936,15281,2024-08-08,Damaged,5281.67,1
3937,49492,2024-03-06,Not as Expected,5216.79,1
3938,35685,2024-04-27,Size Issue,4004.95,3
3939,31112,2024-10-03,Damaged,5659.28,5
3940,6619,2024-08-03,Damaged,4662.22,1
3941,26199,2025-01-07,Late Delivery,1639.94,9
3942,31792,2024-01-24,Not as Expected,6568.52,1
3943,7531,2024-11-16,Size Issue,4836.63,8
3944,48909,2024-05-07,Damaged,6460.11,1
3945,42989,2024-11-17,Not as Expected,561.07,4
3946,24104,2024-07-31,Late Delivery,2266.9,4
3947,25267,2024-06-13,Wrong Product,1549.62,4
3948,40765,2024-10-01,Late Delivery,5548.01,3
3949,37325,2024-10-08,Wrong Product,882.7,7
3950,28333,2024-09-17,Late Delivery,6742.21,6
3951,47915,2024-01-30,Wrong Product,2159.55,4
3952,47918,2024-10-05,Damaged,1580.51,3
3953,9537,2024-03-26,Damaged,1230.0,8
3954,28800,2024-12-24,Late Delivery,5109.42,5
3955,7714,2024-06-12,Wrong Product,1363.54,8
3956,6627,2024-02-26,Wrong Product,6584.92,5
3957,24074,2024-10-10,Not as Expected,5285.81,9
3958,33270,2024-03-18,Not as Expected,5515.48,4
3959,4611,2024-08-06,Size Issue,5095.65,1
3960,829,2024-04-04,Not as Expected,509.23,3
3961,24446,2024-12-06,Wrong Product,2460.3,6
3962,26182,2024-06-01,Not as Expected,1552.35,7
3963,44680,2024-05-22,Damaged,5958.22,3
3964,42485,2024-04-17,Size Issue,2346.09,3
3965,32424,2024-02-19,Late Delivery,4557.78,7
3966,16621,2024-02-02,Size Issue,6806.62,8
3967,36755,2024-10-15,Not as Expected,2014.59,4
3968,29974,2024-02-14,Wrong Product,1763.3,3
3969,13168,2024-02-19,Size Issue,4633.18,7
3970,43869,2024-08-09,Late Delivery,4814.14,6
3971,44943,2024-02-19,Not as Expected,5430.37,3
3972,10988,2024-06-22,Size Issue,4230.96,5
3973,7750,2024-05-20,Size Issue,6984.59,9
3974,25417,2024-08-24,Wrong Product,384.3,1
3975,27584,2024-03-02,Not as Expected,4018.17,6
3976,29047,2024-02-05,Damaged,7108.9,3
3977,35369,2024-02-22,Wrong Product,2968.57,3
3978,47815,2024-01-10,Not as Expected,2777.85,2
3979,14954,2024-12-14,Wrong Product,5278.65,5
3980,41378,2024-06-09,Size Issue,2814.9,3
3981,46426,2024-10-14,Size Issue,7482.69,6
3982,31830,2024-10-12,Damaged,1146.46,3
3983,23393,2024-06-21,Late Delivery,2917.84,7
3984,40118,2024-02-16,Size Issue,3811.57,3
3985,3267,2024-11-22,Wrong Product,2410.43,8
3986,41602,2024-10-08,Wrong Product,5662.58,8
3987,16543,2024-07-07,Damaged,1979.86,5
3988,26898,2024-05-01,Late Delivery,1106.68,4
3989,49313,2024-12-24,Wrong Product,4826.88,8
3990,42209,2024-12-31,Wrong Product,3988.57,6
3991,21896,2024-09-26,Wrong Product,1379.49,7
3992,42185,2024-11-15,Late Delivery,3229.9,4
3993,6080,2024-10-13,Late Delivery,2124.15,5
3994,32847,2024-04-15,Late Delivery,754.39,3
3995,24402,2024-01-17,Size Issue,1106.2,6
3996,21747,2024-02-10,Not as Expected,4103.97,7
3997,36656,2024-09-13,Not as Expected,4544.65,9
3998,28849,2024-04-22,Not as Expected,6733.94,7
3999,3049,2024-08-30,Wrong Product,4853.34,6
4000,36721,2024-05-31,Wrong Product,470.58,5
4001,24271,2024-09-27,Not as Expected,2511.15,1
4002,44197,2024-06-07,Size Issue,3071.82,2
4003,11607,2024-01-13,Late Delivery,5314.53,2
4004,29124,2024-07-30,Damaged,566.17,6
4005,30072,2024-06-19,Late Delivery,2846.69,9
4006,42442,2024-09-17,Late Delivery,6665.38,7
4007,6174,2024-03-31,Wrong Product,5363.08,2
4008,42723,2024-09-02,Wrong Product,6036.92,2
4009,2333,2024-09-22,Wrong Product,1154.8,3
4010,2389,2024-06-16,Size Issue,3932.34,3
4011,29262,2024-05-28,Damaged,3803.22,9
4012,3800,2024-01-19,Wrong Product,4445.92,5
4013,16051,2024-08-21,Not as Expected,1487.44,3
4014,35952,2024-05-19,Not as Expected,8250.24,2
4015,25574,2024-06-16,Damaged,3152.07,1
4016,13583,2024-12-14,Not as Expected,2908.73,9
4017,13797,2024-01-19,Size Issue,5939.07,6
4018,45982,2024-05-27,Not as Expected,4377.46,8
4019,10876,2024-04-23,Late Delivery,3747.65,6
4020,33692,2025-01-05,Damaged,4107.47,4
4021,24439,2024-11-06,Damaged,4041.13,7
4022,3118,2024-12-04,Late Delivery,3319.25,5
4023,27660,2024-11-18,Not as Expected,3906.67,5
4024,43063,2024-11-25,Damaged,1656.03,2
4025,10906,2024-07-22,Size Issue,5653.82,9
4026,20065,2024-01-09,Wrong Product,5779.07,4
4027,24098,2024-08-21,Not as Expected,4098.92,4
4028,24602,2024-11-25,Damaged,4371.64,1
4029,47084,2024-11-23,Damaged,3216.78,9
4030,2206,2024-06-23,Not as Expected,3740.05,8
4031,20664,2024-10-20,Damaged,5449.46,3
4032,41787,2024-05-28,Not as Expected,4784.7,9
4033,15387,2024-01-30,Not as Expected,5214.2,5
4034,22724,2024-12-16,Not as Expected,1127.0,6
4035,31482,2024-07-05,Late Delivery,5952.88,9
4036,7559,2024-10-22,Late Delivery,2511.11,7
4037,9898,2024-12-03,Late Delivery,389.19,9
4038,6101,2024-02-18,Damaged,4008.78,4
4039,17146,2024-07-15,Not as Expected,5701.77,3
4040,13677,2025-01-03,Damaged,2548.81,1
4041,45740,2024-09-14,Damaged,2546.42,3
4042,5391,2024-04-19,Late Delivery,604.43,7
4043,31688,2024-07-07,Damaged,6745.72,9
4044,10980,2024-03-25,Size Issue,4180.07,4
4045,10296,2024-09-12,Not as Expected,1846.21,9
4046,20449,2024-01-31,Late Delivery,1025.57,6
4047,7046,2024-10-10,Wrong Product,4671.03,4
4048,37336,2024-12-08,Size Issue,2471.83,1
4049,7430,2024-01-18,Not as Expected,3301.18,9
4050,18791,2024-11-25,Late Delivery,1363.62,1
4051,29307,2024-09-25,Size Issue,1922.15,4
4052,38415,2024-06-26,Not as Expected,4340.98,9
4053,8990,2024-04-28,Not as Expected,2587.74,8
4054,13420,2024-10-13,Not as Expected,996.82,5
4055,30513,2024-10-10,Late Delivery,7114.92,1
4056,8797,2024-07-07,Damaged,4263.52,7
4057,45875,2024-11-11,Damaged,6941.71,9
4058,33571,2024-08-20,Late Delivery,2625.22,4
4059,31217,2024-06-12,Size Issue,3493.59,5
4060,46412,2024-03-29,Wrong Product,3199.23,2
4061,35613,2024-05-01,Damaged,390.99,8
4062,13113,2024-09-28,Wrong Product,1062.77,6
4063,3925,2024-11-19,Size Issue,8809.74,2
4064,23351,2024-08-13,Late Delivery,5887.32,7
4065,16446,2024-08-25,Not as Expected,2143.98,6
4066,44714,2024-06-07,Size Issue,2173.46,7
4067,14490,2024-08-15,Size Issue,3142.06,3
4068,38460,2025-01-11,Damaged,4979.0,7
4069,2496,2024-10-15,Late Delivery,802.68,9
4070,44292,2024-08-16,Size Issue,4062.5,4
4071,4152,2024-07-22,Wrong Product,7140.58,2
4072,18160,2024-10-08,Late Delivery,5695.58,3
4073,3198,2024-05-07,Wrong Product,6138.3,3
4074,28526,2024-11-13,Not as Expected,6317.67,7
4075,8479,2024-06-13,Late Delivery,3601.54,8
4076,21351,2024-01-26,Damaged,7092.25,9
4077,9438,2024-07-05,Size Issue,6134.23,9
4078,12316,2024-11-21,Wrong Product,4784.23,4
4079,31140,2024-11-30,Damaged,2495.21,9
4080,49616,2024-09-17,Wrong Product,5888.51,2
4081,9493,2024-05-04,Damaged,3855.49,7
4082,26446,2024-02-04,Wrong Product,6958.79,5
4083,15238,2024-04-10,Size Issue,900.13,8
4084,40236,2024-02-27,Damaged,4813.94,5
4085,22594,2024-05-02,Damaged,3471.95,6
4086,11283,2024-10-30,Wrong Product,3203.51,2
4087,49703,2024-05-13,Wrong Product,6192.37,2
4088,34843,2024-11-28,Not as Expected,424.89,7
4089,21484,2024-05-01,Wrong Product,400.29,8
4090,40374,2025-01-03,Size Issue,1168.36,3
4091,34100,2024-09-24,Not as Expected,4151.34,4
4092,40748,2024-01-28,Size Issue,3981.32,9
4093,12928,2024-05-28,Late Delivery,5484.63,6
4094,34900,2024-03-11,Damaged,1232.43,8
4095,23273,2024-12-04,Not as Expected,5848.9,6
4096,28253,2024-04-17,Wrong Product,7064.01,4
4097,15064,2024-07-20,Wrong Product,3390.28,2
4098,49548,2024-10-07,Late Delivery,1871.4,1
4099,4478,2024-08-02,Damaged,1097.64,3
4100,32882,2024-10-09,Size Issue,2129.99,8
4101,14433,2024-10-11,Not as Expected,3158.9,8
4102,2743,2024-08-09,Size Issue,2414.42,6
4103,9589,2024-06-02,Not as Expected,3002.1,1
4104,47503,2024-12-25,Size Issue,3671.05,9
4105,19361,2024-08-14,Damaged,4733.79,5
4106,39811,2024-04-22,Not as Expected,4525.44,4
4107,29863,2024-05-08,Late Delivery,2149.77,7
4108,41055,2024-12-28,Late Delivery,7005.22,9
4109,5642,2024-06-02,Late Delivery,6878.04,6
4110,44024,2024-12-24,Size Issue,7070.21,8
4111,24737,2024-10-29,Size Issue,3045.35,9
4112,29520,2024-03-14,Damaged,481.35,9
4113,2445,2024-06-04,Damaged,5799.98,4
4114,22613,2024-07-28,Late Delivery,6542.61,8
4115,13475,2024-06-26,Wrong Product,5988.77,2
4116,2453,2024-12-29,Size Issue,4328.83,2
4117,10457,2024-11-05,Size Issue,5790.1,7
4118,19081,2025-01-05,Size Issue,1459.01,9
4119,17758,2024-10-01,Not as Expected,1871.83,6
4120,10153,2024-11-04,Size Issue,3596.92,7
4121,41962,2024-10-16,Not as Expected,6148.69,2
4122,24285,2024-09-12,Late Delivery,2867.67,7
4123,14033,2024-12-31,Late Delivery,1504.93,6
4124,222,2024-10-19,Damaged,5568.35,7
4125,42658,2024-08-16,Late Delivery,4378.23,1
4126,6324,2024-11-07,Damaged,3848.18,6
4127,11587,2024-02-25,Not as Expected,4617.58,5
4128,40517,2024-10-22,Wrong Product,918.62,1
4129,29632,2024-01-26,Damaged,2115.8,5
4130,31031,2024-06-12,Not as Expected,542.89,8
4131,12968,2024-03-09,Wrong Product,2165.67,6
4132,15333,2024-05-06,Damaged,1550.61,4
4133,20860,2024-03-06,Not as Expected,3736.51,6
4134,44083,2024-10-15,Wrong Product,4643.68,5
4135,2801,2024-07-15,Damaged,5979.55,4
4136,44120,2024-07-14,Not as Expected,2499.93,2
4137,37306,2024-09-18,Size Issue,3729.94,3
4138,39793,2024-06-11,Size Issue,3678.98,1
4139,15447,2024-02-14,Damaged,6467.22,5
4140,25872,2024-04-13,Late Delivery,2127.04,5
4141,33298,2024-04-02,Damaged,4818.14,8
4142,36363,2024-09-29,Wrong Product,930.69,3
4143,16167,2024-11-02,Size Issue,6328.41,4
4144,29238,2024-07-31,Size Issue,855.33,7
4145,21982,2024-11-20,Late Delivery,3496.39,9
4146,33827,2024-09-09,Wrong Product,4784.19,1
4147,45468,2024-12-23,Wrong Product,982.67,7
4148,29897,2025-01-06,Late Delivery,5204.44,9
4149,12048,2024-09-04,Not as Expected,1940.44,5
4150,31254,2024-05-09,Wrong Product,4174.43,1
4151,32127,2024-11-14,Damaged,2101.38,1
4152,42813,2024-02-12,Damaged,3874.53,7
4153,17474,2024-05-08,Damaged,412.21,5
4154,38101,2024-03-04,Not as Expected,2216.64,3
4155,38502,2024-08-05,Late Delivery,6358.73,7
4156,32970,2024-10-13,Late Delivery,1011.82,7
4157,47801,2024-02-24,Wrong Product,2785.68,7
4158,2525,2024-04-29,Damaged,3681.9,2
4159,2319,2024-09-16,Size Issue,5638.18,4
4160,17305,2024-07-08,Damaged,5313.92,3
4161,29884,2024-12-03,Size Issue,591.17,8
4162,8821,2024-05-20,Not as Expected,5526.22,9
4163,39600,2024-04-02,Size Issue,1904.45,2
4164,27187,2024-11-30,Damaged,1537.77,4
4165,31546,2024-04-25,Size Issue,3223.38,7
4166,35263,2024-03-13,Damaged,3324.65,7
4167,42053,2024-07-06,Wrong Product,1083.83,1
4168,34047,2024-07-15,Not as Expected,4855.37,4
4169,19869,2024-09-10,Damaged,4120.46,8
4170,26660,2024-11-17,Late Delivery,4393.58,6
4171,43139,2024-07-17,Damaged,3874.98,9
4172,41732,2024-09-03,Wrong Product,2961.02,7
4173,29346,2024-07-15,Late Delivery,738.38,2
4174,24731,2024-01-28,Late Delivery,7111.98,5
4175,18857,2024-10-03,Size Issue,458.04,5
4176,8438,2024-03-05,Not as Expected,1816.42,1
4177,39325,2024-11-24,Damaged,8277.73,2
4178,29905,2024-12-01,Wrong Product,7628.12,2
4179,9885,2024-09-18,Damaged,5960.72,7
4180,15771,2024-03-01,Late Delivery,3616.72,4
4181,42557,2024-03-09,Wrong Product,248.01,8
4182,12231,2024-01-24,Not as Expected,4594.91,9
4183,33733,2024-07-02,Wrong Product,3858.22,1
4184,37961,2024-10-01,Damaged,3528.21,5
4185,24038,2024-11-18,Not as Expected,6607.11,6
4186,1610,2024-09-19,Damaged,4898.15,2
4187,14944,2024-04-07,Not as Expected,1590.96,5
4188,38234,2024-05-09,Late Delivery,450.81,3
4189,944,2024-11-23,Not as Expected,2442.2,8
4190,4092,2024-05-15,Damaged,575.31,3
4191,25904,2024-11-22,Late Delivery,2749.28,5
4192,48666,2024-02-05,Wrong Product,823.89,6
4193,9096,2024-11-15,Size Issue,6183.69,4
4194,32551,2024-12-11,Not as Expected,2945.15,1
4195,24413,2024-12-23,Size Issue,1023.19,9
4196,7500,2024-06-25,Size Issue,409.01,6
4197,49025,2024-04-14,Wrong Product,558.98,4
4198,24139,2024-02-15,Late Delivery,3467.93,3
4199,46598,2024-01-22,Not as Expected,3724.52,6
4200,6185,2024-10-07,Not as Expected,7222.98,5
4201,48017,2024-10-22,Damaged,2840.15,4
4202,48841,2024-06-08,Late Delivery,896.83,2
4203,38666,2024-04-08,Wrong Product,2212.29,2
4204,4871,2024-07-01,Late Delivery,401.08,2
4205,36391,2024-10-04,Late Delivery,1567.9,6
4206,27259,2024-07-19,Size Issue,2299.87,1
4207,44784,2024-11-04,Wrong Product,2069.42,4
4208,11102,2024-12-20,Not as Expected,5031.94,7
4209,35895,2024-07-21,Damaged,3153.77,9
4210,34264,2024-11-06,Damaged,4581.56,4
4211,44819,2024-11-16,Not as Expected,1857.56,1
4212,34607,2024-07-12,Size Issue,253.15,8
4213,39738,2024-03-09,Wrong Product,2630.95,3
4214,16390,2024-11-16,Size Issue,2058.46,9
4215,48405,2024-05-15,Size Issue,5400.57,9
4216,48448,2024-05-17,Size Issue,2241.65,1
4217,24814,2024-01-29,Wrong Product,1571.96,4
4218,3327,2024-02-02,Wrong Product,5783.61,3
4219,46550,2024-01-21,Late Delivery,6077.73,4
4220,25957,2024-11-24,Wrong Product,4212.17,1
4221,22182,2024-11-07,Size Issue,4621.26,7
4222,29328,2024-12-18,Damaged,4301.15,6
4223,16885,2024-02-24,Size Issue,667.81,5
4224,34073,2024-03-28,Wrong Product,2329.95,1
4225,31395,2024-03-17,Wrong Product,4247.37,4
4226,25115,2024-04-07,Damaged,7256.08,8
4227,25422,2024-02-17,Damaged,1182.3,8
4228,19729,2024-07-28,Not as Expected,8420.5,8
4229,24022,2024-09-01,Not as Expected,1396.9,2
4230,13785,2024-09-21,Wrong Product,5522.26,6
4231,33693,2024-08-21,Size Issue,4769.13,9
4232,12745,2024-04-03,Wrong Product,2788.49,4
4233,11406,2024-03-10,Damaged,4113.69,8
4234,40760,2024-09-22,Late Delivery,4605.22,8
4235,49270,2024-07-26,Size Issue,1465.19,9
4236,49403,2024-06-11,Size Issue,3343.89,2
4237,29530,2024-08-12,Late Delivery,3454.49,3
4238,18003,2024-09-15,Damaged,3010.31,3
4239,41370,2024-03-15,Wrong Product,437.07,7
4240,377,2024-11-19,Damaged,553.38,3
4241,5873,2024-03-29,Damaged,6405.81,9
4242,15057,2024-07-29,Size Issue,7082.13,4
4243,3844,2024-05-27,Late Delivery,3907.32,5
4244,21691,2024-05-12,Damaged,1468.18,1
4245,882,2024-01-12,Late Delivery,4783.67,1
4246,22088,2024-06-18,Damaged,5484.37,2
4247,15155,2024-01-30,Wrong Product,4206.5,8
4248,36811,2024-03-30,Late Delivery,8204.65,4
4249,48585,2024-10-30,Wrong Product,741.19,3
4250,10368,2024-05-03,Not as Expected,4653.58,3
4251,17586,2024-10-11,Size Issue,5878.11,6
4252,31153,2024-05-03,Late Delivery,3591.86,8
4253,46084,2024-03-18,Late Delivery,2043.77,1
4254,6411,2024-08-31,Wrong Product,7907.1,7
4255,29653,2024-04-09,Wrong Product,2676.73,2
4256,44480,2024-07-28,Wrong Product,4235.78,4
4257,26984,2024-05-27,Not as Expected,2561.06,7
4258,39450,2024-08-09,Not as Expected,5198.53,5
4259,3990,2024-01-07,Wrong Product,8032.35,1
4260,5898,2024-03-02,Not as Expected,793.74,6
4261,26629,2024-05-15,Not as Expected,7639.56,4
4262,15406,2024-08-18,Not as Expected,2635.63,1
4263,4305,2024-03-11,Wrong Product,891.77,6
4264,13740,2024-04-11,Size Issue,5362.93,8
4265,13643,2024-08-14,Late Delivery,1316.98,9
4266,36544,2024-08-08,Not as Expected,4182.79,1
4267,13441,2024-07-16,Wrong Product,5588.17,3
4268,31659,2024-11-27,Late Delivery,5850.37,7
4269,25818,2024-03-06,Late Delivery,658.93,9
4270,5426,2024-08-28,Damaged,1006.8,5
4271,19973,2024-08-17,Not as Expected,5900.32,1
4272,44396,2024-07-08,Wrong Product,5340.88,3
4273,8631,2024-08-08,Late Delivery,2412.08,8
4274,31035,2024-04-27,Not as Expected,6502.28,3
4275,2675,2024-04-29,Size Issue,2946.75,8
4276,30770,2024-05-29,Size Issue,2891.23,7
4277,1211,2024-04-18,Wrong Product,1146.39,4
4278,35127,2024-04-17,Size Issue,8363.61,7
4279,3982,2024-02-15,Damaged,4615.23,8
4280,10266,2024-05-24,Wrong Product,860.82,8
4281,4457,2024-05-11,Damaged,565.17,7
4282,8746,2024-02-01,Wrong Product,2538.17,8
4283,14027,2024-01-18,Late Delivery,1677.01,2
4284,5269,2024-02-26,Damaged,5481.25,8
4285,11364,2024-09-11,Late Delivery,1579.49,7
4286,15843,2024-08-27,Damaged,665.92,8
4287,45620,2024-11-03,Not as Expected,1751.72,1
4288,21951,2024-04-24,Damaged,4363.55,8
4289,33256,2024-12-05,Size Issue,5858.37,9
4290,15620,2024-07-16,Late Delivery,7014.56,3
4291,13271,2024-02-07,Wrong Product,3161.63,3
4292,22955,2024-08-09,Size Issue,1621.15,7
4293,21232,2024-01-15,Late Delivery,2893.58,5
4294,47787,2024-10-19,Late Delivery,5812.18,7
4295,13908,2024-08-21,Damaged,741.58,4
4296,38355,2024-05-26,Damaged,2981.59,3
4297,5995,2024-11-27,Damaged,4746.82,1
4298,31325,2024-08-19,Size Issue,4355.2,8
4299,48544,2024-11-02,Size Issue,3062.12,4
4300,49704,2024-07-16,Not as Expected,6688.16,9
4301,46395,2024-05-11,Size Issue,2206.78,9
4302,37209,2024-05-07,Damaged,3375.05,9
4303,329,2024-04-02,Size Issue,3169.96,1
4304,24839,2024-07-03,Size Issue,1144.94,2
4305,27438,2024-10-17,Late Delivery,662.76,9
4306,12470,2024-03-09,Damaged,2918.2,7
4307,17316,2024-08-26,Wrong Product,1170.21,2
4308,43716,2024-09-02,Damaged,2681.48,2
4309,9377,2024-08-14,Damaged,4863.2,2
4310,47931,2024-07-28,Not as Expected,5524.06,9
4311,4598,2024-12-14,Late Delivery,3593.78,6
4312,2570,2024-07-11,Size Issue,1282.5,8
4313,49935,2024-06-14,Size Issue,1254.93,5
4314,21508,2024-02-14,Late Delivery,1304.78,9
4315,45931,2024-10-31,Wrong Product,5373.37,4
4316,10443,2024-12-18,Late Delivery,2795.84,2
4317,19673,2024-02-01,Not as Expected,772.23,2
4318,25248,2024-01-16,Not as Expected,4359.73,2
4319,26302,2024-06-13,Late Delivery,5302.33,8
4320,21187,2025-01-03,Wrong Product,4727.11,1
4321,46373,2024-12-01,Size Issue,1076.17,1
4322,16229,2024-11-04,Wrong Product,734.15,1
4323,42591,2024-02-25,Wrong Product,5998.02,6
4324,14423,2024-05-10,Not as Expected,5146.64,9
4325,37359,2024-02-04,Wrong Product,1578.77,8
4326,23048,2024-05-30,Size Issue,3092.53,3
4327,42455,2024-06-02,Size Issue,1489.37,2
4328,12474,2024-02-03,Late Delivery,4326.68,6
4329,2438,2024-06-07,Size Issue,3054.65,4
4330,15629,2024-05-11,Damaged,2005.82,8
4331,24053,2024-05-29,Not as Expected,468.3,9
4332,30371,2024-05-21,Not as Expected,1051.27,2
4333,21826,2024-08-13,Size Issue,6658.03,6
4334,14518,2024-03-16,Wrong Product,1160.08,2
4335,13400,2024-03-14,Size Issue,7128.57,6
4336,37959,2024-11-22,Not as Expected,3501.43,6
4337,8327,2024-05-23,Not as Expected,4324.29,6
4338,8092,2024-10-21,Late Delivery,1337.31,7
4339,27939,2024-09-02,Size Issue,2944.93,8
4340,34874,2024-10-17,Size Issue,1797.94,3
4341,47839,2024-05-10,Size Issue,6693.02,8
4342,8912,2024-08-11,Wrong Product,4128.43,9
4343,6319,2024-10-18,Damaged,5567.21,9
4344,11266,2024-07-25,Not as Expected,3010.3,9
4345,12462,2024-05-21,Wrong Product,6891.23,5
4346,5580,2025-01-07,Damaged,7398.14,2
4347,1753,2024-03-11,Late Delivery,950.63,5
4348,28871,2024-09-28,Size Issue,4551.5,7
4349,19624,2024-12-13,Size Issue,3305.77,1
4350,10148,2024-07-06,Late Delivery,6366.32,9
4351,27597,2024-05-23,Size Issue,531.11,3
4352,49058,2024-09-17,Damaged,4967.93,6
4353,43850,2024-12-08,Late Delivery,6515.2,5
4354,17692,2024-04-20,Late Delivery,1210.21,7
4355,30852,2024-12-08,Wrong Product,1694.44,9
4356,20155,2024-06-28,Wrong Product,6997.49,9
4357,20353,2024-07-12,Late Delivery,3757.01,8
4358,10825,2024-07-31,Damaged,6930.94,5
4359,915,2024-10-05,Size Issue,6046.06,1
4360,36878,2024-11-02,Damaged,3878.92,9
4361,11384,2024-06-20,Wrong Product,4457.73,6
4362,43725,2024-03-14,Late Delivery,1122.3,7
4363,32938,2024-01-13,Wrong Product,632.33,3
4364,42467,2024-10-10,Size Issue,789.64,5
4365,20712,2024-06-02,Damaged,3484.93,9
4366,4820,2024-06-07,Late Delivery,7236.36,3
4367,36427,2024-02-29,Late Delivery,1228.61,9
4368,32968,2024-07-13,Wrong Product,802.41,6
4369,22385,2024-01-13,Size Issue,4456.24,2
4370,7299,2024-11-02,Size Issue,1666.39,2
4371,40158,2024-09-03,Wrong Product,2517.09,2
4372,41417,2024-04-05,Not as Expected,4822.07,4
4373,28126,2024-05-01,Size Issue,2097.65,3
4374,15722,2024-03-24,Late Delivery,4811.8,4
4375,36488,2024-08-07,Size Issue,397.19,7
4376,10769,2024-03-18,Wrong Product,3888.11,9
4377,41842,2024-03-09,Wrong Product,4998.15,6
4378,16828,2024-10-31,Size Issue,8504.11,7
4379,47099,2024-04-24,Wrong Product,3719.33,8
4380,34183,2024-10-14,Damaged,2178.91,4
4381,9761,2024-09-13,Late Delivery,1264.17,3
4382,14803,2024-07-27,Not as Expected,2795.4,8
4383,14727,2024-07-09,Size Issue,2755.0,8
4384,28910,2024-09-16,Not as Expected,810.11,7
4385,49738,2024-05-06,Damaged,6001.5,6
4386,37417,2024-06-30,Damaged,730.86,3
4387,27926,2024-03-22,Not as Expected,2027.73,6
4388,10949,2024-02-04,Size Issue,5560.92,5
4389,22148,2024-01-22,Late Delivery,5638.74,4
4390,23046,2024-07-16,Wrong Product,504.27,2
4391,39996,2024-11-07,Wrong Product,5606.86,9
4392,41531,2024-07-01,Wrong Product,1311.14,5
4393,33859,2024-03-29,Size Issue,3601.32,1
4394,41250,2024-10-25,Not as Expected,4304.47,7
4395,33078,2024-12-09,Not as Expected,4823.26,3
4396,48623,2024-09-08,Not as Expected,659.85,9
4397,40785,2024-07-18,Size Issue,2300.85,3
4398,2887,2024-03-04,Size Issue,2222.77,2
4399,41886,2024-11-30,Size Issue,1896.24,5
4400,44384,2024-02-03,Damaged,5037.21,7
4401,20825,2024-02-12,Not as Expected,1670.01,8
4402,75,2024-12-26,Late Delivery,1890.11,8
4403,5743,2024-07-15,Size Issue,6005.47,1
4404,13464,2024-06-27,Wrong Product,1562.4,7
4405,46320,2024-05-04,Damaged,3430.31,3
4406,10261,2024-03-11,Wrong Product,4199.97,3
4407,36505,2024-09-14,Late Delivery,4289.91,5
4408,45910,2024-09-09,Not as Expected,3487.82,7
4409,49891,2024-04-13,Damaged,1202.77,5
4410,25119,2024-05-04,Not as Expected,3077.72,7
4411,45395,2024-05-09,Damaged,3182.51,4
4412,39185,2024-06-06,Late Delivery,6392.97,1
4413,11795,2024-08-16,Damaged,4440.11,3
4414,35920,2024-06-22,Not as Expected,3509.18,9
4415,28604,2024-10-21,Size Issue,629.99,8
4416,45694,2024-11-27,Wrong Product,2652.71,7
4417,48266,2024-08-16,Damaged,5460.65,3
4418,24130,2025-01-11,Not as Expected,1544.81,9
4419,8505,2024-04-07,Not as Expected,1223.33,2
4420,29879,2024-08-05,Late Delivery,7788.94,2
4421,1153,2024-10-16,Damaged,3933.59,4
4422,20656,2024-03-13,Wrong Product,1750.43,6
4423,27201,2024-01-18,Late Delivery,5157.55,4
4424,39907,2024-12-18,Wrong Product,3557.53,2
4425,38993,2024-06-04,Late Delivery,279.77,6
4426,31917,2024-09-13,Damaged,1542.03,4
4427,13404,2024-06-09,Not as Expected,1199.08,9
4428,42423,2024-02-26,Damaged,3047.31,6
4429,12368,2024-01-29,Not as Expected,2917.06,2
4430,6300,2024-08-10,Late Delivery,2223.14,4
4431,13047,2024-05-10,Size Issue,659.35,7
4432,28836,2024-09-05,Wrong Product,2732.43,4
4433,46432,2024-10-15,Size Issue,6122.09,7
4434,23471,2024-09-17,Wrong Product,1832.07,2
4435,35677,2024-11-06,Size Issue,218.28,9
4436,3903,2024-04-30,Late Delivery,4570.57,8
4437,43427,2024-05-08,Wrong Product,1704.45,7
4438,5685,2024-10-21,Damaged,2752.87,9
4439,533,2024-06-07,Damaged,5298.25,8
4440,7082,2024-12-17,Late Delivery,5102.3,3
4441,42514,2024-09-03,Not as Expected,1162.78,3
4442,2650,2024-02-08,Not as Expected,1860.16,5
4443,11994,2024-06-04,Not as Expected,7179.61,3
4444,38773,2024-11-16,Late Delivery,7070.3,6
4445,49176,2024-10-14,Size Issue,3869.12,9
4446,33634,2024-11-11,Size Issue,542.99,5
4447,4591,2024-12-07,Damaged,5144.0,3
4448,48492,2024-11-15,Damaged,3511.61,4
4449,18882,2024-10-01,Late Delivery,2449.41,8
4450,26671,2024-05-01,Not as Expected,2275.25,3
4451,20470,2024-06-01,Not as Expected,2296.78,9
4452,17160,2024-09-27,Size Issue,2739.47,6
4453,6365,2024-04-03,Late Delivery,7745.58,1
4454,38736,2024-12-21,Not as Expected,1670.99,6
4455,33245,2025-01-05,Size Issue,6603.66,6
4456,17938,2024-11-27,Size Issue,1211.3,5
4457,3281,2024-12-25,Not as Expected,613.78,1
4458,14746,2024-02-19,Not as Expected,3785.28,9
4459,26681,2024-01-23,Not as Expected,4306.02,5
4460,10551,2024-11-09,Not as Expected,2899.84,6
4461,31694,2024-10-10,Late Delivery,3384.34,3
4462,42350,2024-03-27,Not as Expected,2459.22,2
4463,21178,2024-07-23,Late Delivery,1082.21,3
4464,48195,2024-07-14,Not as Expected,686.82,2
4465,1182,2024-12-11,Wrong Product,673.67,6
4466,11571,2024-11-18,Not as Expected,1669.54,7
4467,8974,2024-08-14,Wrong Product,3112.17,3
4468,32273,2024-07-31,Size Issue,662.22,7
4469,25106,2024-12-27,Wrong Product,7570.0,7
4470,36362,2024-05-27,Not as Expected,690.48,4
4471,42837,2024-01-29,Not as Expected,4706.35,3
4472,39004,2024-03-31,Wrong Product,4145.79,2
4473,28585,2024-07-12,Late Delivery,1571.29,1
4474,4281,2024-04-21,Damaged,4606.25,3
4475,19239,2024-05-25,Not as Expected,4854.56,6
4476,28426,2024-06-06,Size Issue,2464.23,7
4477,2930,2024-05-29,Wrong Product,6336.96,6
4478,26609,2024-10-30,Size Issue,2670.42,6
4479,36963,2024-12-11,Late Delivery,3941.47,5
4480,16105,2024-07-18,Not as Expected,5892.38,1
4481,44946,2024-05-18,Size Issue,3551.23,2
4482,34528,2024-07-03,Size Issue,6448.09,2
4483,27117,2024-10-09,Damaged,1850.54,7
4484,21693,2024-07-23,Late Delivery,3239.52,2
4485,3841,2024-02-11,Damaged,5742.67,5
4486,44890,2024-07-13,Not as Expected,4789.78,5
4487,6992,2024-05-11,Wrong Product,1238.71,3
4488,24066,2024-03-28,Size Issue,5067.68,1
4489,35373,2024-11-16,Size Issue,5921.71,5
4490,11397,2024-03-29,Damaged,1033.41,6
4491,35044,2024-02-15,Not as Expected,2834.74,3
4492,20220,2024-07-28,Wrong Product,466.76,6
4493,4661,2024-07-31,Wrong Product,5038.26,1
4494,30196,2024-10-04,Size Issue,5945.76,5
4495,38154,2024-11-03,Damaged,1036.87,8
4496,4920,2024-04-30,Not as Expected,3998.83,9
4497,28934,2024-04-30,Size Issue,3874.04,7
4498,4729,2024-04-26,Not as Expected,7194.04,6
4499,25642,2024-05-21,Not as Expected,5409.85,8
4500,48738,2024-01-15,Damaged,1908.03,9
4501,40942,2024-07-13,Late Delivery,5940.71,1
4502,36867,2024-10-20,Damaged,1379.39,8
4503,19710,2024-02-25,Size Issue,5139.16,5
4504,5996,2024-05-13,Damaged,3607.38,3
4505,31852,2024-09-20,Wrong Product,5185.11,7
4506,35688,2024-07-12,Size Issue,6237.39,9
4507,21678,2024-10-24,Size Issue,6259.99,4
4508,24307,2024-07-20,Wrong Product,3296.25,9
4509,18993,2024-10-06,Damaged,4939.42,4
4510,49263,2024-09-11,Not as Expected,4334.05,3
4511,30272,2024-12-24,Damaged,1625.73,2
4512,4290,2024-03-29,Size Issue,4580.98,4
4513,14779,2024-12-23,Size Issue,4334.36,4
4514,23129,2024-02-29,Damaged,6016.45,5
4515,29834,2024-11-11,Not as Expected,3186.57,8
4516,20883,2024-10-29,Not as Expected,3062.12,2
4517,29164,2024-10-18,Damaged,4620.74,2
4518,13596,2024-11-20,Size Issue,429.96,4
4519,19510,2024-05-21,Damaged,1733.06,7
4520,24726,2025-01-02,Wrong Product,4485.9,4
4521,31216,2024-05-09,Size Issue,1454.77,1
4522,35134,2024-02-04,Damaged,4141.3,1
4523,4020,2024-12-17,Late Delivery,6615.29,6
4524,43516,2024-09-05,Wrong Product,3683.2,2
4525,35596,2024-05-25,Size Issue,637.9,4
4526,43219,2024-12-01,Late Delivery,3771.18,5
4527,16346,2024-05-25,Late Delivery,8642.91,3
4528,42293,2024-04-21,Wrong Product,457.55,6
4529,28344,2024-12-21,Damaged,1504.53,6
4530,37790,2024-05-20,Not as Expected,3183.52,5
4531,9651,2024-02-16,Wrong Product,4530.1,7
4532,12489,2024-09-25,Late Delivery,3425.33,2
4533,1579,2024-08-16,Damaged,1355.36,6
4534,16691,2024-02-17,Late Delivery,5659.55,8
4535,13631,2024-06-03,Damaged,4772.7,6
4536,43085,2024-12-19,Not as Expected,2102.02,8
4537,39810,2024-05-14,Size Issue,3377.95,2
4538,40239,2024-10-11,Damaged,364.82,6
4539,36146,2024-09-03,Damaged,2454.95,4
4540,31891,2024-05-11,Damaged,6973.73,6
4541,19957,2024-07-07,Damaged,5310.28,1
4542,18653,2024-08-30,Wrong Product,3803.49,6
4543,20006,2024-10-18,Wrong Product,6642.02,7
4544,26114,2024-06-05,Wrong Product,8351.32,5
4545,9938,2024-07-30,Size Issue,2923.48,6
4546,19236,2024-08-16,Late Delivery,962.43,9
4547,5523,2024-08-24,Late Delivery,5124.44,3
4548,24320,2024-11-11,Not as Expected,5640.78,6
4549,2813,2024-03-07,Not as Expected,2992.76,6
4550,6256,2024-08-15,Late Delivery,1779.09,1
4551,47868,2024-12-09,Damaged,3943.5,5
4552,40480,2024-10-03,Size Issue,2660.5,6
4553,32419,2024-11-20,Not as Expected,4352.5,8
4554,7929,2024-06-09,Damaged,4994.43,5
4555,18538,2024-09-12,Not as Expected,2808.19,2
4556,41601,2024-11-04,Late Delivery,3432.72,7
4557,42203,2024-08-08,Not as Expected,3059.16,3
4558,21897,2024-03-04,Damaged,5952.72,3
4559,37379,2024-10-30,Damaged,1699.26,6
4560,12674,2024-09-19,Wrong Product,662.47,5
4561,18177,2024-11-11,Size Issue,5255.94,8
4562,36433,2024-08-27,Size Issue,5307.76,5
4563,42278,2024-11-07,Late Delivery,4389.76,2
4564,30149,2024-07-26,Damaged,4989.25,5
4565,30926,2024-03-16,Late Delivery,6953.28,7
4566,8323,2024-06-21,Not as Expected,6102.22,4
4567,39844,2024-02-13,Damaged,2128.99,4
4568,22354,2024-02-03,Damaged,1682.89,2
4569,21803,2024-01-26,Size Issue,541.42,8
4570,13421,2024-11-20,Damaged,1723.3,7
4571,5228,2025-01-08,Not as Expected,599.01,5
4572,42504,2024-11-24,Late Delivery,5616.06,2
4573,37786,2024-01-29,Late Delivery,4267.1,9
4574,16384,2024-06-10,Not as Expected,5076.23,9
4575,9724,2025-01-04,Wrong Product,3812.56,1
4576,17549,2024-11-14,Size Issue,3452.33,4
4577,23186,2024-11-09,Not as Expected,7098.86,8
4578,42430,2024-08-26,Late Delivery,1470.8,8
4579,7322,2024-06-18,Not as Expected,6081.95,1
4580,1054,2024-04-17,Damaged,4999.54,3
4581,1592,2024-09-05,Size Issue,709.22,2
4582,31165,2024-10-06,Size Issue,3105.8,7
4583,36276,2024-12-13,Wrong Product,2912.56,4
4584,46826,2024-07-20,Late Delivery,2256.29,1
4585,41629,2024-09-09,Wrong Product,5373.14,5
4586,8240,2024-05-14,Size Issue,1565.06,1
4587,39091,2024-09-03,Late Delivery,5382.78,3
4588,10225,2024-10-10,Not as Expected,3436.86,4
4589,11708,2024-01-20,Late Delivery,2343.76,9
4590,9340,2024-02-05,Damaged,1276.03,4
4591,31201,2024-03-15,Damaged,3648.64,2
4592,4926,2024-04-07,Late Delivery,3061.26,8
4593,18317,2024-06-26,Late Delivery,2284.58,2
4594,25657,2024-06-14,Damaged,392.26,3
4595,27784,2024-03-24,Damaged,5318.65,9
4596,26701,2024-10-14,Late Delivery,1396.34,3
4597,24039,2024-04-08,Late Delivery,938.57,5
4598,33136,2024-10-22,Damaged,2733.06,7
4599,8292,2024-05-29,Damaged,7766.58,7
4600,22100,2024-10-06,Damaged,6692.22,9
4601,15183,2024-05-11,Late Delivery,1959.59,4
4602,14862,2024-05-02,Size Issue,2578.22,2
4603,43622,2024-05-13,Damaged,3007.88,7
4604,29229,2024-11-23,Wrong Product,4491.83,9
4605,24621,2024-08-23,Not as Expected,4218.71,8
4606,20612,2024-08-06,Not as Expected,7672.34,2
4607,32119,2024-11-13,Wrong Product,4003.79,2
4608,18076,2024-06-26,Late Delivery,5970.53,7
4609,4473,2025-01-03,Not as Expected,1312.06,3
4610,44551,2024-06-15,Not as Expected,1434.88,7
4611,42741,2024-02-08,Damaged,4850.34,1
4612,42201,2024-02-24,Not as Expected,1416.0,4
4613,15359,2024-07-25,Late Delivery,5690.18,1
4614,11481,2024-03-14,Late Delivery,4949.08,9
4615,32013,2024-04-07,Late Delivery,2080.99,1
4616,11226,2024-02-10,Not as Expected,6267.82,1
4617,18673,2024-08-21,Late Delivery,5865.99,9
4618,10485,2024-10-07,Late Delivery,6405.69,5
4619,1442,2024-06-05,Size Issue,3612.65,6
4620,15733,2024-04-17,Not as Expected,7263.67,5
4621,30824,2024-12-28,Wrong Product,1751.51,5
4622,41896,2024-01-12,Wrong Product,1204.99,6
4623,31558,2024-01-12,Late Delivery,3384.48,3
4624,17138,2024-08-12,Wrong Product,1999.31,1
4625,12349,2024-03-29,Damaged,5710.17,4
4626,47397,2024-11-24,Wrong Product,5455.27,7
4627,4722,2024-08-13,Wrong Product,6258.88,6
4628,24609,2024-09-25,Not as Expected,5787.31,5
4629,18574,2024-05-31,Wrong Product,3402.18,7
4630,18377,2024-05-30,Damaged,1503.41,9
4631,43387,2024-12-06,Damaged,1946.21,4
4632,17833,2024-09-15,Wrong Product,443.08,7
4633,7060,2024-12-23,Damaged,4688.73,9
4634,16716,2024-01-31,Late Delivery,2196.02,8
4635,18679,2024-07-08,Damaged,885.01,9
4636,45014,2024-07-01,Size Issue,1359.95,8
4637,330,2024-09-15,Wrong Product,3988.37,3
4638,12370,2024-09-10,Size Issue,7901.79,2
4639,44678,2024-01-08,Not as Expected,860.5,4
4640,6541,2024-02-26,Late Delivery,4347.99,3
4641,22713,2024-05-18,Not as Expected,616.71,4
4642,15456,2024-12-21,Not as Expected,4779.49,2
4643,26879,2024-06-19,Late Delivery,4528.3,6
4644,6187,2024-01-13,Wrong Product,2842.67,9
4645,44258,2024-12-08,Wrong Product,5513.19,3
4646,14176,2024-12-20,Damaged,4063.88,1
4647,47530,2024-07-18,Damaged,1968.67,8
4648,8368,2024-09-13,Damaged,605.92,3
4649,11581,2024-04-09,Damaged,3856.64,3
4650,48939,2024-06-04,Wrong Product,990.46,3
4651,15840,2024-07-12,Wrong Product,1586.42,9
4652,34784,2024-09-22,Wrong Product,491.2,6
4653,16263,2024-02-15,Late Delivery,5311.97,4
4654,27756,2024-10-02,Damaged,2398.53,6
4655,24189,2024-02-14,Not as Expected,4758.71,9
4656,33597,2024-04-27,Damaged,2298.18,7
4657,30086,2024-12-31,Size Issue,1340.62,9
4658,7551,2024-05-09,Not as Expected,2893.96,9
4659,7077,2024-10-02,Size Issue,499.6,7
4660,41836,2024-06-15,Late Delivery,6665.12,5
4661,43596,2024-05-30,Size Issue,3712.63,1
4662,20797,2024-01-28,Wrong Product,5040.02,6
4663,39807,2024-01-12,Not as Expected,1182.82,9
4664,13718,2024-01-25,Wrong Product,2844.08,5
4665,19480,2024-03-23,Wrong Product,3583.7,3
4666,7578,2024-07-25,Size Issue,3187.92,1
4667,40003,2024-06-21,Not as Expected,2205.04,3
4668,25349,2024-04-14,Not as Expected,846.61,9
4669,26868,2024-10-10,Late Delivery,782.88,3
4670,12836,2024-10-09,Damaged,3503.62,5
4671,32831,2024-11-20,Damaged,4302.84,7
4672,34022,2024-08-11,Size Issue,2293.69,1
4673,44504,2024-07-14,Size Issue,5139.1,3
4674,21039,2024-05-09,Late Delivery,5847.73,5
4675,8935,2024-01-27,Size Issue,895.28,8
4676,24493,2024-11-06,Size Issue,1124.82,9
4677,37614,2024-11-02,Late Delivery,2791.06,7
4678,22094,2024-11-30,Late Delivery,663.81,4
4679,39502,2024-12-06,Not as Expected,5092.97,2
4680,41448,2024-09-05,Damaged,1390.29,1
4681,1636,2024-06-20,Late Delivery,4305.7,4
4682,16411,2024-07-18,Damaged,1521.72,9
4683,48876,2024-08-14,Late Delivery,4574.2,4
4684,1690,2024-06-05,Wrong Product,456.74,9
4685,47706,2024-06-01,Damaged,3219.72,1
4686,45701,2024-12-18,Not as Expected,3923.13,3
4687,25501,2024-09-28,Late Delivery,1481.7,5
4688,43342,2024-05-29,Not as Expected,2368.16,4
4689,34775,2024-01-21,Late Delivery,1670.86,5
4690,19976,2024-04-24,Damaged,6642.59,4
4691,6398,2024-11-15,Damaged,2434.35,3
4692,12647,2024-08-15,Size Issue,2946.15,7
4693,37570,2024-02-27,Late Delivery,3500.91,6
4694,18649,2024-01-19,Wrong Product,2998.69,1
4695,36826,2024-05-06,Wrong Product,911.51,8
4696,6566,2024-03-30,Size Issue,2801.77,3
4697,37805,2024-04-14,Not as Expected,4552.82,6
4698,10104,2024-02-28,Size Issue,2538.35,2
4699,29687,2024-08-11,Wrong Product,3695.45,5
4700,12502,2024-12-22,Wrong Product,3011.57,7
4701,2061,2025-01-01,Size Issue,1830.11,2
4702,24699,2024-12-14,Wrong Product,7086.85,3
4703,35058,2024-07-14,Not as Expected,6701.7,8
4704,25951,2024-08-31,Size Issue,4895.37,6
4705,30900,2024-11-26,Damaged,708.09,5
4706,20547,2024-06-22,Wrong Product,3474.78,6
4707,16116,2024-09-07,Not as Expected,3188.79,4
4708,29870,2024-10-15,Size Issue,706.12,4
4709,23011,2024-05-15,Late Delivery,4911.22,4
4710,21876,2024-05-13,Not as Expected,1132.68,6
4711,44343,2024-05-16,Size Issue,5509.96,7
4712,22987,2024-05-07,Damaged,1874.43,3
4713,21915,2024-08-29,Late Delivery,1719.4,6
4714,47517,2024-06-28,Size Issue,2020.95,8
4715,41670,2024-08-26,Damaged,7737.95,4
4716,11542,2024-12-26,Late Delivery,814.33,2
4717,46567,2024-02-01,Size Issue,5484.21,5
4718,43748,2024-02-20,Wrong Product,1906.49,9
4719,47829,2024-07-21,Wrong Product,4005.58,1
4720,13823,2024-10-28,Size Issue,5831.96,1
4721,17095,2024-12-02,Not as Expected,4532.63,1
4722,43099,2024-07-17,Late Delivery,6503.2,1
4723,46330,2024-12-14,Wrong Product,333.43,9
4724,38015,2024-09-07,Not as Expected,1502.52,3
4725,46559,2024-10-30,Late Delivery,1743.59,2
4726,44116,2024-04-19,Damaged,1226.51,6
4727,406,2024-08-25,Damaged,6547.42,5
4728,27362,2024-09-06,Wrong Product,2043.62,9
4729,17390,2024-06-01,Late Delivery,3875.27,6
4730,42007,2025-01-01,Wrong Product,5734.6,3
4731,36402,2024-06-09,Not as Expected,7205.67,8
4732,34256,2024-06-14,Late Delivery,2383.6,4
4733,22872,2024-05-30,Wrong Product,4309.37,1
4734,32373,2024-06-13,Late Delivery,4507.57,4
4735,10418,2024-08-15,Late Delivery,1000.05,9
4736,39533,2024-08-08,Not as Expected,7735.3,3
4737,37935,2024-03-31,Not as Expected,3045.51,2
4738,17671,2024-09-10,Not as Expected,4669.95,7
4739,7231,2024-06-04,Damaged,5087.87,6
4740,34854,2024-11-15,Not as Expected,679.46,2
4741,6513,2024-05-28,Size Issue,927.14,2
4742,11675,2024-09-26,Late Delivery,4055.0,7
4743,35564,2024-06-10,Wrong Product,6310.43,1
4744,274,2024-05-25,Wrong Product,6396.45,7
4745,32718,2024-10-20,Size Issue,380.81,9
4746,19549,2024-06-06,Damaged,5028.28,2
4747,4786,2024-02-18,Wrong Product,3791.62,4
4748,29109,2024-11-17,Size Issue,6120.12,8
4749,41390,2024-08-13,Damaged,2978.06,8
4750,41462,2024-01-31,Late Delivery,1434.5,7
4751,43105,2024-06-14,Size Issue,5208.16,2
4752,4327,2024-04-11,Not as Expected,5803.83,2
4753,19527,2024-12-01,Damaged,6085.42,9
4754,43050,2024-06-13,Size Issue,4862.08,7
4755,48378,2024-07-03,Size Issue,1552.91,8
4756,21000,2024-04-20,Size Issue,2809.19,5
4757,10034,2024-09-01,Size Issue,681.81,9
4758,34976,2024-07-01,Size Issue,1576.61,9
4759,27830,2025-01-05,Size Issue,3710.72,1
4760,33501,2024-06-02,Late Delivery,1010.17,1
4761,22394,2024-07-06,Not as Expected,1986.27,8
4762,48152,2024-12-11,Not as Expected,1719.07,6
4763,14905,2024-11-05,Wrong Product,3509.36,1
4764,44483,2024-07-27,Late Delivery,656.08,7
4765,35559,2024-05-02,Damaged,7506.65,7
4766,40317,2024-04-23,Damaged,4906.4,3
4767,24807,2024-10-14,Late Delivery,6941.11,5
4768,20297,2024-01-31,Size Issue,3990.36,4
4769,30625,2024-05-27,Size Issue,2731.26,7
4770,4297,2024-04-08,Wrong Product,5945.22,7
4771,8427,2024-01-25,Damaged,5036.04,6
4772,43628,2024-06-17,Size Issue,3344.22,9
4773,23311,2024-11-14,Damaged,5675.79,1
4774,3151,2024-09-04,Size Issue,4308.37,7
4775,7041,2024-06-13,Late Delivery,1920.98,8
4776,8566,2024-12-23,Damaged,1242.54,5
4777,20479,2024-11-15,Late Delivery,365.14,7
4778,12133,2024-09-03,Not as Expected,296.61,9
4779,10998,2024-02-24,Not as Expected,1691.35,3
4780,41282,2024-04-26,Size Issue,2828.05,2
4781,4356,2024-08-21,Not as Expected,7352.47,2
4782,35102,2024-08-29,Size Issue,2165.08,5
4783,45236,2024-07-29,Size Issue,6015.71,5
4784,43565,2024-03-17,Not as Expected,2362.86,5
4785,12118,2024-08-01,Late Delivery,1111.72,6
4786,25785,2024-09-26,Late Delivery,2334.35,8
4787,42434,2024-08-11,Damaged,3947.06,9
4788,43531,2024-11-11,Late Delivery,6642.87,1
4789,48794,2024-03-21,Wrong Product,1327.18,3
4790,23692,2025-01-08,Damaged,5657.43,7
4791,40065,2024-08-24,Late Delivery,2142.01,8
4792,7148,2024-10-27,Wrong Product,354.07,6
4793,39766,2024-04-24,Size Issue,4142.87,1
4794,5471,2024-08-16,Not as Expected,6253.18,5
4795,46551,2025-01-12,Not as Expected,5202.26,1
4796,5415,2024-07-03,Wrong Product,5250.14,8
4797,47134,2024-08-04,Size Issue,3389.05,5
4798,45750,2024-06-28,Size Issue,4085.2,7
4799,35431,2024-04-12,Late Delivery,6456.39,9
4800,21871,2024-03-16,Wrong Product,5539.86,7
4801,48681,2024-03-17,Not as Expected,3768.72,6
4802,25058,2024-11-08,Size Issue,5154.45,4
4803,48883,2024-09-29,Damaged,2423.29,9
4804,10150,2024-06-23,Not as Expected,1615.41,1
4805,27975,2024-11-23,Damaged,7298.19,3
4806,18887,2024-10-15,Size Issue,5594.34,8
4807,33578,2024-11-24,Not as Expected,1035.62,1
4808,7348,2024-04-04,Late Delivery,4799.69,5
4809,47204,2024-06-23,Size Issue,458.01,7
4810,18826,2024-04-24,Size Issue,471.29,4
4811,44317,2024-12-05,Not as Expected,257.71,7
4812,41910,2024-06-03,Size Issue,744.4,8
4813,47043,2024-05-12,Damaged,3237.49,2
4814,33449,2024-02-10,Damaged,1134.33,6
4815,24806,2024-05-14,Not as Expected,6360.43,9
4816,42849,2024-07-02,Wrong Product,3650.74,5
4817,49121,2024-02-01,Not as Expected,1564.61,5
4818,44923,2024-04-05,Wrong Product,2753.6,9
4819,37393,2024-10-24,Not as Expected,6792.93,2
4820,1212,2024-02-13,Wrong Product,6413.13,7
4821,38252,2024-03-16,Wrong Product,1819.33,2
4822,8542,2024-10-04,Damaged,1446.34,4
4823,15961,2024-11-22,Late Delivery,1264.57,9
4824,38022,2024-04-12,Damaged,2951.87,5
4825,276,2024-03-14,Not as Expected,4378.55,5
4826,1777,2024-07-08,Not as Expected,1944.29,7
4827,38110,2024-08-04,Damaged,7492.22,2
4828,47348,2024-11-16,Size Issue,3822.18,3
4829,11808,2024-05-02,Size Issue,4959.76,9
4830,35958,2024-03-28,Not as Expected,6260.08,2
4831,40502,2024-02-03,Late Delivery,5351.72,9
4832,11704,2024-05-24,Damaged,1835.3,9
4833,28865,2024-09-21,Late Delivery,2448.71,3
4834,43250,2024-05-07,Damaged,1899.41,6
4835,44921,2024-05-19,Wrong Product,2065.38,3
4836,13430,2024-06-27,Not as Expected,3185.58,3
4837,2769,2024-06-13,Late Delivery,1227.37,1
4838,1855,2024-04-07,Wrong Product,761.28,2
4839,46392,2024-10-18,Late Delivery,1042.66,4
4840,47238,2024-05-15,Size Issue,6118.09,3
4841,8370,2024-11-08,Damaged,5174.69,8
4842,18197,2024-09-05,Not as Expected,2161.09,6
4843,11523,2024-01-27,Size Issue,1017.67,1
4844,35966,2024-08-12,Late Delivery,3615.14,6
4845,9214,2024-04-28,Size Issue,1084.4,3
4846,2220,2024-03-22,Wrong Product,8236.37,7
4847,8309,2024-11-08,Wrong Product,2449.32,7
4848,41643,2024-06-11,Wrong Product,3937.14,4
4849,8966,2024-03-29,Damaged,963.79,3
4850,38209,2024-12-16,Size Issue,3505.54,5
4851,12199,2024-04-28,Size Issue,1619.0,8
4852,5602,2024-12-03,Damaged,4154.75,2
4853,4872,2024-07-07,Wrong Product,6904.74,2
4854,47120,2024-07-29,Wrong Product,3275.78,2
4855,304,2024-11-15,Size Issue,1155.14,8
4856,36845,2024-04-08,Size Issue,2890.76,3
4857,11530,2024-04-21,Not as Expected,3353.94,5
4858,30603,2024-12-07,Size Issue,6752.96,2
4859,23324,2024-05-15,Damaged,1072.58,2
4860,42175,2024-06-27,Late Delivery,3459.68,8
4861,17820,2024-06-16,Late Delivery,3594.49,3
4862,43125,2024-07-10,Not as Expected,6602.28,9
4863,34426,2024-12-05,Damaged,6525.63,7
4864,16771,2024-06-20,Damaged,2656.09,6
4865,16208,2024-08-31,Damaged,7450.42,6
4866,13675,2024-09-15,Not as Expected,4683.29,9
4867,38096,2024-08-24,Damaged,5960.43,9
4868,10349,2024-11-11,Not as Expected,4429.39,3
4869,3719,2024-02-29,Damaged,1441.22,5
4870,11385,2024-08-29,Size Issue,2008.22,1
4871,36271,2024-02-06,Late Delivery,1455.5,4
4872,38989,2024-12-03,Late Delivery,1341.25,4
4873,49056,2024-10-31,Wrong Product,1478.22,9
4874,16874,2024-05-30,Size Issue,4206.43,9
4875,25759,2024-03-26,Not as Expected,3930.33,8
4876,49392,2024-10-10,Not as Expected,2280.35,7
4877,7615,2024-11-24,Not as Expected,4386.31,8
4878,46105,2024-07-13,Wrong Product,5017.61,6
4879,27468,2024-10-12,Wrong Product,1104.68,3
4880,17118,2024-02-24,Late Delivery,3102.01,9
4881,17046,2024-09-23,Not as Expected,620.47,1
4882,21986,2024-03-15,Late Delivery,4727.48,4
4883,36125,2024-03-29,Late Delivery,3994.47,6
4884,29487,2024-12-01,Damaged,880.23,7
4885,44076,2024-08-10,Size Issue,6311.33,9
4886,15143,2024-08-06,Late Delivery,2359.04,9
4887,14393,2024-01-31,Wrong Product,2842.34,5
4888,19049,2024-04-09,Size Issue,4753.95,9
4889,28299,2024-06-27,Wrong Product,2520.54,2
4890,28011,2024-03-10,Wrong Product,4744.9,8
4891,11923,2024-09-25,Size Issue,3214.23,2
4892,42740,2024-06-08,Late Delivery,3120.37,1
4893,37258,2024-05-23,Wrong Product,5126.69,4
4894,14715,2024-09-14,Damaged,884.46,7
4895,48584,2024-06-22,Not as Expected,1962.68,9
4896,27231,2024-03-16,Wrong Product,5010.08,3
4897,28255,2024-07-28,Damaged,5682.61,6
4898,34372,2024-03-16,Not as Expected,4789.47,4
4899,6721,2024-12-05,Size Issue,6759.93,2
4900,6068,2024-06-01,Damaged,503.04,2
4901,4604,2024-11-23,Size Issue,684.16,3
4902,44897,2024-01-30,Late Delivery,4835.56,3
4903,19119,2024-03-01,Late Delivery,2559.43,2
4904,36394,2024-08-12,Damaged,1260.09,1
4905,12196,2024-01-23,Late Delivery,3611.98,6
4906,18305,2024-02-19,Damaged,3627.62,5
4907,8540,2024-05-21,Damaged,3564.0,8
4908,19575,2024-06-14,Late Delivery,1535.24,8
4909,4444,2024-02-28,Wrong Product,5054.9,9
4910,42190,2024-05-05,Wrong Product,1501.67,3
4911,23020,2024-12-15,Wrong Product,3210.51,6
4912,41030,2024-06-10,Wrong Product,454.36,1
4913,47775,2024-07-10,Wrong Product,5605.83,1
4914,19739,2024-12-22,Size Issue,3841.5,2
4915,30557,2024-11-19,Not as Expected,6675.38,9
4916,23559,2024-02-03,Size Issue,6419.56,8
4917,4673,2024-07-01,Late Delivery,2102.64,3
4918,35339,2024-03-10,Late Delivery,5648.66,7
4919,23748,2024-06-26,Late Delivery,787.52,3
4920,31708,2024-08-29,Late Delivery,1051.34,2
4921,31614,2024-01-28,Not as Expected,486.57,9
4922,34912,2024-08-04,Not as Expected,1139.03,5
4923,40289,2024-03-02,Late Delivery,1041.1,3
4924,28843,2024-12-29,Size Issue,605.37,2
4925,22240,2024-12-17,Late Delivery,7901.91,6
4926,26839,2024-03-27,Size Issue,553.74,9
4927,24877,2024-02-01,Not as Expected,2906.56,1
4928,42275,2024-12-01,Damaged,4637.99,4
4929,15952,2024-02-20,Wrong Product,2620.03,6
4930,26674,2024-08-03,Size Issue,1326.2,2
4931,40191,2024-09-28,Late Delivery,2917.4,3
4932,27625,2024-04-15,Damaged,6145.62,3
4933,44064,2024-01-16,Not as Expected,8155.87,9
4934,48753,2024-05-03,Damaged,2372.54,4
4935,17992,2024-06-21,Size Issue,4954.99,6
4936,40997,2024-03-29,Size Issue,6078.77,7
4937,39378,2024-06-02,Not as Expected,2141.08,8
4938,39569,2024-03-15,Late Delivery,1128.76,4
4939,27226,2024-01-12,Not as Expected,2369.29,9
4940,21243,2024-04-04,Size Issue,920.48,3
4941,1302,2024-01-15,Late Delivery,1797.56,3
4942,33839,2024-04-18,Size Issue,4911.64,3
4943,27525,2024-08-14,Late Delivery,3182.36,4
4944,37207,2024-12-13,Damaged,5047.55,3
4945,17584,2024-11-25,Size Issue,5111.76,2
4946,44956,2024-04-13,Not as Expected,1787.98,7
4947,1740,2024-02-08,Late Delivery,6262.83,5
4948,44238,2024-07-22,Late Delivery,783.79,2
4949,7785,2024-10-23,Not as Expected,2483.81,4
4950,36293,2024-05-10,Wrong Product,1152.91,4
4951,44155,2024-11-12,Size Issue,6915.74,4
4952,45469,2024-03-22,Damaged,491.92,6
4953,40306,2024-05-08,Damaged,4238.71,4
4954,47632,2024-03-05,Late Delivery,2388.08,4
4955,3559,2024-09-23,Size Issue,4131.88,9
4956,10698,2024-05-23,Damaged,8093.31,1
4957,19917,2025-01-06,Wrong Product,1261.03,2
4958,7628,2024-07-14,Late Delivery,7712.5,5
4959,2563,2024-11-07,Size Issue,778.45,1
4960,40732,2024-11-01,Wrong Product,6022.94,5
4961,17517,2024-07-30,Size Issue,3495.5,8
4962,35409,2024-12-24,Damaged,2621.33,9
4963,27500,2024-02-08,Damaged,1867.53,3
4964,21170,2024-06-22,Not as Expected,2869.84,3
4965,35939,2024-11-26,Size Issue,5102.28,9
4966,26753,2024-10-03,Damaged,6928.88,1
4967,44375,2024-04-17,Not as Expected,4196.16,8
4968,17917,2024-05-14,Wrong Product,769.79,7
4969,22457,2024-05-06,Damaged,6388.7,8
4970,48025,2024-07-25,Size Issue,7052.27,1
4971,38796,2024-05-11,Late Delivery,6729.48,6
4972,26104,2024-01-11,Late Delivery,6364.77,6
4973,30146,2024-03-19,Late Delivery,4373.23,8
4974,28487,2024-01-17,Late Delivery,7003.28,5
4975,10646,2024-10-21,Late Delivery,4155.07,4
4976,44481,2024-06-01,Size Issue,4300.8,3
4977,24002,2024-02-15,Late Delivery,4802.48,6
4978,38706,2024-07-30,Late Delivery,5026.31,2
4979,21302,2024-02-28,Wrong Product,5577.18,1
4980,2437,2024-08-03,Wrong Product,5474.19,5
4981,47854,2024-04-24,Late Delivery,4071.98,7
4982,13972,2024-06-23,Damaged,5948.73,5
4983,26789,2024-02-23,Damaged,6743.81,2
4984,832,2024-11-11,Not as Expected,1804.34,1
4985,43923,2024-08-19,Late Delivery,1934.23,1
4986,17467,2024-12-30,Not as Expected,5100.4,6
4987,30108,2024-09-15,Size Issue,895.57,4
4988,49179,2024-11-01,Late Delivery,1766.58,5
4989,46213,2024-12-30,Damaged,4476.85,4
4990,8552,2024-12-13,Damaged,3127.76,7
4991,30850,2024-11-20,Damaged,6078.93,3
4992,27277,2024-02-05,Not as Expected,2851.59,6
4993,5758,2024-03-17,Damaged,3728.23,4
4994,26399,2024-06-17,Size Issue,3505.75,1
4995,48228,2024-04-18,Wrong Product,5510.46,1
4996,25545,2024-08-03,Not as Expected,905.26,2
4997,37918,2024-06-12,Size Issue,5980.94,9
4998,10724,2024-02-25,Wrong Product,5977.58,8
4999,34769,2024-09-30,Wrong Product,7531.39,4
5000,21777,2024-03-21,Wrong Product,4516.67,4
5001,5341,2024-09-03,Not as Expected,1617.46,3
5002,10542,2024-08-04,Size Issue,4819.6,4
5003,43154,2024-11-05,Wrong Product,6121.15,4
5004,1919,2024-01-13,Not as Expected,5122.25,3
5005,33517,2024-10-21,Size Issue,661.9,1
5006,437,2024-02-27,Damaged,5152.22,3
5007,42539,2024-05-23,Damaged,1612.85,5
5008,30782,2024-06-15,Size Issue,672.05,7
5009,979,2024-12-15,Late Delivery,2549.9,8
5010,39562,2024-08-11,Wrong Product,823.24,4
5011,43373,2024-06-26,Wrong Product,4732.08,5
5012,10947,2024-08-03,Size Issue,1379.49,8
5013,48784,2024-01-26,Wrong Product,5379.7,1
5014,18310,2024-06-06,Not as Expected,6004.41,4
5015,19863,2024-06-23,Damaged,5998.04,1
5016,39312,2024-07-24,Late Delivery,2497.44,1
5017,16907,2024-12-30,Late Delivery,6787.66,4
5018,225,2024-02-06,Wrong Product,5185.37,3
5019,15090,2024-05-23,Size Issue,3441.99,3
5020,18956,2024-06-29,Late Delivery,3440.82,5
5021,12188,2024-12-05,Size Issue,4478.89,9
5022,35907,2024-12-05,Wrong Product,653.09,7
5023,22539,2024-10-15,Damaged,974.46,9
5024,29667,2024-06-12,Not as Expected,5111.14,5
5025,11861,2024-08-07,Not as Expected,2118.38,6
5026,47305,2024-03-01,Not as Expected,5478.0,1
5027,33172,2024-12-12,Not as Expected,4822.41,6
5028,5839,2024-02-22,Late Delivery,4864.42,7
5029,14098,2024-08-11,Late Delivery,5555.58,4
5030,1550,2024-05-11,Wrong Product,487.35,1
5031,26362,2024-10-13,Late Delivery,5500.66,8
5032,11116,2024-03-28,Not as Expected,3366.06,1
5033,14312,2024-04-17,Late Delivery,5586.64,2
5034,16709,2024-01-16,Damaged,2664.72,9
5035,42608,2024-09-28,Late Delivery,1505.43,3
5036,40943,2024-02-16,Damaged,5444.49,7
5037,23820,2024-06-18,Not as Expected,4407.79,7
5038,18985,2024-04-29,Damaged,3817.47,8
5039,23478,2024-12-27,Late Delivery,3527.27,2
5040,26732,2024-08-03,Late Delivery,1930.22,9
5041,44052,2024-04-29,Late Delivery,5719.62,6
5042,19221,2024-11-18,Not as Expected,6902.43,9
5043,23293,2024-04-29,Size Issue,7129.12,4
5044,10590,2025-01-03,Damaged,6236.3,6
5045,21840,2024-04-30,Late Delivery,685.23,9
5046,43274,2024-03-16,Damaged,5982.68,8
5047,40722,2024-03-07,Damaged,2258.92,4
5048,41840,2024-07-08,Not as Expected,5698.88,3
5049,15737,2024-04-22,Damaged,6320.19,4
5050,44709,2024-05-30,Late Delivery,1062.43,6
5051,40728,2024-06-20,Late Delivery,2994.88,1
5052,48570,2024-05-09,Not as Expected,4887.07,6
5053,41453,2024-04-15,Damaged,5064.02,4
5054,33878,2024-05-31,Size Issue,3597.42,4
5055,2810,2024-08-19,Late Delivery,4350.2,4
5056,39230,2024-11-30,Wrong Product,4954.04,7
5057,37528,2024-10-28,Damaged,5817.89,8
5058,37364,2024-10-27,Size Issue,1968.25,8
5059,13661,2024-08-06,Late Delivery,3053.23,9
5060,38724,2024-04-07,Damaged,4179.0,1
5061,9982,2024-06-06,Wrong Product,1388.94,8
5062,35667,2024-03-15,Size Issue,5302.5,8
5063,17478,2024-02-27,Damaged,6277.85,1
5064,7554,2024-01-23,Damaged,531.64,6
5065,21204,2024-12-09,Damaged,3072.26,5
5066,42782,2024-08-19,Late Delivery,6357.8,8
5067,18774,2024-11-02,Wrong Product,4106.11,6
5068,49961,2024-06-11,Damaged,5558.76,7
5069,49705,2024-11-12,Not as Expected,4158.11,2
5070,41260,2024-06-29,Damaged,3758.83,1
5071,23235,2024-03-18,Size Issue,3886.48,1
5072,42501,2024-11-25,Late Delivery,5044.52,2
5073,11946,2024-04-06,Late Delivery,3289.58,5
5074,44013,2024-07-13,Late Delivery,5242.19,1
5075,47548,2024-12-08,Damaged,3985.94,7
5076,38883,2024-05-16,Late Delivery,5981.75,5
5077,23411,2024-05-17,Not as Expected,1394.63,3
5078,23042,2024-07-30,Late Delivery,901.72,5
5079,5453,2024-12-01,Damaged,6405.79,2
5080,21482,2024-05-13,Size Issue,2592.35,3
5081,43833,2024-12-25,Size Issue,3049.0,2
5082,42026,2024-06-17,Late Delivery,2746.29,7
5083,7332,2024-07-31,Wrong Product,2404.85,7
5084,39851,2024-03-27,Size Issue,3849.15,2
5085,42811,2024-10-25,Damaged,1462.52,9
5086,39193,2024-05-15,Wrong Product,5577.6,6
5087,48597,2024-03-21,Size Issue,4976.83,4
5088,6916,2024-09-30,Late Delivery,2483.66,6
5089,606,2024-01-27,Wrong Product,6204.43,8
5090,46416,2024-06-23,Wrong Product,6635.2,6
5091,21838,2024-04-23,Damaged,3366.34,9
5092,23613,2024-12-27,Late Delivery,1118.97,4
5093,26460,2024-06-18,Not as Expected,1503.05,2
5094,42610,2024-10-12,Size Issue,4137.91,3
5095,35808,2024-03-02,Late Delivery,4380.29,5
5096,3957,2024-04-05,Not as Expected,1820.05,5
5097,23052,2024-06-15,Size Issue,7489.26,4
5098,34105,2024-03-10,Late Delivery,1829.61,6
5099,46280,2024-02-15,Size Issue,4557.75,9
5100,33110,2024-08-06,Size Issue,395.76,5
5101,36428,2024-07-25,Damaged,5437.34,5
5102,21881,2024-03-25,Wrong Product,1604.67,8
5103,42758,2025-01-01,Not as Expected,5497.89,4
5104,30771,2024-02-05,Late Delivery,5511.11,3
5105,43122,2024-03-03,Damaged,5603.22,9
5106,8137,2024-03-05,Wrong Product,4577.09,7
5107,3651,2024-02-21,Not as Expected,6133.31,7
5108,20166,2024-08-21,Damaged,7981.56,7
5109,28732,2024-07-22,Size Issue,4656.23,6
5110,1938,2024-08-19,Size Issue,501.78,1
5111,33595,2025-01-01,Wrong Product,5468.31,7
5112,2491,2024-06-30,Not as Expected,2396.63,5
5113,11521,2024-06-09,Wrong Product,3146.03,5
5114,7398,2024-03-04,Late Delivery,401.9,3
5115,38499,2024-12-05,Wrong Product,1635.7,9
5116,39470,2025-01-04,Wrong Product,1014.86,6
5117,38639,2024-03-31,Wrong Product,2394.39,8
5118,16408,2024-12-24,Damaged,5707.36,4
5119,48533,2024-04-25,Late Delivery,1156.16,2
5120,43687,2024-07-25,Not as Expected,1794.73,6
5121,13065,2024-09-15,Size Issue,6773.63,4
5122,10246,2024-06-03,Damaged,982.83,3
5123,15151,2024-10-29,Size Issue,8231.14,8
5124,17043,2024-02-03,Not as Expected,4883.54,5
5125,36988,2024-11-28,Wrong Product,8631.68,7
5126,531,2024-12-10,Damaged,5255.62,1
5127,45091,2024-02-11,Wrong Product,6771.31,2
5128,9264,2024-08-24,Wrong Product,6139.69,8
5129,37463,2024-07-04,Late Delivery,3798.47,8
5130,3665,2024-06-21,Size Issue,4520.52,4
5131,37718,2024-07-13,Late Delivery,7143.11,2
5132,12605,2024-04-02,Late Delivery,5690.59,7
5133,14782,2024-08-10,Damaged,5316.14,9
5134,7316,2024-10-30,Late Delivery,2365.38,1
5135,26416,2024-08-08,Not as Expected,6202.23,5
5136,39674,2024-04-24,Not as Expected,2317.4,6
5137,48699,2024-10-25,Late Delivery,5658.83,5
5138,13263,2024-05-18,Wrong Product,691.57,9
5139,28505,2024-10-15,Wrong Product,872.51,8
5140,11002,2024-01-26,Late Delivery,3828.16,5
5141,29285,2024-01-21,Damaged,493.7,4
5142,42533,2024-08-26,Late Delivery,3802.1,6
5143,4289,2024-07-04,Damaged,7510.98,3
5144,7367,2024-03-16,Damaged,1522.94,4
5145,32929,2024-11-20,Damaged,3995.31,8
5146,32613,2024-02-19,Damaged,2113.28,6
5147,24534,2024-04-20,Not as Expected,793.9,7
5148,15855,2024-04-20,Damaged,8338.82,4
5149,9960,2024-06-03,Late Delivery,4827.47,9
5150,37583,2024-08-23,Not as Expected,8741.98,1
5151,4836,2024-07-31,Late Delivery,513.46,7
5152,38713,2024-03-04,Size Issue,1698.24,2
5153,19089,2024-07-30,Not as Expected,7439.01,5
5154,8527,2025-01-05,Late Delivery,5677.95,6
5155,38008,2024-07-04,Not as Expected,289.36,5
5156,17244,2024-03-03,Wrong Product,4835.09,9
5157,42890,2024-07-19,Not as Expected,2638.22,9
5158,10616,2024-10-04,Late Delivery,2943.96,8
5159,49036,2024-02-01,Late Delivery,5992.23,8
5160,9044,2024-04-07,Damaged,7390.76,8
5161,1736,2024-12-03,Size Issue,5540.75,8
5162,40625,2024-10-08,Not as Expected,3695.76,6
5163,20274,2024-03-06,Not as Expected,4804.05,5
5164,29613,2024-01-16,Not as Expected,1848.15,7
5165,14126,2024-03-08,Late Delivery,5989.61,5
5166,27696,2024-05-23,Late Delivery,4144.98,4
5167,3266,2024-01-25,Damaged,2082.8,7
5168,36619,2024-12-20,Not as Expected,2265.38,9
5169,28897,2024-09-28,Late Delivery,752.47,1
5170,34172,2024-10-16,Damaged,713.03,3
5171,31305,2024-12-29,Damaged,6124.43,1
5172,46316,2024-07-03,Not as Expected,4038.55,7
5173,26179,2024-12-20,Damaged,5291.14,6
5174,28095,2024-12-03,Wrong Product,3081.87,9
5175,12214,2024-06-13,Not as Expected,751.69,8
5176,18542,2024-01-16,Not as Expected,6263.13,7
5177,7431,2024-03-27,Late Delivery,1110.31,2
5178,30476,2024-08-25,Size Issue,721.24,3
5179,21965,2024-07-23,Late Delivery,2011.73,8
5180,8762,2024-04-04,Size Issue,3250.33,1
5181,13372,2024-03-18,Damaged,6442.13,1
5182,24380,2024-08-31,Damaged,4270.24,5
5183,43399,2024-12-19,Size Issue,1371.2,5
5184,9905,2024-06-13,Not as Expected,4324.89,1
5185,3602,2024-03-30,Late Delivery,2663.22,6
5186,48969,2024-09-03,Not as Expected,2257.69,3
5187,37196,2024-07-24,Size Issue,1829.32,1
5188,5283,2024-10-04,Late Delivery,2835.78,4
5189,9306,2024-10-15,Wrong Product,6367.88,5
5190,41120,2024-09-08,Wrong Product,6725.0,4
5191,11377,2024-01-20,Damaged,5540.94,8
5192,10777,2024-04-04,Size Issue,3097.97,5
5193,40327,2024-09-19,Size Issue,4664.05,4
5194,47705,2024-11-28,Size Issue,2059.93,2
5195,16546,2024-10-19,Wrong Product,4221.64,4
5196,20662,2024-12-08,Damaged,7020.31,2
5197,28948,2024-02-13,Late Delivery,4997.27,3
5198,41610,2024-04-04,Damaged,4940.5,4
5199,26503,2024-04-11,Not as Expected,3852.1,7
5200,38825,2024-09-23,Size Issue,3766.8,8
5201,29333,2024-02-09,Not as Expected,8044.81,4
5202,4680,2024-07-05,Wrong Product,6680.84,4
5203,31654,2024-03-13,Wrong Product,3781.92,6
5204,10638,2024-06-25,Late Delivery,4059.85,9
5205,41570,2024-11-09,Late Delivery,5960.73,8
5206,25510,2024-07-06,Damaged,2852.03,8
5207,6242,2024-08-22,Wrong Product,4979.05,9
5208,43981,2024-01-20,Damaged,6824.11,5
5209,1847,2024-03-22,Late Delivery,2885.78,5
5210,5869,2024-03-29,Wrong Product,5719.43,2
5211,23959,2024-06-21,Damaged,460.61,9
5212,8122,2024-02-27,Late Delivery,5583.93,5
5213,38545,2025-01-01,Damaged,6617.54,1
5214,24811,2024-09-21,Late Delivery,6918.05,5
5215,41765,2024-04-15,Wrong Product,6159.47,7
5216,9042,2024-05-09,Damaged,1256.5,3
5217,6990,2024-08-02,Late Delivery,4657.73,3
5218,41019,2024-01-29,Late Delivery,1316.11,2
5219,26421,2024-07-31,Late Delivery,5469.85,1
5220,8389,2024-07-13,Size Issue,6309.11,8
5221,8154,2024-12-12,Damaged,6925.38,1
5222,43915,2024-02-10,Late Delivery,2840.4,2
5223,28347,2024-09-23,Size Issue,3490.98,5
5224,6017,2025-01-04,Late Delivery,4079.42,1
5225,33378,2024-06-09,Size Issue,7124.42,2
5226,13443,2024-11-02,Late Delivery,2913.28,4
5227,16171,2024-09-21,Wrong Product,2402.78,5
5228,13832,2024-10-11,Not as Expected,4910.41,7
5229,25835,2024-02-22,Damaged,2284.16,3
5230,9624,2024-05-03,Late Delivery,1557.52,1
5231,2308,2024-03-30,Not as Expected,2343.68,2
5232,25978,2024-07-23,Wrong Product,433.28,6
5233,45011,2025-01-04,Late Delivery,1775.21,2
5234,40894,2024-12-18,Late Delivery,3198.82,9
5235,37175,2024-07-06,Damaged,6930.74,4
5236,3555,2024-09-15,Not as Expected,6552.44,7
5237,42375,2024-10-25,Size Issue,5929.23,8
5238,18865,2024-04-13,Wrong Product,569.29,5
5239,6129,2024-01-20,Late Delivery,1039.62,7
5240,13829,2024-07-10,Late Delivery,2716.92,8
5241,18775,2024-12-23,Size Issue,1013.23,5
5242,9575,2024-01-21,Late Delivery,6401.78,2
5243,29209,2024-11-12,Not as Expected,4553.6,4
5244,26451,2024-02-27,Damaged,1304.42,4
5245,6801,2024-04-20,Not as Expected,3173.78,8
5246,42195,2024-02-23,Size Issue,2388.85,7
5247,3864,2024-01-21,Wrong Product,5202.98,4
5248,25126,2024-12-09,Late Delivery,3695.81,5
5249,1704,2024-02-05,Size Issue,1231.05,6
5250,49416,2024-07-19,Damaged,5101.49,5
5251,14561,2024-11-12,Wrong Product,4311.06,2
5252,23964,2024-10-03,Damaged,3922.62,7
5253,48831,2025-01-11,Not as Expected,1538.08,4
5254,4619,2024-03-10,Late Delivery,3820.98,6
5255,45706,2024-01-15,Late Delivery,6846.5,2
5256,15286,2024-12-08,Wrong Product,820.91,1
5257,4121,2024-09-08,Late Delivery,2561.02,7
5258,16380,2024-10-30,Not as Expected,5763.53,2
5259,30804,2024-04-08,Not as Expected,6601.46,2
5260,45830,2024-08-23,Not as Expected,5609.35,8
5261,21574,2024-02-14,Size Issue,7533.15,5
5262,45676,2024-07-15,Wrong Product,3897.22,1
5263,43848,2024-04-25,Damaged,3482.15,8
5264,10126,2024-05-27,Late Delivery,6303.15,2
5265,5325,2024-01-25,Late Delivery,3225.17,2
5266,41750,2024-07-12,Wrong Product,4038.99,4
5267,1193,2024-06-30,Late Delivery,1551.63,1
5268,7432,2024-02-20,Late Delivery,413.88,6
5269,16890,2024-04-01,Size Issue,8420.76,9
5270,49166,2024-09-10,Late Delivery,2732.0,8
5271,35472,2024-09-01,Late Delivery,4135.29,8
5272,24347,2024-05-20,Wrong Product,1980.24,8
5273,7122,2024-01-10,Late Delivery,4140.74,2
5274,42575,2024-01-07,Wrong Product,3416.68,8
5275,32388,2024-02-25,Late Delivery,5486.1,8
5276,32214,2024-01-19,Not as Expected,1545.14,7
5277,42408,2024-12-10,Damaged,5511.02,6
5278,36805,2024-05-04,Size Issue,7613.34,6
5279,28245,2024-02-18,Not as Expected,6187.0,7
5280,42555,2024-03-20,Late Delivery,5882.97,4
5281,25346,2024-09-18,Size Issue,4029.63,4
5282,46025,2024-09-28,Not as Expected,1988.61,6
5283,35065,2024-11-11,Size Issue,2633.96,2
5284,32305,2024-08-09,Late Delivery,1059.98,5
5285,25764,2024-08-18,Damaged,4200.74,2
5286,44569,2024-04-08,Wrong Product,7678.91,7
5287,15199,2024-02-09,Damaged,5538.0,6
5288,26207,2024-07-31,Late Delivery,4770.36,9
5289,1483,2024-12-13,Not as Expected,1287.46,1
5290,20048,2024-10-10,Damaged,4023.1,3
5291,38414,2024-03-05,Not as Expected,2555.04,2
5292,8862,2024-03-18,Late Delivery,604.35,5
5293,6252,2024-07-16,Size Issue,3531.55,9
5294,34929,2024-04-02,Wrong Product,2885.63,3
5295,37279,2024-03-11,Wrong Product,5710.06,4
5296,10051,2024-01-12,Not as Expected,1085.0,7
5297,38942,2024-06-12,Size Issue,2083.73,2
5298,11394,2024-08-30,Damaged,2620.24,7
5299,21389,2024-08-28,Size Issue,3363.06,4
5300,988,2024-09-30,Damaged,2840.31,2
5301,13484,2024-11-20,Wrong Product,927.78,5
5302,2936,2024-07-07,Size Issue,7574.73,6
5303,19290,2024-10-10,Damaged,3404.51,5
5304,34327,2024-12-01,Not as Expected,4442.9,9
5305,42389,2024-04-01,Wrong Product,6142.46,4
5306,30701,2024-09-28,Late Delivery,622.28,2
5307,46685,2024-12-02,Wrong Product,850.95,1
5308,29566,2024-12-12,Size Issue,7877.88,6
5309,49820,2024-01-24,Late Delivery,5473.72,1
5310,21903,2024-12-12,Size Issue,774.6,1
5311,9863,2024-08-28,Wrong Product,3272.57,5
5312,5969,2024-02-14,Late Delivery,2301.81,2
5313,42840,2024-03-28,Wrong Product,6438.82,6
5314,9397,2024-11-26,Size Issue,6998.91,2
5315,11834,2024-05-25,Late Delivery,3399.98,8
5316,42120,2024-05-03,Damaged,2898.34,1
5317,36534,2024-07-26,Wrong Product,4714.09,6
5318,5463,2024-06-30,Not as Expected,6888.06,2
5319,17762,2024-01-15,Late Delivery,1474.24,6
5320,49194,2024-01-30,Not as Expected,3536.68,5
5321,2085,2024-05-06,Late Delivery,2677.71,1
5322,3263,2024-07-02,Late Delivery,712.83,5
5323,3912,2024-11-05,Damaged,1607.94,3
5324,42259,2024-09-19,Late Delivery,4682.26,2
5325,47176,2024-09-12,Wrong Product,4704.62,8
5326,10866,2024-06-21,Size Issue,4433.93,4
5327,26382,2024-09-10,Late Delivery,1879.33,9
5328,11317,2024-09-22,Late Delivery,4673.47,2
5329,49092,2024-08-21,Wrong Product,6159.25,5
5330,31507,2024-02-18,Late Delivery,658.26,8
5331,11824,2024-04-05,Damaged,7045.71,2
5332,28978,2024-07-20,Wrong Product,4290.11,5
5333,43230,2024-10-20,Size Issue,4281.56,6
5334,38603,2024-09-29,Damaged,691.01,1
5335,11052,2024-02-17,Size Issue,6402.82,4
5336,36432,2024-10-12,Not as Expected,432.41,7
5337,792,2024-07-31,Not as Expected,3488.57,9
5338,23991,2024-07-05,Damaged,4705.53,3
5339,1523,2024-04-10,Damaged,4837.12,4
5340,11178,2024-03-20,Size Issue,3611.86,3
5341,18057,2024-12-07,Wrong Product,1376.71,2
5342,46312,2024-05-22,Wrong Product,6720.98,3
5343,25749,2024-07-28,Late Delivery,1615.33,5
5344,6685,2024-04-16,Not as Expected,5853.81,9
5345,11526,2024-01-24,Damaged,3730.75,9
5346,35886,2024-05-10,Late Delivery,785.25,7
5347,40927,2024-08-20,Wrong Product,7393.03,2
5348,10315,2024-01-07,Not as Expected,7516.33,3
5349,46305,2025-01-04,Not as Expected,2851.34,3
5350,36984,2024-11-25,Damaged,2784.69,6
5351,8867,2024-05-27,Size Issue,5749.28,4
5352,469,2024-09-14,Late Delivery,1863.73,8
5353,47443,2024-09-21,Wrong Product,6243.06,7
5354,6032,2024-05-25,Size Issue,6287.3,8
5355,5741,2024-03-30,Wrong Product,3891.61,5
5356,4096,2024-08-22,Late Delivery,4462.5,8
5357,9161,2024-12-21,Late Delivery,4897.04,3
5358,14972,2024-07-17,Damaged,4454.23,9
5359,49887,2024-02-17,Late Delivery,4493.72,8
5360,46732,2024-10-31,Not as Expected,3104.89,4
5361,33636,2024-01-30,Late Delivery,1518.42,7
5362,6910,2025-01-04,Size Issue,2764.93,3
5363,29692,2024-01-10,Size Issue,5656.01,6
5364,29562,2024-01-29,Wrong Product,1696.5,7
5365,24424,2024-05-15,Wrong Product,5067.88,4
5366,12906,2024-02-01,Late Delivery,2857.86,3
5367,40341,2024-05-30,Size Issue,1236.84,7
5368,31855,2024-07-09,Wrong Product,6823.8,6
5369,13226,2024-08-17,Late Delivery,924.52,6
5370,24918,2024-06-03,Size Issue,7169.91,3
5371,37892,2024-11-30,Damaged,2595.4,1
5372,17189,2024-03-24,Late Delivery,1680.68,3
5373,18409,2024-05-20,Late Delivery,3871.25,7
5374,47123,2024-03-04,Wrong Product,4599.34,2
5375,33580,2024-07-25,Not as Expected,2880.32,8
5376,49248,2024-06-20,Wrong Product,5899.82,1
5377,36659,2024-04-21,Size Issue,5497.9,1
5378,46267,2024-05-26,Late Delivery,755.97,2
5379,40377,2024-08-21,Size Issue,4474.78,8
5380,27788,2024-06-17,Wrong Product,1824.32,1
5381,35743,2024-11-05,Size Issue,4769.65,2
5382,40711,2025-01-05,Late Delivery,6258.04,3
5383,17964,2024-07-25,Size Issue,2345.97,8
5384,17742,2024-01-20,Not as Expected,3649.01,8
5385,39398,2024-04-12,Damaged,6141.86,2
5386,47167,2024-08-06,Late Delivery,2463.22,1
5387,23143,2024-04-17,Late Delivery,2971.51,4
5388,35357,2024-08-01,Not as Expected,4211.14,9
5389,42270,2024-10-27,Not as Expected,3371.16,4
5390,28373,2024-03-13,Not as Expected,5871.28,6
5391,8390,2024-08-23,Wrong Product,4689.37,6
5392,6485,2024-01-31,Wrong Product,3492.77,8
5393,47496,2024-03-26,Late Delivery,5108.73,8
5394,114,2024-11-19,Size Issue,4111.09,4
5395,28906,2024-12-19,Late Delivery,2975.98,9
5396,38447,2024-06-20,Damaged,1827.55,2
5397,33173,2024-07-24,Wrong Product,4857.38,1
5398,14794,2024-08-12,Damaged,3761.82,2
5399,40348,2024-06-01,Damaged,5112.49,4
5400,25222,2024-03-30,Not as Expected,2989.58,9
5401,19637,2024-03-27,Damaged,2769.74,1
5402,25516,2024-12-01,Not as Expected,6100.37,5
5403,9270,2024-07-17,Size Issue,2182.3,9
5404,36239,2024-05-24,Wrong Product,5723.17,1
5405,29245,2024-08-21,Not as Expected,288.28,6
5406,15592,2024-12-21,Not as Expected,3247.51,9
5407,20976,2024-04-17,Size Issue,4330.25,4
5408,1622,2024-05-22,Late Delivery,3332.11,5
5409,15928,2024-10-14,Late Delivery,1856.06,4
5410,45732,2024-06-24,Late Delivery,622.99,8
5411,4563,2024-09-20,Not as Expected,2050.72,7
5412,15083,2024-11-11,Damaged,2878.92,5
5413,4693,2024-10-17,Size Issue,4826.22,9
5414,35539,2025-01-03,Wrong Product,1955.16,4
5415,13116,2024-06-07,Size Issue,3186.15,8
5416,35684,2024-10-16,Damaged,1220.63,2
5417,10297,2024-07-28,Not as Expected,3014.83,5
5418,39835,2024-05-11,Wrong Product,2400.9,8
5419,13649,2024-03-07,Not as Expected,3610.55,4
5420,23973,2024-08-18,Wrong Product,2378.45,2
5421,30981,2024-08-01,Wrong Product,3680.82,8
5422,36490,2024-09-24,Size Issue,3667.29,6
5423,99,2024-06-05,Damaged,1172.16,8
5424,31661,2024-02-11,Wrong Product,2571.18,9
5425,46682,2024-10-05,Late Delivery,1644.88,6
5426,30667,2024-01-13,Damaged,2410.62,8
5427,37118,2024-04-07,Wrong Product,2947.55,5
5428,15431,2024-07-13,Late Delivery,7211.42,6
5429,10696,2024-03-02,Late Delivery,4768.46,1
5430,39856,2024-05-06,Wrong Product,2816.47,5
5431,45318,2024-05-09,Damaged,2476.68,5
5432,40538,2024-09-03,Not as Expected,5174.5,5
5433,8529,2024-03-05,Late Delivery,2898.11,4
5434,3133,2024-09-20,Damaged,3524.41,6
5435,5344,2024-05-28,Size Issue,4772.71,3
5436,45418,2024-10-19,Wrong Product,2942.27,9
5437,10633,2024-08-30,Size Issue,940.66,8
5438,26353,2024-12-09,Not as Expected,1341.2,4
5439,8363,2024-03-12,Not as Expected,4317.0,7
5440,6321,2024-12-13,Wrong Product,2494.76,5
5441,6383,2024-12-16,Not as Expected,6567.61,4
5442,4078,2024-02-20,Size Issue,6181.11,9
5443,18735,2024-03-19,Size Issue,5102.85,5
5444,5058,2024-09-18,Late Delivery,4321.89,2
5445,41085,2024-10-03,Damaged,2040.02,6
5446,9191,2024-07-27,Size Issue,4119.78,5
5447,16090,2024-06-14,Damaged,1623.32,3
5448,3000,2024-11-25,Size Issue,5872.12,1
5449,1568,2024-04-11,Wrong Product,3049.7,9
5450,121,2024-03-27,Not as Expected,1564.16,7
5451,12277,2024-06-11,Late Delivery,3430.29,8
5452,26738,2024-09-03,Size Issue,5478.98,2
5453,37577,2024-12-31,Size Issue,4909.95,7
5454,14633,2024-04-20,Damaged,5129.45,5
5455,43587,2024-06-24,Size Issue,7825.42,1
5456,12895,2024-12-07,Late Delivery,6631.35,6
5457,35121,2024-07-07,Wrong Product,3076.08,9
5458,1210,2024-09-20,Damaged,1131.81,5
5459,4577,2024-07-25,Size Issue,4476.29,2
5460,14762,2024-07-15,Size Issue,5806.05,7
5461,21788,2024-05-23,Damaged,1132.14,6
5462,48977,2024-02-14,Not as Expected,3014.06,6
5463,6997,2024-02-06,Wrong Product,3482.94,2
5464,26176,2024-10-03,Size Issue,2007.61,8
5465,34575,2024-11-15,Late Delivery,2168.14,4
5466,15919,2024-06-27,Wrong Product,1896.11,5
5467,42116,2024-05-23,Size Issue,1703.96,1
5468,21338,2024-07-26,Wrong Product,2091.04,1
5469,20359,2024-07-19,Late Delivery,4992.38,1
5470,32142,2024-05-09,Size Issue,3913.58,4
5471,38882,2024-10-20,Wrong Product,2765.85,6
5472,12672,2025-01-09,Not as Expected,3604.22,2
5473,36386,2024-01-27,Wrong Product,4420.63,6
5474,45248,2024-12-30,Size Issue,1516.98,2
5475,22263,2024-07-28,Late Delivery,229.29,7
5476,22806,2024-04-10,Not as Expected,2797.67,6
5477,6966,2024-10-14,Late Delivery,4797.36,2
5478,14544,2024-07-28,Wrong Product,1544.22,3
5479,46661,2024-06-13,Not as Expected,4262.22,6
5480,18062,2024-08-07,Not as Expected,3831.17,9
5481,9929,2024-06-24,Size Issue,651.35,7
5482,23415,2024-05-15,Size Issue,1978.59,4
5483,12529,2024-11-30,Wrong Product,2500.44,6
5484,49426,2024-08-24,Size Issue,2228.36,3
5485,9399,2024-05-10,Not as Expected,393.6,2
5486,24396,2024-12-26,Not as Expected,1826.6,9
5487,48885,2024-11-07,Late Delivery,714.62,5
5488,30519,2024-04-01,Size Issue,7473.81,7
5489,41582,2024-02-17,Size Issue,512.54,7
5490,14969,2024-12-02,Not as Expected,6108.09,8
5491,18047,2024-06-25,Damaged,2188.68,4
5492,44497,2024-07-16,Wrong Product,5373.14,8
5493,13996,2024-06-20,Size Issue,386.66,7
5494,28431,2024-04-18,Late Delivery,1888.07,9
5495,48014,2024-05-05,Late Delivery,2046.94,3
5496,8816,2024-09-06,Wrong Product,545.2,4
5497,28125,2024-07-31,Damaged,2212.31,6
5498,22127,2024-02-02,Late Delivery,2559.71,3
5499,7121,2024-09-30,Damaged,6805.46,9
5500,8512,2024-07-23,Not as Expected,4761.29,8
5501,2132,2024-04-08,Wrong Product,3075.44,6
5502,12319,2024-12-12,Late Delivery,5150.68,1
5503,29039,2024-01-10,Size Issue,5959.54,4
5504,20091,2024-05-06,Damaged,5176.99,9
5505,43096,2024-04-06,Damaged,4988.9,6
5506,22897,2024-01-09,Late Delivery,5450.9,2
5507,45166,2024-02-24,Wrong Product,4698.41,1
5508,13159,2024-06-05,Not as Expected,2608.36,9
5509,21509,2024-03-30,Damaged,4952.84,1
5510,30063,2024-11-27,Size Issue,6142.77,2
5511,22519,2024-04-30,Size Issue,2204.54,6
5512,35753,2024-02-24,Late Delivery,1774.48,6
5513,37146,2024-09-21,Damaged,3866.01,2
5514,44406,2024-01-21,Not as Expected,2447.18,3
5515,21266,2024-03-30,Damaged,5156.22,4
5516,48022,2024-07-24,Damaged,919.84,9
5517,39702,2024-06-29,Damaged,1338.32,7
5518,35660,2024-10-26,Not as Expected,6634.85,3
5519,48222,2024-08-09,Wrong Product,3806.37,2
5520,39748,2024-04-18,Size Issue,1657.11,9
5521,33758,2024-11-15,Wrong Product,4285.81,6
5522,19796,2024-12-31,Wrong Product,3350.47,2
5523,7937,2024-10-05,Not as Expected,6018.91,7
5524,8681,2024-05-06,Late Delivery,1178.49,9
5525,10528,2024-03-09,Late Delivery,4457.79,5
5526,21925,2024-09-27,Wrong Product,693.17,4
5527,29068,2024-12-26,Size Issue,5926.6,1
5528,32940,2024-06-05,Late Delivery,4199.62,3
5529,45837,2024-12-20,Size Issue,3805.18,9
5530,24327,2024-06-09,Late Delivery,3844.14,3
5531,21002,2024-11-04,Not as Expected,4789.35,9
5532,36022,2024-09-16,Wrong Product,4666.91,5
5533,45001,2024-01-20,Size Issue,4560.42,2
5534,21787,2024-10-05,Not as Expected,2551.0,7
5535,39746,2024-07-24,Late Delivery,4673.3,9
5536,13930,2024-03-27,Late Delivery,1046.08,8
5537,45199,2024-06-14,Wrong Product,6383.6,7
5538,37457,2024-03-06,Late Delivery,4728.34,7
5539,28941,2024-06-27,Late Delivery,601.52,7
5540,36136,2024-02-10,Not as Expected,5148.72,6
5541,11184,2024-08-11,Not as Expected,5544.45,3
5542,44879,2024-01-09,Damaged,6623.92,6
5543,29637,2024-08-22,Size Issue,4554.96,9
5544,22764,2024-04-12,Not as Expected,3252.66,1
5545,35870,2024-05-07,Size Issue,1896.71,3
5546,19122,2024-11-02,Not as Expected,2181.74,8
5547,41361,2024-04-18,Not as Expected,1179.63,8
5548,45009,2024-06-20,Size Issue,3674.66,3
5549,34611,2024-04-24,Wrong Product,839.14,9
5550,6858,2024-04-17,Late Delivery,2173.14,3
5551,3040,2024-08-30,Not as Expected,333.63,8
5552,24954,2024-11-10,Not as Expected,1376.6,1
5553,26418,2024-09-20,Size Issue,4812.1,5
5554,27555,2024-12-15,Wrong Product,4212.95,6
5555,48953,2024-06-29,Late Delivery,3215.34,6
5556,39837,2024-09-22,Late Delivery,2554.36,8
5557,2672,2024-05-05,Not as Expected,6567.89,3
5558,40746,2024-04-01,Size Issue,4782.73,2
5559,33346,2024-11-04,Wrong Product,5064.74,4
5560,19613,2024-07-21,Late Delivery,5292.98,1
5561,22013,2025-01-05,Not as Expected,4139.05,2
5562,30685,2024-01-26,Size Issue,534.13,1
5563,33611,2024-11-20,Damaged,277.83,6
5564,14935,2024-02-12,Wrong Product,6321.76,6
5565,41891,2024-04-22,Late Delivery,695.36,6
5566,31186,2024-03-13,Size Issue,3559.64,3
5567,17436,2024-09-09,Damaged,1159.1,1
5568,27090,2024-03-26,Not as Expected,6026.28,4
5569,30929,2024-10-13,Not as Expected,1471.11,1
5570,37074,2024-06-18,Wrong Product,3848.91,3
5571,1281,2024-04-21,Not as Expected,1918.88,5
5572,30194,2024-06-03,Late Delivery,4617.46,3
5573,43137,2024-03-29,Late Delivery,1818.94,3
5574,11561,2024-03-11,Size Issue,3405.87,6
5575,17669,2024-04-09,Late Delivery,4748.02,1
5576,18450,2024-06-16,Late Delivery,3980.04,9
5577,20504,2024-01-18,Size Issue,4596.37,9
5578,15037,2024-06-04,Size Issue,657.8,7
5579,18609,2024-12-30,Damaged,1063.87,1
5580,38269,2024-10-11,Wrong Product,247.64,4
5581,37820,2024-07-08,Size Issue,5315.3,1
5582,3363,2024-05-05,Damaged,4832.21,3
5583,1659,2024-04-23,Late Delivery,4069.03,9
5584,17507,2024-10-17,Late Delivery,4229.78,6
5585,6902,2024-01-24,Damaged,1896.48,1
5586,21976,2024-10-19,Late Delivery,288.1,2
5587,16104,2024-08-18,Damaged,4699.9,5
5588,33035,2024-02-16,Late Delivery,4233.58,2
5589,21252,2024-12-05,Size Issue,485.76,6
5590,7753,2024-07-07,Damaged,561.83,1
5591,6387,2024-03-02,Damaged,4927.81,6
5592,43497,2024-07-28,Late Delivery,6352.19,9
5593,35259,2024-03-26,Not as Expected,4133.22,2
5594,1137,2024-02-22,Damaged,3386.38,5
5595,25806,2024-04-29,Damaged,4547.39,3
5596,26880,2024-05-01,Size Issue,4313.58,3
5597,8238,2024-11-18,Size Issue,1347.12,7
5598,12315,2024-05-27,Damaged,4326.66,3
5599,6692,2024-11-19,Late Delivery,5462.77,1
5600,31951,2024-08-07,Damaged,2887.91,1
5601,7133,2024-12-05,Late Delivery,4307.93,1
5602,28816,2024-05-24,Wrong Product,3906.86,3
5603,20064,2024-10-08,Size Issue,5209.32,1
5604,29028,2024-07-30,Late Delivery,3567.45,8
5605,4212,2024-09-02,Not as Expected,6021.98,2
5606,30248,2024-01-25,Size Issue,6778.52,1
5607,12070,2024-05-24,Wrong Product,3450.06,3
5608,6130,2024-10-20,Late Delivery,5341.14,9
5609,43920,2024-08-02,Wrong Product,3353.54,3
5610,22535,2024-09-02,Wrong Product,4571.84,8
5611,13358,2024-06-07,Wrong Product,4439.5,6
5612,14681,2024-08-14,Late Delivery,3332.51,5
5613,45567,2024-01-26,Size Issue,7667.19,2
5614,25483,2024-10-16,Size Issue,4219.63,8
5615,43223,2024-05-31,Size Issue,3474.35,4
5616,31650,2024-07-05,Size Issue,3078.85,7
5617,49909,2024-04-10,Damaged,3730.43,1
5618,9788,2024-01-19,Late Delivery,1600.04,3
5619,39396,2024-06-24,Damaged,6171.29,3
5620,38551,2024-06-24,Wrong Product,4403.34,2
5621,38251,2024-08-10,Size Issue,5134.16,7
5622,8036,2024-02-12,Not as Expected,1908.47,2
5623,46910,2024-06-01,Wrong Product,6417.97,6
5624,38514,2024-01-12,Size Issue,6047.13,2
5625,9120,2024-10-05,Damaged,4492.93,7
5626,11801,2024-04-11,Late Delivery,5480.9,1
5627,41847,2024-04-07,Damaged,820.74,3
5628,25305,2024-10-16,Size Issue,2312.97,7
5629,30508,2024-02-10,Wrong Product,4057.81,8
5630,31596,2024-04-22,Damaged,2249.38,2
5631,15415,2024-06-28,Size Issue,1100.82,8
5632,8659,2024-02-28,Wrong Product,4466.22,6
5633,7443,2024-08-21,Wrong Product,6792.93,6
5634,48619,2025-01-02,Damaged,4601.85,5
5635,12265,2024-02-22,Size Issue,2518.32,7
5636,22010,2024-06-01,Late Delivery,4568.03,6
5637,15830,2025-01-06,Not as Expected,5647.17,5
5638,45024,2024-03-14,Size Issue,5310.81,9
5639,1347,2024-04-25,Wrong Product,5378.77,8
5640,37558,2024-08-08,Damaged,585.78,7
5641,33795,2024-07-14,Wrong Product,283.85,8
5642,9895,2024-07-20,Wrong Product,2616.85,5
5643,36886,2024-09-27,Wrong Product,3434.43,2
5644,33074,2024-05-27,Not as Expected,1520.19,3
5645,24697,2024-02-01,Size Issue,1362.59,6
5646,19735,2024-03-13,Damaged,408.67,4
5647,18548,2024-12-02,Wrong Product,3402.82,4
5648,25714,2024-05-27,Not as Expected,6668.02,2
5649,37735,2024-11-02,Wrong Product,2307.22,4
5650,25405,2024-07-24,Not as Expected,6257.33,5
5651,18120,2024-02-03,Size Issue,2168.92,2
5652,43121,2024-09-25,Not as Expected,2835.48,9
5653,29912,2024-05-17,Wrong Product,1815.77,9
5654,18682,2024-12-17,Size Issue,7626.57,7
5655,29939,2024-08-10,Damaged,5826.8,4
5656,20235,2024-10-30,Late Delivery,6522.44,8
5657,16979,2024-02-18,Wrong Product,3226.54,2
5658,23759,2024-10-11,Not as Expected,846.65,5
5659,179,2024-03-10,Size Issue,4265.53,5
5660,33798,2024-02-22,Late Delivery,6180.57,9
5661,21349,2024-01-18,Size Issue,1670.58,5
5662,12907,2024-02-23,Late Delivery,6548.81,1
5663,1901,2024-12-23,Damaged,4775.74,4
5664,25559,2024-12-10,Not as Expected,6775.38,5
5665,44948,2024-10-18,Size Issue,1605.94,6
5666,36841,2024-01-19,Damaged,1803.31,9
5667,18108,2024-06-29,Damaged,5409.07,3
5668,17458,2024-01-18,Size Issue,714.4,7
5669,18498,2024-12-30,Size Issue,1788.41,2
5670,6784,2024-01-15,Late Delivery,4084.41,9
5671,46533,2024-12-08,Size Issue,602.58,3
5672,44822,2024-03-18,Late Delivery,1061.73,7
5673,22227,2024-06-13,Not as Expected,5779.74,4
5674,4390,2024-06-14,Not as Expected,1311.65,3
5675,47573,2024-05-07,Size Issue,2381.18,3
5676,1667,2024-09-09,Wrong Product,6767.25,5
5677,13406,2024-01-12,Size Issue,848.13,5
5678,2854,2024-03-05,Late Delivery,1697.18,8
5679,37470,2024-03-08,Wrong Product,577.57,5
5680,31078,2024-05-12,Not as Expected,4303.82,6
5681,48302,2024-05-08,Wrong Product,3890.85,7
5682,24264,2024-08-09,Size Issue,6071.74,4
5683,34952,2024-07-15,Not as Expected,2369.77,9
5684,16458,2024-02-23,Size Issue,2749.93,7
5685,35866,2024-09-26,Late Delivery,5225.88,7
5686,49445,2024-11-22,Damaged,938.97,3
5687,47734,2024-05-18,Damaged,2953.39,7
5688,42746,2024-03-14,Late Delivery,4556.41,9
5689,30171,2024-11-26,Size Issue,5734.51,6
5690,26334,2024-09-09,Damaged,7337.73,2
5691,30454,2024-05-18,Size Issue,6590.25,6
5692,13881,2024-11-04,Late Delivery,652.71,9
5693,32264,2024-09-28,Size Issue,685.73,4
5694,42220,2024-10-04,Late Delivery,3061.26,2
5695,42629,2024-10-19,Size Issue,5346.91,8
5696,48200,2024-01-08,Not as Expected,567.37,8
5697,39643,2024-12-26,Late Delivery,1209.02,8
5698,9802,2024-05-30,Size Issue,2297.21,8
5699,11309,2024-07-19,Damaged,3175.95,7
5700,26939,2024-03-31,Late Delivery,2737.48,8
5701,2427,2024-07-14,Not as Expected,2688.06,4
5702,39023,2024-10-23,Damaged,5225.64,8
5703,10027,2024-10-02,Wrong Product,5148.75,6
5704,19555,2024-12-06,Size Issue,5989.81,6
5705,28145,2024-11-28,Late Delivery,1223.16,7
5706,10648,2024-07-23,Not as Expected,2099.31,8
5707,1959,2024-03-07,Size Issue,4300.38,5
5708,32102,2024-06-19,Wrong Product,3547.9,8
5709,18307,2024-11-10,Size Issue,1356.5,7
5710,7793,2024-08-04,Size Issue,539.88,2
5711,3225,2024-10-09,Not as Expected,1350.31,7
5712,9890,2024-03-30,Size Issue,4566.65,6
5713,10064,2024-05-09,Size Issue,4344.26,1
5714,6121,2024-08-03,Not as Expected,4828.93,9
5715,30467,2024-04-11,Late Delivery,991.38,7
5716,24437,2024-02-13,Wrong Product,6231.86,4
5717,17849,2024-07-11,Size Issue,2006.92,2
5718,13231,2024-01-18,Not as Expected,1712.1,5
5719,26191,2024-11-13,Damaged,609.06,8
5720,19580,2024-07-11,Late Delivery,4959.82,5
5721,42479,2024-07-22,Damaged,6760.59,4
5722,6759,2024-03-16,Not as Expected,1284.14,6
5723,37647,2024-05-02,Size Issue,5236.97,3
5724,45476,2024-04-13,Late Delivery,1333.58,9
5725,23268,2024-06-26,Not as Expected,900.66,4
5726,33381,2024-03-25,Damaged,256.49,7
5727,10328,2024-05-17,Late Delivery,4095.4,4
5728,37916,2024-08-20,Wrong Product,2075.3,5
5729,48637,2024-03-06,Late Delivery,2374.91,9
5730,2718,2024-11-18,Wrong Product,6681.32,9
5731,40029,2024-05-14,Wrong Product,4669.96,7
5732,28506,2024-11-12,Late Delivery,2852.73,9
5733,40387,2024-07-30,Late Delivery,6311.05,4
5734,46912,2024-03-11,Damaged,3528.11,1
5735,6613,2024-03-03,Late Delivery,3588.22,3
5736,22954,2024-09-07,Not as Expected,3601.65,1
5737,20747,2024-01-10,Late Delivery,4085.26,2
5738,18853,2024-12-24,Size Issue,1312.92,3
5739,16126,2024-07-31,Not as Expected,4588.69,8
5740,39357,2024-03-16,Damaged,413.22,5
5741,27598,2024-03-23,Damaged,6427.04,2
5742,32089,2024-05-26,Size Issue,7874.97,9
5743,12296,2024-01-24,Not as Expected,2075.39,5
5744,29142,2024-11-13,Not as Expected,2897.51,7
5745,33563,2024-07-07,Damaged,1842.29,6
5746,46274,2024-11-23,Wrong Product,3686.02,6
5747,25150,2024-03-27,Not as Expected,5001.1,4
5748,12159,2024-11-08,Wrong Product,4644.97,2
5749,38353,2024-04-28,Late Delivery,7974.51,3
5750,32899,2024-03-16,Wrong Product,3590.72,9
5751,35901,2024-08-05,Wrong Product,3412.18,3
5752,20874,2024-05-18,Wrong Product,4418.26,6
5753,26949,2024-04-03,Late Delivery,5874.41,1
5754,24561,2024-08-21,Late Delivery,1540.6,4
5755,49593,2024-01-26,Size Issue,5160.42,1
5756,49327,2024-10-31,Damaged,1661.46,6
5757,22152,2024-09-14,Not as Expected,2598.7,7
5758,46665,2024-02-05,Wrong Product,1865.27,5
5759,11904,2024-08-07,Late Delivery,3032.8,8
5760,34316,2024-02-04,Late Delivery,656.13,8
5761,6360,2024-08-01,Wrong Product,7049.43,1
5762,29042,2024-07-01,Late Delivery,2320.87,2
5763,3170,2024-10-20,Damaged,3261.68,2
5764,18660,2024-10-30,Damaged,1425.84,2
5765,29455,2024-09-25,Not as Expected,2349.28,5
5766,7514,2024-02-20,Late Delivery,4979.42,1
5767,38754,2024-09-12,Wrong Product,4329.38,2
5768,44393,2024-04-13,Wrong Product,7209.64,8
5769,29501,2024-04-24,Size Issue,998.87,9
5770,33660,2024-08-25,Wrong Product,5786.97,9
5771,37169,2025-01-04,Not as Expected,1891.93,8
5772,35748,2024-05-30,Not as Expected,5356.71,3
5773,13162,2024-05-17,Late Delivery,1359.11,3
5774,3996,2024-02-01,Damaged,5865.45,5
5775,29027,2024-01-27,Late Delivery,6092.9,4
5776,35910,2024-09-18,Damaged,1738.67,9
5777,1509,2024-02-28,Damaged,2334.35,4
5778,39876,2024-09-26,Not as Expected,4938.99,9
5779,20420,2024-07-15,Late Delivery,2452.35,9
5780,44487,2024-09-26,Wrong Product,5683.37,6
5781,22742,2024-01-14,Size Issue,2632.42,6
5782,6871,2024-06-11,Wrong Product,6346.97,3
5783,2377,2024-08-22,Wrong Product,2993.42,6
5784,31129,2024-04-20,Size Issue,4789.57,3
5785,30023,2024-02-24,Wrong Product,5873.83,9
5786,34545,2024-03-18,Late Delivery,382.91,6
5787,45387,2024-03-07,Wrong Product,5586.13,6
5788,14016,2024-11-05,Damaged,4758.8,2
5789,49698,2024-09-25,Wrong Product,896.91,6
5790,25277,2024-02-17,Damaged,5938.3,3
5791,16066,2024-03-23,Not as Expected,1228.18,1
5792,26295,2024-10-27,Damaged,4240.44,9
5793,38123,2024-07-31,Wrong Product,2727.52,8
5794,9797,2024-08-13,Late Delivery,5692.39,3
5795,11908,2024-02-21,Not as Expected,4904.3,7
5796,28637,2024-11-02,Damaged,1523.87,5
5797,16055,2024-01-26,Late Delivery,1838.89,3
5798,13465,2024-02-22,Not as Expected,2859.21,1
5799,20251,2024-05-09,Late Delivery,1196.9,7
5800,16737,2024-05-30,Late Delivery,4272.63,9
5801,600,2024-05-06,Damaged,1237.58,9
5802,28302,2024-04-04,Damaged,1743.83,6
5803,23254,2024-08-27,Not as Expected,3598.64,7
5804,11583,2024-02-26,Wrong Product,5282.33,9
5805,35838,2024-08-27,Damaged,4923.04,2
5806,6213,2024-10-04,Late Delivery,2837.28,6
5807,28316,2024-07-23,Size Issue,2902.47,2
5808,26175,2024-03-05,Late Delivery,534.21,9
5809,30333,2024-02-01,Late Delivery,5914.8,4
5810,4804,2024-10-29,Not as Expected,1436.38,6
5811,21981,2024-02-04,Damaged,5819.18,7
5812,40660,2024-12-09,Damaged,2054.42,5
5813,35944,2024-07-19,Wrong Product,3136.76,3
5814,30548,2024-09-01,Not as Expected,3561.16,5
5815,18771,2024-10-18,Damaged,3599.22,7
5816,4972,2024-03-21,Wrong Product,883.29,7
5817,17193,2024-01-08,Damaged,3116.57,4
5818,2841,2024-08-24,Wrong Product,4722.91,2
5819,48392,2024-11-05,Not as Expected,6896.36,1
5820,27350,2024-04-26,Not as Expected,2535.69,6
5821,32514,2024-10-05,Wrong Product,3846.64,5
5822,7087,2024-04-22,Damaged,553.54,9
5823,31191,2024-07-20,Damaged,711.7,5
5824,47947,2024-02-08,Late Delivery,894.64,3
5825,31777,2024-11-05,Size Issue,3623.95,9
5826,29554,2024-10-25,Size Issue,900.46,6
5827,26278,2024-04-12,Damaged,7519.95,5
5828,9747,2024-08-07,Late Delivery,2971.01,7
5829,42839,2024-06-10,Damaged,3031.17,9
5830,31340,2024-11-22,Not as Expected,7328.69,7
5831,15754,2024-06-21,Not as Expected,4440.54,8
5832,21074,2024-03-16,Not as Expected,4943.25,9
5833,25754,2024-04-28,Late Delivery,6871.06,9
5834,32948,2024-08-26,Late Delivery,1256.22,8
5835,25437,2024-02-14,Size Issue,2016.13,1
5836,38014,2024-02-10,Damaged,3879.34,1
5837,27953,2024-03-07,Size Issue,3807.81,2
5838,31849,2024-02-14,Not as Expected,518.41,2
5839,40613,2024-11-05,Late Delivery,5033.02,9
5840,4007,2024-03-29,Not as Expected,6727.6,6
5841,24335,2024-08-24,Size Issue,4099.39,6
5842,37736,2025-01-07,Damaged,1949.96,3
5843,9312,2024-06-12,Late Delivery,2044.16,2
5844,20142,2024-12-28,Not as Expected,2692.41,9
5845,14818,2025-01-07,Wrong Product,3910.28,6
5846,40057,2024-10-10,Late Delivery,4381.55,3
5847,24017,2024-12-21,Not as Expected,719.6,8
5848,2376,2024-09-06,Late Delivery,6255.09,2
5849,12034,2024-03-30,Wrong Product,414.31,8
5850,38889,2024-07-31,Damaged,2049.22,4
5851,42597,2024-09-06,Not as Expected,5897.02,6
5852,20958,2024-01-18,Wrong Product,4915.95,9
5853,39919,2024-07-12,Late Delivery,373.9,7
5854,31011,2024-11-10,Wrong Product,5190.98,1
5855,15233,2024-01-24,Damaged,4870.54,3
5856,37939,2024-09-27,Size Issue,4805.54,4
5857,49821,2024-04-10,Late Delivery,3993.23,1
5858,9679,2024-05-22,Not as Expected,7510.51,4
5859,23534,2024-04-13,Not as Expected,2483.06,4
5860,37022,2024-03-11,Late Delivery,1193.29,7
5861,10162,2024-03-18,Size Issue,5504.27,4
5862,30064,2024-01-22,Wrong Product,6829.71,4
5863,20621,2024-05-08,Late Delivery,3443.22,9
5864,35025,2024-04-21,Late Delivery,704.63,3
5865,31884,2024-08-25,Wrong Product,2145.84,2
5866,45339,2024-09-22,Damaged,3168.19,7
5867,45919,2024-10-23,Size Issue,5125.37,8
5868,40260,2024-03-29,Size Issue,517.4,1
5869,24107,2024-01-15,Not as Expected,3615.94,3
5870,15921,2024-03-25,Wrong Product,4341.94,5
5871,2816,2024-05-26,Late Delivery,1890.21,8
5872,8151,2024-03-30,Damaged,7230.6,2
5873,23537,2024-02-12,Late Delivery,2578.28,3
5874,37050,2024-06-14,Damaged,3392.47,8
5875,16335,2024-02-28,Late Delivery,1790.86,4
5876,36537,2024-05-10,Size Issue,3301.43,1
5877,5835,2024-12-19,Not as Expected,1466.29,4
5878,6766,2024-05-20,Late Delivery,1547.3,2
5879,11720,2024-04-09,Wrong Product,7581.61,3
5880,67,2024-08-09,Wrong Product,4893.1,8
5881,13610,2024-02-27,Wrong Product,5493.37,6
5882,41700,2024-10-25,Damaged,4478.31,2
5883,45587,2024-01-24,Not as Expected,2878.91,8
5884,465,2024-08-26,Size Issue,6469.42,4
5885,8882,2024-06-18,Wrong Product,3079.32,8
5886,39590,2024-10-30,Late Delivery,947.34,6
5887,7217,2024-10-05,Late Delivery,2982.1,4
5888,33251,2024-10-23,Not as Expected,5874.25,9
5889,4456,2024-02-22,Wrong Product,2800.01,8
5890,9584,2024-01-21,Not as Expected,848.25,4
5891,6921,2024-11-15,Wrong Product,4596.65,8
5892,8901,2024-05-08,Size Issue,6292.16,7
5893,32891,2024-11-19,Wrong Product,1644.87,7
5894,21044,2024-07-08,Not as Expected,684.86,6
5895,31979,2024-07-01,Size Issue,380.7,1
5896,14888,2024-11-21,Late Delivery,1097.43,9
5897,10081,2024-10-19,Size Issue,3185.14,4
5898,11220,2024-08-29,Wrong Product,6746.4,1
5899,20635,2024-11-14,Not as Expected,5524.48,3
5900,34111,2024-04-30,Size Issue,1726.79,8
5901,9907,2024-09-25,Wrong Product,4499.3,4
5902,25402,2024-09-25,Not as Expected,5638.13,8
5903,48367,2024-05-24,Wrong Product,6521.16,5
5904,44478,2024-11-27,Wrong Product,2191.16,1
5905,34384,2024-09-15,Not as Expected,3762.02,2
5906,44584,2024-12-21,Late Delivery,3650.4,6
5907,19554,2024-02-06,Damaged,3535.35,8
5908,49422,2024-09-20,Late Delivery,3599.31,6
5909,842,2024-12-30,Wrong Product,5604.34,6
5910,44399,2024-07-11,Damaged,735.45,1
5911,49345,2024-01-13,Damaged,1740.94,6
5912,49309,2024-11-22,Not as Expected,4001.41,7
5913,24633,2024-01-11,Not as Expected,2620.19,2
5914,21070,2024-06-24,Size Issue,2572.63,2
5915,11982,2024-01-22,Wrong Product,1665.49,3
5916,32797,2024-11-03,Damaged,5706.94,9
5917,23606,2024-03-14,Damaged,2633.81,9
5918,49028,2024-01-13,Size Issue,5548.03,8
5919,43,2024-12-21,Late Delivery,1618.37,5
5920,23516,2024-07-09,Size Issue,1360.93,4
5921,11666,2024-07-08,Wrong Product,2923.69,4
5922,47150,2024-04-01,Size Issue,5641.94,4
5923,28774,2024-04-20,Late Delivery,6959.79,1
5924,5251,2024-12-15,Size Issue,5162.23,5
5925,14623,2024-11-09,Damaged,1863.55,8
5926,19984,2024-01-27,Wrong Product,4751.38,3
5927,2418,2024-09-12,Damaged,7059.08,1
5928,21244,2024-02-07,Damaged,4996.1,1
5929,3284,2024-10-12,Damaged,1124.05,6
5930,2719,2024-01-20,Not as Expected,6182.18,6
5931,25627,2024-03-09,Not as Expected,1226.56,2
5932,5318,2024-09-17,Late Delivery,7510.71,7
5933,668,2024-10-11,Late Delivery,1365.87,9
5934,8945,2024-11-01,Not as Expected,3221.19,3
5935,13794,2024-12-02,Not as Expected,3455.65,5
5936,38495,2024-10-23,Damaged,5647.84,5
5937,18253,2024-12-16,Late Delivery,1357.87,3
5938,8553,2024-05-15,Damaged,4820.38,6
5939,109,2024-04-14,Size Issue,6763.07,2
5940,23920,2024-03-16,Damaged,2683.78,2
5941,16734,2024-03-27,Wrong Product,2008.86,9
5942,45553,2024-02-07,Size Issue,5545.27,8
5943,27386,2024-11-02,Size Issue,4842.04,1
5944,46385,2024-05-19,Wrong Product,1597.31,5
5945,15399,2024-10-06,Damaged,4272.33,9
5946,14378,2024-02-14,Wrong Product,3898.29,2
5947,18229,2024-05-31,Wrong Product,1212.49,1
5948,30976,2024-06-12,Late Delivery,2564.75,2
5949,40877,2024-03-12,Wrong Product,1692.68,1
5950,28856,2024-09-16,Late Delivery,556.94,9
5951,45501,2024-02-13,Not as Expected,3485.58,9
5952,7867,2024-07-26,Late Delivery,2749.07,1
5953,13506,2024-10-17,Wrong Product,3106.75,5
5954,7365,2024-08-02,Not as Expected,2319.78,5
5955,20590,2024-08-24,Not as Expected,1568.82,2
5956,26866,2024-09-11,Not as Expected,1961.27,5
5957,33439,2024-12-01,Late Delivery,8637.97,1
5958,18380,2024-10-13,Size Issue,1950.28,6
5959,32846,2025-01-03,Not as Expected,1348.76,8
5960,7911,2024-04-11,Damaged,1435.63,8
5961,22887,2024-09-15,Not as Expected,4525.27,2
5962,12005,2024-12-06,Late Delivery,2691.64,2
5963,6345,2024-10-23,Damaged,6089.31,4
5964,19611,2024-02-03,Late Delivery,2603.39,3
5965,13684,2024-06-03,Size Issue,2489.19,3
5966,6650,2024-07-31,Wrong Product,4071.38,1
5967,13198,2024-04-22,Damaged,5737.16,2
5968,39637,2024-10-21,Wrong Product,2993.01,4
5969,33340,2024-01-31,Wrong Product,3398.7,6
5970,14392,2025-01-02,Wrong Product,577.37,2
5971,25079,2024-04-03,Size Issue,6634.92,8
5972,36693,2024-12-19,Size Issue,2275.77,5
5973,33205,2024-06-02,Late Delivery,5011.88,1
5974,39646,2024-05-26,Late Delivery,4504.62,8
5975,25565,2024-12-01,Late Delivery,1794.29,9
5976,13436,2024-12-03,Not as Expected,1918.86,6
5977,6093,2024-03-03,Wrong Product,6420.77,5
5978,17416,2024-07-23,Late Delivery,3204.63,7
5979,42042,2024-03-28,Late Delivery,3805.86,3
5980,47115,2024-02-18,Wrong Product,6235.73,7
5981,34360,2024-06-18,Damaged,2044.57,6
5982,737,2024-08-28,Not as Expected,4284.89,2
5983,46702,2024-07-03,Late Delivery,2260.78,5
5984,6061,2024-02-26,Damaged,3473.82,5
5985,16895,2024-04-25,Wrong Product,7374.07,1
5986,16634,2024-07-08,Late Delivery,3155.8,4
5987,16742,2024-08-31,Size Issue,6347.01,3
5988,1612,2024-04-30,Not as Expected,5564.88,6
5989,7002,2025-01-11,Not as Expected,3371.71,6
5990,48053,2024-03-03,Size Issue,2748.54,7
5991,46089,2024-07-10,Size Issue,2633.23,7
5992,1575,2024-11-14,Not as Expected,6163.11,5
5993,41678,2024-01-12,Wrong Product,3969.17,2
5994,40353,2024-06-29,Not as Expected,1116.09,6
5995,27417,2024-04-16,Damaged,2783.14,4
5996,2669,2024-06-24,Wrong Product,1243.83,3
5997,35631,2024-08-10,Not as Expected,789.3,1
5998,20476,2024-11-04,Damaged,4488.39,4
5999,10758,2024-02-23,Late Delivery,5886.97,1
6000,6133,2025-01-08,Late Delivery,931.6,3
6001,23927,2024-09-22,Late Delivery,7798.68,8
6002,2000,2024-08-15,Late Delivery,511.43,2
6003,4097,2024-12-23,Size Issue,879.41,2
6004,5760,2024-09-05,Late Delivery,507.02,1
6005,37609,2024-03-05,Damaged,5068.71,6
6006,24312,2024-02-02,Damaged,4328.54,3
6007,12507,2024-08-03,Not as Expected,1387.78,5
6008,37571,2024-01-25,Not as Expected,3543.09,8
6009,13080,2024-11-12,Wrong Product,3030.15,6
6010,30972,2024-07-29,Size Issue,7020.91,8
6011,1719,2024-08-31,Late Delivery,5237.39,2
6012,4904,2024-07-19,Wrong Product,3918.73,4
6013,35039,2024-08-12,Not as Expected,4452.5,6
6014,19515,2024-02-19,Wrong Product,2241.87,8
6015,20446,2024-12-10,Wrong Product,839.67,1
6016,45645,2024-12-22,Not as Expected,2255.56,7
6017,36936,2024-12-12,Not as Expected,7195.73,8
6018,6497,2024-06-15,Size Issue,5195.74,3
6019,32074,2024-03-16,Damaged,4953.58,5
6020,39619,2024-10-26,Late Delivery,1143.58,5
6021,18100,2024-11-26,Damaged,1214.19,7
6022,38180,2024-09-02,Damaged,5575.71,9
6023,20983,2024-09-02,Wrong Product,5338.58,8
6024,34472,2024-08-10,Late Delivery,1099.18,8
6025,46443,2024-07-25,Size Issue,769.66,8
6026,11410,2024-12-02,Not as Expected,5423.02,8
6027,22035,2024-04-05,Wrong Product,2620.51,3
6028,36477,2024-09-26,Size Issue,5991.91,9
6029,29067,2024-05-06,Wrong Product,932.78,7
6030,27600,2024-05-22,Late Delivery,5403.02,4
6031,18329,2024-05-14,Damaged,6101.19,5
6032,21441,2025-01-03,Late Delivery,6391.74,9
6033,33569,2024-11-13,Late Delivery,1116.1,7
6034,21270,2024-04-05,Not as Expected,5373.8,8
6035,46145,2024-12-07,Wrong Product,5329.39,8
6036,32931,2024-10-01,Damaged,780.35,3
6037,41989,2024-03-03,Wrong Product,5804.58,2
6038,5204,2024-07-07,Wrong Product,3634.53,9
6039,33820,2024-05-06,Not as Expected,2309.26,1
6040,38913,2024-04-26,Damaged,428.48,7
6041,33464,2024-10-29,Size Issue,728.77,9
6042,38221,2024-12-31,Size Issue,7752.51,7
6043,20041,2024-06-14,Not as Expected,2813.56,5
6044,15132,2024-08-04,Size Issue,2678.13,7
6045,18169,2024-02-19,Late Delivery,2258.26,8
6046,33863,2024-11-01,Not as Expected,1455.06,2
6047,21440,2024-03-03,Wrong Product,6670.58,6
6048,49297,2024-08-24,Wrong Product,2044.17,5
6049,17575,2024-06-23,Size Issue,4035.36,5
6050,42630,2024-11-06,Not as Expected,2520.77,5
6051,38145,2024-08-06,Damaged,5216.47,4
6052,41165,2024-07-22,Late Delivery,668.08,9
6053,7194,2024-04-07,Damaged,6591.17,9
6054,32768,2024-09-17,Damaged,4486.55,5
6055,30172,2024-09-26,Damaged,6242.15,3
6056,47723,2024-08-26,Damaged,4129.44,4
6057,7043,2024-01-21,Size Issue,1359.95,2
6058,20409,2024-02-23,Late Delivery,6770.96,5
6059,18471,2024-11-21,Late Delivery,2116.36,3
6060,35300,2024-02-18,Late Delivery,3505.94,8
6061,7403,2024-10-17,Damaged,6576.38,7
6062,29129,2024-04-22,Size Issue,3200.1,3
6063,44115,2024-12-23,Damaged,4094.27,9
6064,37803,2024-04-20,Late Delivery,4462.65,7
6065,1910,2024-12-06,Damaged,3498.81,1
6066,33004,2024-09-04,Not as Expected,642.29,2
6067,14325,2024-03-18,Late Delivery,1830.17,1
6068,3215,2024-12-06,Late Delivery,3203.05,5
6069,12572,2024-02-01,Size Issue,4769.22,2
6070,4193,2024-11-17,Wrong Product,2098.04,7
6071,395,2024-12-05,Not as Expected,843.0,3
6072,6799,2024-02-27,Size Issue,560.28,1
6073,17150,2024-06-30,Wrong Product,4038.5,4
6074,17630,2024-09-16,Not as Expected,6063.09,1
6075,39509,2024-05-29,Damaged,1433.43,4
6076,40438,2024-07-28,Late Delivery,5670.8,2
6077,15148,2024-04-22,Late Delivery,7329.14,1
6078,39826,2024-03-06,Not as Expected,1350.2,6
6079,36559,2024-05-14,Not as Expected,3805.7,6
6080,1030,2024-10-28,Not as Expected,6300.6,9
6081,47988,2024-07-06,Damaged,1262.32,1
6082,10299,2024-12-21,Damaged,4521.13,2
6083,7171,2024-01-29,Damaged,4704.05,5
6084,44304,2024-08-28,Late Delivery,933.7,5
6085,8705,2024-11-28,Late Delivery,1256.27,8
6086,33992,2024-04-02,Damaged,513.04,8
6087,16999,2024-09-01,Damaged,3787.73,1
6088,5937,2024-09-10,Damaged,4319.63,8
6089,22767,2024-08-12,Damaged,1081.94,4
6090,36011,2024-03-16,Late Delivery,3368.15,5
6091,32033,2024-07-31,Late Delivery,3321.87,6
6092,19043,2024-08-22,Wrong Product,1556.46,4
6093,15571,2024-12-08,Late Delivery,8112.54,6
6094,36314,2024-05-13,Not as Expected,3876.9,3
6095,11651,2024-04-25,Not as Expected,4548.11,7
6096,21113,2024-07-02,Damaged,5154.63,8
6097,46509,2024-04-06,Wrong Product,707.32,8
6098,23132,2024-09-13,Not as Expected,4930.53,8
6099,30956,2024-02-26,Size Issue,5511.11,1
6100,40409,2024-08-10,Late Delivery,1375.86,3
6101,44779,2024-10-14,Wrong Product,2204.34,7
6102,14396,2024-01-11,Not as Expected,4742.83,2
6103,9922,2024-09-18,Damaged,5916.4,1
6104,16818,2024-09-25,Damaged,2214.52,7
6105,3200,2024-05-03,Wrong Product,7098.99,9
6106,9813,2024-03-15,Size Issue,7330.1,2
6107,43943,2024-01-22,Not as Expected,3774.73,6
6108,24235,2024-03-17,Size Issue,6940.98,6
6109,26909,2024-04-28,Not as Expected,1683.57,9
6110,14997,2024-07-15,Size Issue,406.12,5
6111,30328,2024-02-23,Damaged,4998.8,3
6112,33310,2024-06-09,Damaged,4413.53,5
6113,22003,2024-04-05,Wrong Product,1340.52,7
6114,10398,2024-04-30,Size Issue,1805.91,1
6115,48993,2024-07-18,Damaged,6327.67,7
6116,16638,2024-05-14,Damaged,1298.69,7
6117,46065,2024-12-24,Size Issue,6289.52,6
6118,6403,2024-12-28,Late Delivery,5196.36,7
6119,25596,2024-11-30,Size Issue,5683.55,4
6120,31537,2024-10-12,Damaged,6245.34,9
6121,2890,2024-10-11,Not as Expected,4655.72,4
6122,80,2024-06-09,Wrong Product,4247.92,5
6123,44827,2024-10-21,Size Issue,3909.07,8
6124,24773,2024-08-12,Wrong Product,263.57,4
6125,23697,2024-05-25,Damaged,1357.08,9
6126,48933,2024-07-31,Damaged,2152.21,5
6127,22866,2024-11-29,Size Issue,783.58,6
6128,19304,2024-07-14,Size Issue,1945.24,3
6129,29638,2024-04-20,Size Issue,5619.36,3
6130,2682,2024-12-27,Size Issue,2011.29,5
6131,9501,2024-07-11,Damaged,3224.23,7
6132,10889,2024-10-23,Not as Expected,4965.17,9
6133,22294,2024-12-01,Not as Expected,2282.79,2
6134,25809,2024-12-17,Wrong Product,4629.69,9
6135,7025,2024-11-28,Not as Expected,6168.75,5
6136,10059,2024-06-21,Size Issue,1523.87,3
6137,48218,2024-03-18,Damaged,7438.1,2
6138,42764,2024-02-14,Wrong Product,2208.82,3
6139,47494,2024-10-28,Not as Expected,3292.22,4
6140,37060,2024-06-30,Late Delivery,4519.28,1
6141,47589,2024-10-18,Not as Expected,5159.15,5
6142,18963,2024-09-27,Not as Expected,2645.85,4
6143,40928,2024-08-15,Size Issue,3189.71,3
6144,8261,2024-09-24,Wrong Product,5043.73,5
6145,8619,2024-06-05,Damaged,411.33,9
6146,41446,2024-06-21,Not as Expected,5159.69,1
6147,23318,2024-08-21,Late Delivery,2345.75,4
6148,41510,2024-11-04,Not as Expected,2524.14,4
6149,42716,2024-12-23,Not as Expected,2739.55,3
6150,32519,2024-03-22,Not as Expected,909.85,2
6151,40639,2024-12-15,Wrong Product,3743.14,3
6152,47159,2024-10-02,Late Delivery,838.7,4
6153,23808,2024-08-10,Size Issue,3556.38,1
6154,37384,2024-03-16,Size Issue,1480.94,4
6155,5597,2024-02-28,Not as Expected,3784.87,7
6156,4470,2024-05-01,Not as Expected,956.83,1
6157,34481,2024-08-09,Damaged,741.64,4
6158,48133,2024-03-10,Not as Expected,3642.95,2
6159,11631,2024-11-12,Wrong Product,2269.73,7
6160,49272,2024-06-06,Size Issue,1877.4,3
6161,37679,2024-05-02,Size Issue,2894.52,5
6162,20853,2024-01-28,Not as Expected,4817.16,9
6163,4590,2024-04-23,Late Delivery,5536.05,5
6164,15477,2024-02-17,Size Issue,3625.87,2
6165,45285,2024-01-11,Size Issue,1205.41,2
6166,2658,2024-07-28,Late Delivery,4496.0,5
6167,19320,2024-11-13,Damaged,6563.77,8
6168,17224,2024-02-20,Late Delivery,2166.21,1
6169,38662,2024-04-05,Damaged,4631.81,8
6170,970,2024-11-23,Wrong Product,5549.8,4
6171,16216,2024-11-30,Wrong Product,7683.25,6
6172,26435,2024-05-03,Late Delivery,6088.36,5
6173,28232,2024-12-16,Wrong Product,653.98,7
6174,5639,2024-06-28,Size Issue,891.4,6
6175,36090,2024-10-13,Size Issue,1690.81,1
6176,37340,2024-10-06,Late Delivery,2583.6,4
6177,16575,2024-09-01,Wrong Product,4126.04,6
6178,18304,2024-07-04,Late Delivery,5488.01,6
6179,28646,2024-03-26,Damaged,5123.5,2
6180,3277,2024-04-03,Size Issue,5748.99,4
6181,31568,2024-06-25,Damaged,4487.54,9
6182,48587,2024-08-20,Late Delivery,8671.17,4
6183,23203,2024-01-21,Not as Expected,2108.77,8
6184,37728,2024-06-13,Damaged,7633.35,9
6185,31963,2024-04-04,Wrong Product,316.11,3
6186,17264,2024-06-22,Wrong Product,2175.22,4
6187,462,2024-07-28,Size Issue,603.21,4
6188,39571,2024-10-05,Not as Expected,3685.09,6
6189,25977,2024-04-03,Not as Expected,5587.78,5
6190,12442,2024-05-14,Damaged,4504.68,4
6191,42045,2024-12-20,Size Issue,2589.86,9
6192,47674,2024-08-20,Late Delivery,6575.44,7
6193,895,2024-01-10,Wrong Product,6300.16,4
6194,45261,2024-12-05,Not as Expected,7752.99,5
6195,37666,2024-04-27,Not as Expected,5714.36,2
6196,25676,2024-01-26,Size Issue,5072.71,7
6197,49225,2024-10-06,Size Issue,3253.89,6
6198,571,2024-08-30,Damaged,5993.23,1
6199,37821,2024-09-09,Not as Expected,875.13,5
6200,24429,2024-10-15,Wrong Product,4176.22,8
6201,32941,2024-02-22,Size Issue,5967.35,5
6202,8690,2024-07-10,Wrong Product,5248.7,9
6203,45237,2024-10-05,Not as Expected,6847.58,4
6204,30525,2025-01-04,Wrong Product,5861.11,3
6205,18852,2024-05-14,Size Issue,3363.12,5
6206,7189,2024-01-25,Late Delivery,1120.36,1
6207,12616,2024-02-29,Damaged,2611.61,4
6208,49837,2024-01-23,Wrong Product,2668.05,6
6209,21543,2024-03-05,Wrong Product,2234.82,3
6210,6800,2024-09-02,Wrong Product,1950.99,3
6211,39864,2024-05-24,Wrong Product,5273.15,7
6212,17882,2024-11-23,Damaged,2866.02,6
6213,34846,2024-08-11,Wrong Product,507.16,9
6214,12428,2024-01-08,Wrong Product,6883.13,8
6215,35960,2024-07-27,Damaged,3911.14,5
6216,34879,2024-12-31,Not as Expected,1016.15,7
6217,27575,2024-12-20,Wrong Product,2820.28,1
6218,33357,2024-07-25,Size Issue,3517.11,1
6219,49489,2024-10-28,Not as Expected,6424.5,7
6220,38948,2024-07-10,Size Issue,2826.74,2
6221,6223,2024-02-12,Late Delivery,6768.58,5
6222,2853,2024-05-15,Not as Expected,1289.05,4
6223,9349,2024-03-24,Not as Expected,4034.81,9
6224,42315,2024-07-01,Damaged,3546.37,5
6225,18010,2024-12-26,Late Delivery,1892.24,3
6226,46691,2024-01-25,Wrong Product,3036.03,6
6227,24982,2024-08-10,Wrong Product,5379.04,1
6228,3856,2024-12-28,Late Delivery,4183.59,7
6229,13224,2024-02-15,Size Issue,5337.32,2
6230,10303,2024-06-27,Damaged,2100.12,2
6231,2786,2024-03-10,Damaged,1148.95,4
6232,14403,2024-09-06,Not as Expected,3315.47,7
6233,29368,2024-11-26,Size Issue,7592.54,4
6234,15537,2024-04-18,Damaged,1431.79,2
6235,45519,2024-10-04,Late Delivery,4127.48,8
6236,10043,2024-09-27,Wrong Product,5372.14,1
6237,10373,2024-08-13,Late Delivery,2115.45,2
6238,36214,2024-10-16,Wrong Product,869.84,1
6239,15991,2024-09-22,Not as Expected,6805.54,4
6240,42699,2024-03-17,Damaged,3618.98,7
6241,35467,2024-10-12,Not as Expected,2325.37,9
6242,47094,2024-02-15,Not as Expected,6267.58,8
6243,12209,2024-12-02,Size Issue,4069.94,9
6244,24245,2024-05-18,Size Issue,8168.97,9
6245,24927,2024-09-23,Size Issue,1297.12,5
6246,5129,2024-06-02,Late Delivery,2228.78,2
6247,14931,2024-08-03,Late Delivery,6980.63,1
6248,31118,2024-09-15,Damaged,5829.77,7
6249,8448,2024-05-28,Size Issue,2828.31,2
6250,45296,2024-06-22,Size Issue,3323.34,8
6251,3796,2024-06-14,Size Issue,2524.29,3
6252,23279,2024-09-07,Late Delivery,1266.12,3
6253,28862,2024-09-29,Damaged,3665.82,3
6254,36384,2024-10-24,Wrong Product,6065.94,5
6255,28935,2024-03-17,Damaged,360.36,7
6256,13716,2024-08-16,Wrong Product,2730.85,5
6257,14983,2024-02-29,Size Issue,5755.59,9
6258,39683,2024-11-20,Not as Expected,1606.1,2
6259,4710,2024-07-21,Not as Expected,3098.52,7
6260,41222,2024-02-23,Damaged,4037.62,4
6261,27051,2024-10-31,Late Delivery,1264.88,9
6262,47362,2024-04-07,Wrong Product,2546.7,2
6263,16611,2024-11-19,Size Issue,6103.47,7
6264,14253,2024-09-06,Late Delivery,1862.79,5
6265,7814,2024-09-12,Not as Expected,764.32,8
6266,1298,2024-06-08,Size Issue,1545.39,1
6267,11728,2024-07-18,Late Delivery,1935.19,9
6268,25635,2024-06-06,Size Issue,2975.46,1
6269,13957,2024-07-18,Not as Expected,4158.73,3
6270,45827,2024-12-01,Wrong Product,3187.58,3
6271,31002,2024-10-11,Not as Expected,2103.37,7
6272,18684,2024-02-09,Wrong Product,2746.64,8
6273,36345,2024-10-04,Not as Expected,1824.36,2
6274,48041,2024-08-05,Damaged,5096.84,7
6275,10433,2024-02-18,Not as Expected,3605.9,7
6276,2141,2024-01-13,Wrong Product,1568.09,1
6277,41821,2024-08-14,Not as Expected,5721.25,9
6278,734,2024-03-20,Not as Expected,2503.42,5
6279,2442,2024-05-20,Size Issue,7206.81,3
6280,10067,2024-12-27,Late Delivery,2647.32,4
6281,16608,2024-05-18,Damaged,5806.23,8
6282,3984,2024-11-01,Size Issue,3559.64,9
6283,12304,2024-05-20,Damaged,6363.86,5
6284,29904,2024-06-22,Wrong Product,2954.71,2
6285,24223,2024-12-21,Wrong Product,2881.43,5
6286,27880,2024-08-25,Late Delivery,536.18,8
6287,13828,2024-12-27,Damaged,2715.13,8
6288,29737,2024-12-14,Damaged,4603.92,8
6289,14753,2024-07-10,Damaged,7029.84,6
6290,37827,2024-10-24,Size Issue,2007.62,2
6291,35516,2024-06-02,Damaged,2431.3,9
6292,36863,2024-06-01,Damaged,1053.93,4
6293,49400,2024-09-16,Wrong Product,387.33,3
6294,18581,2024-01-26,Damaged,5514.03,4
6295,5661,2024-05-14,Not as Expected,5771.88,2
6296,48303,2024-06-09,Damaged,1718.39,9
6297,12423,2024-03-13,Not as Expected,1669.56,7
6298,3515,2024-09-07,Damaged,3197.09,2
6299,18840,2024-07-25,Size Issue,3628.18,7
6300,41353,2024-09-10,Late Delivery,2239.47,1
6301,2460,2024-06-21,Wrong Product,1759.46,2
6302,28215,2024-08-06,Not as Expected,4852.12,4
6303,16234,2024-05-10,Not as Expected,2713.37,5
6304,26784,2024-08-14,Wrong Product,3243.27,2
6305,29322,2024-02-28,Damaged,6072.01,5
6306,31377,2024-04-03,Wrong Product,5511.32,3
6307,31349,2024-06-23,Wrong Product,6239.99,5
6308,23135,2024-06-29,Not as Expected,4894.02,9
6309,38437,2024-04-05,Late Delivery,5587.33,9
6310,4566,2024-08-26,Wrong Product,2553.36,8
6311,49781,2024-12-03,Not as Expected,2637.52,7
6312,10394,2024-12-26,Size Issue,3715.7,1
6313,46049,2024-04-25,Late Delivery,4277.82,3
6314,27857,2024-02-26,Size Issue,588.82,2
6315,15529,2024-07-21,Damaged,3483.31,5
6316,23555,2024-10-28,Damaged,7790.56,2
6317,42579,2025-01-06,Late Delivery,3080.97,4
6318,20212,2024-03-26,Damaged,550.71,1
6319,25726,2024-02-26,Size Issue,6412.26,7
6320,23715,2024-05-20,Wrong Product,4892.52,3
6321,27169,2024-02-06,Size Issue,3337.04,1
6322,48827,2024-07-28,Damaged,3379.0,1
6323,20949,2024-01-15,Wrong Product,7656.15,9
6324,4445,2024-11-30,Late Delivery,3202.93,3
6325,49844,2024-05-09,Wrong Product,451.29,2
6326,35580,2024-01-20,Late Delivery,292.92,6
6327,5184,2024-10-18,Late Delivery,5981.2,4
6328,42800,2024-12-02,Size Issue,2524.37,1
6329,24432,2024-03-07,Not as Expected,1294.48,9
6330,39478,2024-09-24,Wrong Product,4345.58,1
6331,2590,2024-04-25,Late Delivery,3035.89,8
6332,32810,2024-06-04,Size Issue,7116.54,4
6333,18514,2024-12-14,Late Delivery,2764.32,6
6334,16010,2024-10-05,Not as Expected,6315.53,4
6335,40983,2024-11-09,Wrong Product,2842.59,1
6336,13731,2024-09-04,Damaged,4176.82,7
6337,25731,2024-01-11,Late Delivery,6952.64,3
6338,43678,2024-07-10,Damaged,1977.48,6
6339,20881,2024-09-03,Damaged,5160.2,4
6340,33928,2024-02-15,Size Issue,5779.86,1
6341,20876,2024-05-09,Not as Expected,2437.21,7
6342,32638,2024-03-01,Late Delivery,3454.7,5
6343,18604,2024-12-26,Damaged,7809.0,4
6344,24568,2024-06-18,Size Issue,1089.92,3
6345,41111,2024-01-19,Not as Expected,5972.8,1
6346,25558,2024-08-19,Size Issue,1973.69,8
6347,946,2024-09-07,Damaged,1676.66,1
6348,9296,2024-05-12,Not as Expected,4531.08,9
6349,44060,2024-06-30,Damaged,6198.99,1
6350,47954,2024-07-08,Not as Expected,4605.42,1
6351,20450,2024-06-24,Late Delivery,1096.97,9
6352,6901,2024-11-19,Late Delivery,6805.15,7
6353,40099,2024-03-15,Size Issue,2799.23,6
6354,34154,2024-11-06,Late Delivery,3699.74,2
6355,39514,2024-02-26,Damaged,6714.95,3
6356,4388,2024-05-08,Wrong Product,3975.53,6
6357,9267,2024-12-04,Damaged,7274.18,8
6358,23621,2024-10-07,Not as Expected,3270.94,2
6359,30632,2024-04-26,Damaged,4872.0,6
6360,20689,2024-08-27,Size Issue,2859.87,1
6361,24801,2024-04-09,Size Issue,5664.23,9
6362,36521,2024-04-12,Size Issue,1831.27,9
6363,21406,2024-12-14,Late Delivery,4257.78,2
6364,19010,2024-05-16,Wrong Product,6940.59,3
6365,30650,2024-10-15,Damaged,4792.85,4
6366,36623,2024-08-17,Not as Expected,2710.3,9
6367,39065,2024-04-06,Size Issue,7084.22,7
6368,46648,2024-10-28,Size Issue,4086.42,6
6369,36788,2024-10-27,Wrong Product,603.02,8
6370,47666,2024-09-07,Wrong Product,3884.78,7
6371,21502,2025-01-02,Size Issue,5233.52,5
6372,3998,2024-03-01,Size Issue,2062.45,1
6373,15714,2024-02-01,Late Delivery,1980.92,7
6374,41833,2024-10-06,Late Delivery,5014.97,6
6375,14505,2024-01-10,Size Issue,7419.52,5
6376,5918,2024-12-06,Not as Expected,2218.94,6
6377,16626,2024-06-01,Not as Expected,4473.45,5
6378,35922,2024-06-12,Size Issue,5993.42,3
6379,42786,2024-06-07,Size Issue,1582.5,5
6380,32610,2024-10-20,Late Delivery,4359.02,4
6381,22404,2024-05-09,Not as Expected,3927.53,6
6382,40938,2024-10-25,Not as Expected,4152.73,4
6383,854,2024-06-30,Size Issue,5133.4,1
6384,11816,2024-07-10,Not as Expected,4998.03,9
6385,24563,2024-07-02,Damaged,2419.58,4
6386,19257,2024-10-08,Late Delivery,2573.0,4
6387,1868,2024-02-25,Late Delivery,7877.9,1
6388,11585,2024-08-26,Damaged,4905.84,9
6389,22292,2024-10-08,Wrong Product,2271.74,4
6390,33788,2024-04-23,Late Delivery,4049.24,4
6391,6204,2024-11-27,Not as Expected,1312.69,3
6392,3736,2024-03-29,Damaged,2131.55,9
6393,19691,2024-12-03,Not as Expected,744.65,1
6394,36795,2024-02-08,Damaged,2144.5,1
6395,30315,2024-05-28,Damaged,258.69,9
6396,18166,2024-09-08,Late Delivery,1475.62,7
6397,19556,2024-02-23,Not as Expected,2808.05,5
6398,45562,2024-09-13,Damaged,4082.19,1
6399,36053,2024-08-08,Wrong Product,6514.06,3
6400,1604,2024-05-29,Not as Expected,1442.94,7
6401,120,2024-03-24,Damaged,1747.6,8
6402,27795,2024-12-01,Late Delivery,2729.55,4
6403,39212,2024-08-17,Damaged,5913.09,6
6404,36935,2024-02-24,Size Issue,5158.74,9
6405,47859,2024-11-20,Wrong Product,2790.27,9
6406,33907,2024-10-08,Damaged,3914.9,7
6407,19307,2024-12-24,Not as Expected,6318.1,7
6408,30283,2024-04-11,Size Issue,1291.4,4
6409,1640,2024-12-13,Wrong Product,2402.62,9
6410,21288,2024-11-11,Not as Expected,1577.22,8
6411,15416,2024-09-09,Late Delivery,1246.86,7
6412,9272,2024-05-28,Late Delivery,3950.66,6
6413,19029,2024-07-25,Late Delivery,4990.24,6
6414,23974,2024-08-14,Size Issue,3916.11,6
6415,11232,2024-06-17,Damaged,5124.41,8
6416,44853,2024-09-28,Late Delivery,6184.94,9
6417,49156,2024-05-19,Wrong Product,3425.01,4
6418,49951,2024-08-30,Damaged,3986.89,9
6419,16438,2024-07-16,Damaged,4745.31,4
6420,43083,2024-10-01,Wrong Product,519.06,9
6421,40097,2024-12-05,Size Issue,1070.29,7
6422,382,2024-12-01,Damaged,8217.59,8
6423,29614,2024-10-30,Not as Expected,4649.36,3
6424,5167,2024-08-21,Damaged,2955.62,4
6425,30841,2024-12-02,Late Delivery,3349.16,5
6426,3956,2024-04-19,Damaged,6959.93,2
6427,19780,2024-03-23,Late Delivery,6945.86,3
6428,25390,2024-11-25,Size Issue,1664.38,4
6429,12878,2024-07-18,Late Delivery,4217.34,7
6430,45440,2024-12-17,Not as Expected,2942.23,9
6431,5655,2024-04-23,Not as Expected,1072.82,8
6432,32871,2024-09-05,Damaged,5065.96,4
6433,34615,2024-07-30,Damaged,3337.84,7
6434,40473,2024-11-08,Late Delivery,7349.26,5
6435,36542,2024-09-11,Wrong Product,1120.99,2
6436,28917,2024-03-29,Damaged,6245.78,1
6437,10449,2024-11-26,Wrong Product,3849.59,4
6438,32309,2024-05-27,Wrong Product,879.11,1
6439,10965,2024-07-06,Late Delivery,5017.05,8
6440,39055,2024-02-05,Damaged,5030.62,1
6441,35999,2024-08-17,Size Issue,3791.35,2
6442,8599,2024-04-29,Size Issue,772.02,1
6443,48467,2024-10-09,Damaged,3224.38,1
6444,41878,2024-11-06,Size Issue,1586.61,1
6445,16501,2025-01-10,Wrong Product,2403.78,3
6446,45862,2025-01-05,Size Issue,1351.1,7
6447,13991,2024-08-15,Not as Expected,3485.86,1
6448,47907,2024-01-30,Not as Expected,2933.24,6
6449,4991,2024-10-06,Wrong Product,813.38,6
6450,1047,2024-07-13,Not as Expected,5659.14,1
6451,624,2024-10-19,Late Delivery,6212.15,2
6452,11506,2024-01-14,Not as Expected,980.21,1
6453,43242,2024-09-09,Not as Expected,5067.21,5
6454,20762,2024-03-16,Late Delivery,4609.13,3
6455,23457,2024-09-13,Late Delivery,5006.86,4
6456,21346,2024-04-04,Size Issue,970.43,9
6457,40199,2024-02-20,Size Issue,4395.4,6
6458,38439,2024-03-19,Not as Expected,6743.31,3
6459,3902,2024-04-22,Wrong Product,3877.45,2
6460,10746,2024-10-15,Wrong Product,5003.0,9
6461,31699,2024-01-24,Damaged,4300.07,1
6462,6385,2024-03-31,Late Delivery,5662.13,3
6463,33811,2024-08-08,Damaged,6868.96,3
6464,41052,2024-05-20,Damaged,6152.09,4
6465,11850,2024-09-21,Not as Expected,1674.05,5
6466,2671,2024-06-22,Damaged,4650.97,2
6467,23274,2024-02-20,Not as Expected,748.42,6
6468,8930,2024-11-03,Late Delivery,6751.49,9
6469,1507,2024-04-04,Wrong Product,6388.4,7
6470,21164,2024-08-24,Late Delivery,1332.48,2
6471,13453,2024-12-27,Late Delivery,4224.55,8
6472,19356,2024-09-19,Damaged,3482.87,4
6473,773,2024-09-13,Size Issue,5887.4,1
6474,20,2024-01-29,Size Issue,5547.96,4
6475,5111,2024-04-14,Damaged,357.89,4
6476,28319,2024-01-06,Wrong Product,3711.48,7
6477,12540,2024-05-17,Damaged,1925.43,3
6478,32145,2024-10-23,Damaged,3248.61,3
6479,23492,2024-11-23,Late Delivery,2492.44,3
6480,35835,2024-09-14,Not as Expected,4833.15,2
6481,35751,2024-05-10,Not as Expected,1494.13,8
6482,43113,2024-06-10,Not as Expected,956.62,5
6483,2664,2024-07-18,Size Issue,4484.42,5
6484,48307,2024-07-09,Size Issue,4446.68,4
6485,2070,2024-11-15,Size Issue,3975.27,4
6486,14890,2024-11-07,Wrong Product,1342.26,8
6487,17456,2024-03-14,Wrong Product,5437.7,2
6488,46737,2024-10-25,Damaged,2971.9,9
6489,26873,2024-03-30,Size Issue,5734.75,4
6490,15865,2024-07-20,Damaged,3902.06,9
6491,44811,2024-02-25,Not as Expected,4792.38,6
6492,32166,2024-04-11,Wrong Product,339.08,8
6493,39624,2024-08-02,Wrong Product,6296.14,2
6494,14668,2024-08-07,Damaged,5820.44,5
6495,3241,2024-08-23,Damaged,2759.06,7
6496,43753,2024-06-22,Damaged,2998.66,6
6497,1454,2024-07-30,Late Delivery,4465.67,6
6498,30708,2024-03-10,Wrong Product,3445.99,6
6499,24293,2024-05-19,Not as Expected,1411.33,1
6500,9597,2024-08-18,Not as Expected,1855.63,1
6501,8736,2024-09-30,Wrong Product,7404.22,5
6502,40465,2024-09-22,Not as Expected,4664.81,6
6503,13553,2024-10-30,Not as Expected,5818.5,8
6504,6480,2024-10-02,Wrong Product,4862.71,6
6505,47378,2024-08-01,Not as Expected,6307.85,1
6506,30366,2024-05-15,Size Issue,3408.33,9
6507,7008,2024-08-27,Size Issue,2183.89,9
6508,31158,2024-09-28,Size Issue,6481.38,6
6509,21775,2024-11-13,Damaged,5497.49,3
6510,27920,2024-09-06,Size Issue,7294.63,5
6511,2645,2024-03-03,Late Delivery,506.93,3
6512,28907,2024-03-30,Size Issue,6909.99,4
6513,13189,2024-10-21,Late Delivery,3444.93,9
6514,41640,2024-11-05,Wrong Product,4289.38,6
6515,21726,2024-03-10,Late Delivery,2054.06,4
6516,13402,2024-09-25,Late Delivery,4480.6,6
6517,5236,2024-03-20,Wrong Product,2630.24,9
6518,23687,2024-11-08,Not as Expected,2883.56,7
6519,46284,2024-02-27,Size Issue,2214.08,2
6520,6030,2024-05-12,Late Delivery,1745.32,5
6521,2142,2024-03-02,Damaged,1005.75,9
6522,3105,2024-04-01,Size Issue,674.64,4
6523,20952,2024-08-14,Size Issue,4379.28,2
6524,48974,2024-08-12,Not as Expected,3497.48,3
6525,41762,2024-08-10,Not as Expected,1488.66,5
6526,10647,2024-03-08,Damaged,4936.94,6
6527,16449,2024-06-17,Wrong Product,3628.07,3
6528,39431,2024-12-20,Late Delivery,619.3,4
6529,34747,2024-09-29,Size Issue,5193.1,6
6530,3203,2024-01-14,Size Issue,4702.94,2
6531,43407,2024-10-26,Not as Expected,4665.16,1
6532,5070,2024-06-10,Damaged,1752.57,6
6533,42752,2024-12-31,Damaged,2052.73,3
6534,12781,2024-12-26,Late Delivery,5751.97,1
6535,5286,2024-10-20,Size Issue,4539.09,8
6536,35174,2024-03-29,Damaged,1497.22,2
6537,45253,2024-10-03,Late Delivery,3113.2,3
6538,33610,2024-09-02,Damaged,3712.42,5
6539,34868,2024-06-17,Wrong Product,7782.32,8
6540,32037,2024-04-27,Late Delivery,2002.66,2
6541,40476,2024-10-30,Damaged,3898.08,8
6542,14168,2024-09-28,Size Issue,610.77,7
6543,23986,2024-09-11,Wrong Product,3255.76,2
6544,49381,2024-11-25,Late Delivery,1759.57,6
6545,29357,2024-11-09,Wrong Product,3656.43,1
6546,42017,2024-04-23,Wrong Product,5528.8,2
6547,28022,2024-01-14,Wrong Product,3359.68,5
6548,26194,2024-09-20,Wrong Product,3771.96,3
6549,40287,2024-10-09,Late Delivery,1478.75,5
6550,30731,2024-07-15,Damaged,5276.09,3
6551,5843,2024-11-29,Not as Expected,2342.67,7
6552,44500,2024-09-05,Size Issue,1258.73,6
6553,25403,2024-05-10,Not as Expected,5466.27,5
6554,23356,2024-05-02,Damaged,6365.01,2
6555,10208,2024-08-30,Not as Expected,1102.53,4
6556,42360,2024-07-07,Damaged,4831.11,1
6557,35799,2024-09-22,Damaged,1791.19,3
6558,16214,2024-07-19,Late Delivery,2691.43,1
6559,25218,2024-04-19,Wrong Product,2624.26,1
6560,2152,2024-01-14,Late Delivery,7506.11,5
6561,30308,2024-04-20,Size Issue,4870.54,4
6562,2524,2024-07-15,Size Issue,4786.86,3
6563,41407,2024-07-12,Late Delivery,1842.07,7
6564,38828,2024-11-13,Size Issue,4039.56,5
6565,26057,2024-02-11,Wrong Product,760.72,9
6566,42044,2024-10-24,Damaged,2542.42,5
6567,32400,2024-05-08,Size Issue,4246.31,2
6568,167,2024-06-17,Not as Expected,7519.62,8
6569,3748,2024-09-08,Wrong Product,2812.4,9
6570,1823,2024-05-05,Wrong Product,4824.46,4
6571,39800,2024-08-08,Wrong Product,6074.75,8
6572,29495,2024-12-14,Late Delivery,2653.71,3
6573,38874,2024-07-26,Damaged,6737.36,8
6574,16677,2024-12-13,Not as Expected,6963.73,3
6575,15168,2024-09-05,Wrong Product,1416.07,5
6576,9908,2024-10-01,Damaged,695.24,3
6577,12387,2024-07-03,Wrong Product,4866.6,4
6578,18716,2024-06-07,Late Delivery,2687.5,7
6579,33494,2024-12-17,Size Issue,5312.09,5
6580,47050,2024-02-24,Late Delivery,5682.09,3
6581,22105,2024-10-25,Late Delivery,4761.47,2
6582,40676,2024-04-11,Wrong Product,2098.49,9
6583,28884,2024-11-30,Not as Expected,2991.5,4
6584,10226,2024-05-09,Wrong Product,2469.46,4
6585,39505,2024-04-10,Size Issue,2242.4,7
6586,8047,2024-06-02,Wrong Product,4260.96,7
6587,46228,2024-03-07,Not as Expected,4665.72,2
6588,41023,2024-05-31,Not as Expected,808.26,7
6589,15186,2024-03-07,Wrong Product,6150.87,7
6590,49697,2024-06-17,Not as Expected,5867.04,1
6591,46525,2024-05-08,Wrong Product,5325.16,2
6592,38087,2024-02-20,Damaged,6669.37,3
6593,36833,2024-08-28,Damaged,4628.86,7
6594,45235,2024-03-08,Damaged,2637.86,1
6595,29091,2024-09-29,Not as Expected,5960.06,1
6596,11300,2024-05-23,Late Delivery,1323.44,4
6597,48449,2024-05-26,Late Delivery,3026.61,1
6598,3438,2024-01-13,Wrong Product,1455.83,3
6599,49625,2024-10-19,Wrong Product,2242.67,7
6600,5970,2024-11-12,Late Delivery,4313.92,6
6601,34026,2024-07-30,Late Delivery,2921.01,3
6602,29770,2024-05-24,Late Delivery,4407.89,2
6603,20890,2024-12-04,Wrong Product,1996.16,9
6604,28401,2024-04-10,Not as Expected,7467.22,9
6605,21225,2024-12-15,Wrong Product,5337.8,3
6606,5122,2024-09-15,Size Issue,7687.88,8
6607,5891,2024-01-17,Not as Expected,6205.31,7
6608,20192,2024-10-08,Late Delivery,4032.81,8
6609,39524,2024-06-28,Size Issue,3477.69,1
6610,18088,2024-06-17,Late Delivery,533.56,2
6611,16334,2024-06-15,Size Issue,1033.72,9
6612,20968,2024-05-03,Not as Expected,1663.63,9
6613,42159,2024-07-10,Not as Expected,5877.29,1
6614,37199,2024-04-20,Damaged,3452.2,9
6615,38644,2024-07-17,Wrong Product,932.15,3
6616,8673,2024-04-23,Wrong Product,6334.33,4
6617,35090,2025-01-10,Damaged,5461.31,5
6618,19740,2024-09-12,Not as Expected,4285.46,7
6619,29958,2024-04-04,Not as Expected,6790.09,8
6620,40188,2024-09-10,Size Issue,4837.29,5
6621,2490,2024-10-01,Damaged,5605.32,4
6622,2679,2024-12-16,Late Delivery,1851.79,5
6623,46705,2024-02-13,Wrong Product,1773.51,7
6624,643,2024-10-14,Size Issue,2762.32,6
6625,20366,2024-01-06,Size Issue,6466.07,7
6626,6625,2024-05-31,Wrong Product,4969.53,1
6627,23688,2024-09-24,Wrong Product,3539.96,3
6628,24342,2024-02-25,Damaged,6499.9,9
6629,30501,2024-09-05,Late Delivery,4816.28,2
6630,2164,2024-02-06,Size Issue,4469.45,6
6631,49872,2024-02-10,Size Issue,1875.15,2
6632,11077,2024-07-23,Size Issue,5817.83,9
6633,41410,2024-12-16,Damaged,1205.65,4
6634,20195,2024-11-14,Damaged,7136.12,7
6635,32677,2025-01-04,Not as Expected,4491.37,8
6636,16707,2024-09-08,Not as Expected,958.28,7
6637,4236,2024-01-27,Wrong Product,4732.72,5
6638,17868,2024-09-29,Late Delivery,2797.06,6
6639,17566,2024-11-27,Size Issue,7719.85,6
6640,12863,2024-02-16,Late Delivery,4717.0,5
6641,24539,2024-09-10,Not as Expected,6823.71,1
6642,47938,2024-10-26,Damaged,655.5,5
6643,41181,2024-10-15,Size Issue,5216.36,4
6644,29983,2024-12-28,Wrong Product,3989.94,4
6645,26423,2024-03-03,Late Delivery,5191.51,9
6646,37331,2024-01-30,Wrong Product,2043.45,6
6647,11926,2024-09-12,Not as Expected,4906.08,4
6648,24990,2024-08-31,Damaged,6987.33,3
6649,32510,2024-10-03,Not as Expected,2483.64,9
6650,28709,2024-04-04,Not as Expected,3810.55,6
6651,27681,2024-03-08,Size Issue,4180.17,1
6652,19592,2024-10-20,Damaged,5562.84,8
6653,11176,2024-08-21,Late Delivery,3631.07,2
6654,38991,2024-03-04,Size Issue,2340.02,6
6655,47562,2024-10-05,Late Delivery,3893.19,9
6656,49250,2024-02-11,Damaged,4734.7,4
6657,37998,2024-12-12,Late Delivery,937.54,9
6658,30279,2024-04-09,Size Issue,2511.59,9
6659,47332,2024-08-18,Damaged,5414.59,6
6660,8524,2024-05-07,Not as Expected,4730.94,4
6661,13301,2024-06-04,Late Delivery,2954.48,6
6662,7084,2024-06-05,Late Delivery,1683.05,5
6663,30516,2024-02-21,Not as Expected,5498.74,4
6664,11917,2024-02-02,Damaged,3987.83,1
6665,25199,2024-03-30,Size Issue,1048.29,3
6666,14162,2024-10-09,Late Delivery,1743.51,8
6667,49967,2024-12-13,Late Delivery,3674.38,1
6668,23024,2024-05-04,Size Issue,7230.88,2
6669,43928,2024-12-14,Size Issue,2742.99,6
6670,16710,2024-02-28,Size Issue,7187.1,9
6671,13371,2024-03-12,Not as Expected,4744.48,3
6672,7464,2024-03-21,Size Issue,2288.94,8
6673,31131,2024-12-22,Size Issue,977.46,5
6674,14718,2024-05-25,Not as Expected,6262.38,1
6675,7309,2024-10-22,Not as Expected,4175.83,4
6676,43278,2024-02-07,Not as Expected,1624.79,8
6677,8280,2024-05-07,Wrong Product,1071.7,6
6678,11897,2024-12-13,Not as Expected,307.32,7
6679,18346,2024-06-24,Late Delivery,5727.3,8
6680,36804,2024-09-29,Damaged,5123.65,1
6681,28641,2024-09-27,Wrong Product,5700.2,3
6682,40970,2024-03-26,Size Issue,4511.9,7
6683,21409,2024-10-25,Late Delivery,6940.4,4
6684,5714,2024-07-27,Not as Expected,1562.8,6
6685,44270,2024-02-29,Not as Expected,5165.94,4
6686,25044,2024-08-20,Size Issue,4561.39,1
6687,33262,2024-06-19,Size Issue,1957.99,7
6688,45482,2024-02-07,Damaged,3509.69,5
6689,34309,2024-10-27,Size Issue,2309.94,2
6690,28446,2024-07-16,Wrong Product,2811.2,4
6691,21135,2024-01-11,Wrong Product,4173.08,4
6692,18387,2024-10-16,Not as Expected,1408.93,9
6693,16815,2024-08-02,Damaged,1269.33,3
6694,32163,2024-08-11,Not as Expected,1208.79,5
6695,22196,2024-09-08,Not as Expected,7865.43,9
6696,24102,2024-09-03,Damaged,506.63,6
6697,13879,2024-06-17,Not as Expected,1663.63,5
6698,49663,2024-04-14,Not as Expected,5668.27,5
6699,36743,2025-01-02,Late Delivery,1868.54,5
6700,9536,2024-12-10,Wrong Product,2024.55,8
6701,18958,2024-07-23,Damaged,368.28,9
6702,40220,2024-03-14,Damaged,7442.68,1
6703,23828,2024-09-21,Damaged,4418.97,2
6704,22430,2024-04-12,Damaged,3652.02,3
6705,5722,2024-02-11,Wrong Product,418.72,7
6706,42138,2024-10-23,Not as Expected,2247.7,5
6707,46937,2024-07-08,Size Issue,4989.8,8
6708,12163,2024-04-27,Wrong Product,3986.87,3
6709,32960,2024-11-03,Damaged,3264.5,3
6710,3731,2024-07-30,Not as Expected,5282.91,9
6711,38641,2024-06-21,Size Issue,4649.36,9
6712,19914,2024-06-08,Not as Expected,6319.17,4
6713,5732,2024-10-21,Damaged,475.05,9
6714,15975,2024-09-13,Late Delivery,3530.23,5
6715,20179,2024-07-30,Not as Expected,1793.2,4
6716,20496,2024-03-27,Size Issue,291.73,5
6717,8080,2024-06-26,Late Delivery,4195.84,3
6718,10318,2024-04-13,Size Issue,4231.0,5
6719,12710,2024-11-13,Damaged,3691.94,2
6720,46709,2024-04-05,Damaged,609.97,9
6721,19993,2024-05-22,Wrong Product,2800.85,5
6722,42411,2024-09-03,Damaged,4628.76,9
6723,9888,2024-05-04,Size Issue,1918.1,5
6724,43375,2024-12-12,Not as Expected,2265.23,7
6725,42414,2025-01-03,Not as Expected,2430.97,7
6726,35694,2024-09-07,Not as Expected,5212.7,8
6727,49220,2024-06-20,Not as Expected,2605.9,2
6728,19880,2024-12-08,Late Delivery,3151.33,3
6729,34025,2024-04-27,Wrong Product,2467.84,2
6730,41061,2024-09-25,Not as Expected,4901.11,2
6731,4561,2024-04-16,Damaged,3524.28,4
6732,44621,2024-12-06,Not as Expected,3988.9,7
6733,16669,2025-01-02,Late Delivery,2239.02,1
6734,29474,2024-12-01,Wrong Product,5073.95,3
6735,47290,2024-12-04,Wrong Product,6428.83,2
6736,3790,2024-04-15,Late Delivery,2546.49,8
6737,35048,2024-09-15,Wrong Product,2972.12,4
6738,25177,2024-04-18,Late Delivery,309.2,7
6739,37879,2024-11-11,Not as Expected,3046.82,8
6740,20834,2024-05-10,Not as Expected,3358.18,6
6741,25335,2024-02-20,Size Issue,2420.04,4
6742,27900,2024-08-28,Damaged,2572.9,4
6743,31594,2024-12-22,Not as Expected,4495.34,1
6744,4387,2024-03-03,Damaged,6223.42,2
6745,20767,2024-03-06,Late Delivery,1146.32,3
6746,2028,2024-10-31,Size Issue,547.11,3
6747,32020,2024-03-30,Damaged,4927.75,7
6748,14726,2024-07-06,Size Issue,2005.73,4
6749,22547,2024-01-30,Damaged,5240.24,9
6750,7751,2024-04-01,Damaged,6141.29,1
6751,48898,2024-10-18,Size Issue,1995.96,8
6752,31387,2024-11-13,Not as Expected,3506.24,6
6753,15832,2024-11-30,Size Issue,1776.01,7
6754,37760,2024-04-15,Wrong Product,5429.29,6
6755,46497,2024-12-01,Damaged,8080.98,8
6756,12337,2024-11-05,Not as Expected,3000.51,8
6757,411,2024-08-16,Late Delivery,5624.99,6
6758,41631,2024-08-30,Late Delivery,4525.69,5
6759,3431,2024-08-21,Size Issue,3521.35,9
6760,5781,2024-05-04,Late Delivery,1976.8,4
6761,5832,2024-12-26,Size Issue,2914.28,4
6762,24824,2024-11-06,Size Issue,1114.78,9
6763,33462,2024-07-15,Wrong Product,924.82,6
6764,48616,2024-06-17,Damaged,6219.69,3
6765,28172,2024-07-10,Damaged,2334.01,9
6766,47863,2024-08-06,Damaged,1970.21,4
6767,27365,2024-07-13,Damaged,7560.07,6
6768,43930,2024-02-03,Not as Expected,1715.63,6
6769,23285,2024-03-31,Not as Expected,7214.62,8
6770,23434,2024-12-19,Size Issue,805.04,5
6771,1510,2024-12-30,Size Issue,1915.78,5
6772,27300,2024-06-21,Size Issue,1096.35,9
6773,43757,2024-04-14,Not as Expected,5359.62,5
6774,13190,2024-12-27,Size Issue,1110.44,1
6775,15783,2024-03-16,Not as Expected,2239.83,3
6776,47821,2024-01-10,Size Issue,785.06,1
6777,14808,2024-02-20,Not as Expected,1692.97,3
6778,21233,2024-09-29,Late Delivery,4767.29,9
6779,10536,2024-03-06,Late Delivery,5327.71,2
6780,30031,2024-06-28,Late Delivery,6483.73,4
6781,36730,2024-07-31,Not as Expected,1740.78,6
6782,29975,2024-12-30,Size Issue,6953.1,6
6783,14449,2024-02-19,Damaged,7065.78,3
6784,46703,2024-09-22,Damaged,3568.41,6
6785,31512,2024-08-10,Damaged,5814.89,7
6786,25178,2024-05-25,Late Delivery,4059.18,8
6787,6964,2024-06-11,Wrong Product,4312.17,6
6788,4415,2024-08-10,Wrong Product,1871.38,1
6789,35861,2024-09-27,Size Issue,4310.37,8
6790,29767,2024-02-08,Wrong Product,2155.37,2
6791,6198,2024-07-16,Wrong Product,4402.81,2
6792,42693,2024-10-29,Size Issue,2190.63,4
6793,18701,2024-12-16,Late Delivery,3968.56,5
6794,31322,2024-05-15,Size Issue,286.37,8
6795,36635,2024-03-10,Size Issue,7355.8,4
6796,7039,2024-10-23,Wrong Product,3210.34,1
6797,36007,2024-11-07,Not as Expected,2699.52,8
6798,26225,2024-04-20,Wrong Product,1163.69,7
6799,45508,2024-12-25,Late Delivery,7209.48,7
6800,15836,2024-06-06,Size Issue,2186.1,4
6801,36846,2024-03-06,Wrong Product,2303.28,1
6802,4511,2024-01-21,Damaged,3549.28,7
6803,27678,2024-11-30,Size Issue,1376.14,8
6804,29966,2024-08-16,Not as Expected,2328.52,4
6805,25830,2024-02-21,Late Delivery,5825.74,7
6806,19442,2024-01-18,Wrong Product,4407.25,1
6807,40857,2024-06-14,Size Issue,3678.85,3
6808,6866,2024-05-01,Damaged,6757.81,4
6809,45793,2024-04-18,Damaged,5468.59,3
6810,28657,2024-10-08,Not as Expected,3085.67,8
6811,46358,2024-08-22,Wrong Product,1079.78,5
6812,28617,2024-02-29,Not as Expected,2575.21,7
6813,39762,2024-04-10,Damaged,5330.6,1
6814,8638,2024-03-02,Damaged,2529.22,8
6815,827,2024-11-24,Wrong Product,6877.29,9
6816,49269,2024-04-13,Damaged,1539.14,3
6817,37478,2024-05-13,Size Issue,3080.59,7
6818,11289,2024-03-09,Not as Expected,4299.58,8
6819,24292,2024-09-14,Wrong Product,4885.61,5
6820,13138,2024-10-21,Late Delivery,1195.3,4
6821,40771,2024-07-26,Not as Expected,3442.57,4
6822,1384,2024-04-23,Damaged,6639.99,5
6823,3543,2024-06-10,Wrong Product,1512.15,4
6824,43857,2024-10-05,Late Delivery,8614.18,2
6825,36266,2024-10-12,Late Delivery,6237.57,6
6826,2284,2024-05-03,Wrong Product,1151.78,5
6827,26003,2024-02-12,Wrong Product,1239.53,5
6828,26039,2024-12-22,Size Issue,3039.41,3
6829,2974,2024-03-17,Damaged,4031.96,7
6830,13234,2024-02-11,Damaged,2062.2,2
6831,21868,2024-04-19,Damaged,3688.16,3
6832,40096,2024-05-20,Damaged,4409.2,2
6833,11873,2024-01-27,Wrong Product,5858.06,3
6834,28698,2024-05-17,Wrong Product,1323.43,9
6835,5738,2024-11-10,Late Delivery,5507.93,8
6836,46863,2024-09-19,Damaged,2621.85,1
6837,33395,2024-04-28,Not as Expected,5373.38,3
6838,22264,2024-10-23,Late Delivery,6347.76,9
6839,18477,2024-02-05,Size Issue,3196.6,9
6840,35649,2024-07-19,Late Delivery,6727.05,4
6841,22478,2024-05-20,Damaged,2059.42,6
6842,35634,2024-01-27,Not as Expected,440.21,5
6843,4532,2024-03-16,Damaged,5708.82,4
6844,40663,2024-11-18,Size Issue,3492.94,2
6845,26956,2024-09-04,Damaged,3364.94,1
6846,17245,2024-10-10,Damaged,5711.88,5
6847,14789,2024-02-25,Damaged,6981.43,3
6848,11958,2024-03-29,Damaged,2235.78,5
6849,19167,2024-03-07,Damaged,1903.12,7
6850,18506,2024-06-18,Not as Expected,838.4,8
6851,14333,2024-02-24,Wrong Product,5236.16,8
6852,33143,2024-11-06,Damaged,1871.05,5
6853,48548,2024-07-01,Wrong Product,746.98,5
6854,9025,2024-03-10,Wrong Product,3043.0,4
6855,14079,2024-08-15,Damaged,5184.49,5
6856,35703,2024-07-26,Wrong Product,5484.8,2
6857,10113,2024-12-28,Damaged,4689.62,6
6858,30612,2024-05-24,Wrong Product,2275.78,4
6859,32647,2024-10-09,Late Delivery,6094.21,3
6860,42619,2024-02-03,Not as Expected,5974.34,3
6861,35896,2024-07-28,Wrong Product,2525.71,1
6862,42405,2024-10-05,Not as Expected,5995.25,4
6863,22834,2024-03-30,Wrong Product,5998.91,8
6864,9381,2024-03-14,Not as Expected,4229.33,9
6865,23227,2024-06-13,Size Issue,2615.34,6
6866,40145,2024-01-13,Size Issue,5263.7,6
6867,14674,2024-05-05,Not as Expected,1826.66,9
6868,21857,2024-11-18,Size Issue,2847.21,6
6869,43827,2024-10-28,Size Issue,419.9,9
6870,48895,2024-10-01,Not as Expected,2752.77,8
6871,11901,2024-03-13,Size Issue,3397.89,2
6872,42787,2024-09-28,Not as Expected,2979.55,6
6873,46752,2024-12-02,Not as Expected,3331.1,4
6874,40902,2024-08-24,Wrong Product,4661.72,2
6875,47830,2024-08-08,Not as Expected,1166.21,2
6876,16588,2024-10-17,Not as Expected,1704.12,4
6877,22376,2024-01-31,Not as Expected,6452.96,2
6878,33782,2024-10-14,Wrong Product,1992.26,4
6879,42809,2024-09-25,Size Issue,1318.2,7
6880,24167,2024-03-17,Wrong Product,5967.36,5
6881,2567,2024-07-22,Late Delivery,883.45,1
6882,49021,2024-04-08,Wrong Product,4020.6,6
6883,49525,2024-08-24,Late Delivery,2043.3,4
6884,42180,2024-01-19,Damaged,1025.63,8
6885,14463,2024-11-11,Late Delivery,628.22,6
6886,16692,2024-01-21,Not as Expected,774.39,5
6887,10073,2024-02-09,Size Issue,4327.74,7
6888,40362,2024-11-12,Size Issue,340.11,8
6889,21110,2024-06-07,Damaged,1671.1,3
6890,8810,2024-06-19,Late Delivery,966.72,7
6891,33740,2024-07-19,Late Delivery,1571.21,7
6892,45453,2024-03-31,Late Delivery,2907.85,5
6893,11855,2024-07-15,Late Delivery,7576.15,4
6894,7648,2024-02-25,Not as Expected,3835.52,5
6895,27639,2024-09-17,Size Issue,4173.48,8
6896,31398,2024-02-10,Size Issue,4049.88,2
6897,7405,2024-03-08,Damaged,4841.73,6
6898,32780,2024-04-03,Damaged,5548.05,1
6899,12083,2024-12-11,Not as Expected,5008.15,6
6900,340,2024-03-09,Not as Expected,4869.06,9
6901,11314,2024-08-19,Damaged,357.25,3
6902,27172,2024-06-22,Damaged,1336.45,9
6903,42932,2024-09-25,Not as Expected,655.18,4
6904,34701,2024-03-24,Not as Expected,5338.15,1
6905,38258,2024-06-08,Damaged,3642.96,9
6906,39690,2024-08-14,Late Delivery,769.44,8
6907,32263,2024-12-21,Not as Expected,564.61,3
6908,33696,2024-02-15,Wrong Product,4352.7,3
6909,34167,2024-12-06,Late Delivery,2739.28,5
6910,19601,2024-08-26,Size Issue,6484.08,9
6911,6408,2024-07-03,Late Delivery,5777.15,4
6912,26919,2024-08-28,Size Issue,2585.22,8
6913,48389,2024-01-21,Damaged,7432.91,1
6914,33263,2024-04-13,Late Delivery,836.31,8
6915,41139,2024-01-30,Damaged,522.34,3
6916,6087,2024-02-26,Size Issue,751.91,6
6917,48647,2024-08-01,Size Issue,5006.68,2
6918,46174,2024-07-29,Not as Expected,1178.78,4
6919,31428,2024-11-04,Damaged,3515.95,4
6920,28974,2024-06-16,Not as Expected,1055.96,9
6921,20823,2024-01-06,Wrong Product,5839.69,4
6922,10348,2024-07-08,Wrong Product,4944.13,7
6923,15357,2024-05-31,Damaged,5331.48,6
6924,2093,2024-03-10,Wrong Product,4694.79,8
6925,11564,2024-03-31,Late Delivery,1389.0,9
6926,10713,2024-10-31,Late Delivery,4193.24,9
6927,48259,2024-11-21,Late Delivery,1310.77,6
6928,33495,2024-11-05,Not as Expected,4259.79,4
6929,38136,2024-07-21,Late Delivery,4780.23,1
6930,6010,2024-12-14,Wrong Product,6521.16,1
6931,47803,2024-04-25,Size Issue,6700.31,8
6932,29435,2024-07-01,Wrong Product,517.71,7
6933,8226,2024-10-18,Size Issue,6769.97,8
6934,13726,2024-02-07,Wrong Product,3988.88,3
6935,3176,2024-08-16,Size Issue,4093.44,7
6936,47311,2024-06-13,Damaged,7868.12,2
6937,47409,2025-01-08,Late Delivery,5212.6,2
6938,32335,2024-06-11,Late Delivery,4905.78,5
6939,19638,2024-03-05,Damaged,2267.84,2
6940,11961,2024-05-03,Late Delivery,4781.42,7
6941,14959,2024-04-20,Not as Expected,797.12,8
6942,38956,2024-07-24,Wrong Product,8161.04,7
6943,8757,2024-05-03,Size Issue,2672.19,2
6944,6475,2024-09-19,Wrong Product,2524.78,7
6945,17484,2024-11-13,Size Issue,7972.04,8
6946,10982,2024-03-07,Wrong Product,3115.11,1
6947,6532,2024-12-09,Size Issue,1599.31,6
6948,3293,2024-10-26,Wrong Product,2111.62,9
6949,42712,2024-07-06,Wrong Product,5445.81,2
6950,39549,2024-11-15,Damaged,5368.85,2
6951,45247,2024-10-02,Late Delivery,959.26,2
6952,23523,2024-08-07,Damaged,3079.86,4
6953,42069,2024-09-21,Damaged,2378.13,6
6954,24273,2024-02-07,Late Delivery,2962.77,2
6955,33673,2024-08-29,Damaged,2373.41,1
6956,24525,2024-11-29,Damaged,3907.52,9
6957,372,2024-11-24,Not as Expected,1950.71,5
6958,25341,2024-11-24,Wrong Product,2355.25,1
6959,44908,2024-07-15,Wrong Product,242.42,5
6960,38650,2024-02-28,Size Issue,3582.05,4
6961,38378,2024-04-27,Wrong Product,4017.56,4
6962,48496,2024-08-21,Late Delivery,2504.8,2
6963,39027,2024-06-26,Wrong Product,5886.26,6
6964,23572,2024-09-12,Size Issue,546.66,2
6965,15962,2024-05-30,Not as Expected,2333.32,1
6966,17374,2024-09-14,Wrong Product,1651.16,4
6967,31895,2024-09-29,Damaged,5238.88,8
6968,25299,2024-08-31,Not as Expected,5801.28,4
6969,43756,2024-04-25,Size Issue,5521.19,3
6970,1537,2024-02-06,Size Issue,5147.17,3
6971,11418,2024-09-17,Not as Expected,3634.72,9
6972,9602,2024-02-23,Size Issue,3788.57,5
6973,6417,2024-06-14,Damaged,3603.66,2
6974,2986,2024-02-27,Late Delivery,6296.44,9
6975,38718,2024-09-04,Damaged,3995.45,1
6976,44757,2024-02-11,Not as Expected,333.97,7
6977,43670,2024-10-07,Size Issue,3534.06,3
6978,21286,2024-03-28,Damaged,7922.09,5
6979,29413,2024-03-13,Late Delivery,2782.37,8
6980,33656,2024-05-08,Damaged,4493.17,3
6981,17111,2024-08-13,Late Delivery,2535.58,7
6982,5274,2024-11-24,Late Delivery,1797.6,2
6983,41576,2024-02-13,Late Delivery,7025.9,6
6984,170,2024-05-09,Late Delivery,4639.48,5
6985,43717,2024-08-31,Damaged,1966.21,1
6986,1108,2024-05-26,Late Delivery,1490.65,9
6987,17600,2024-11-04,Wrong Product,6629.7,6
6988,24988,2024-11-23,Not as Expected,1242.2,3
6989,31000,2024-10-05,Late Delivery,7063.96,7
6990,10158,2024-11-22,Not as Expected,2955.26,7
6991,44441,2024-06-23,Late Delivery,3846.51,7
6992,42310,2024-04-22,Size Issue,1536.26,9
6993,8267,2024-11-16,Not as Expected,7523.27,4
6994,4418,2024-12-02,Size Issue,2358.48,1
6995,43763,2024-02-18,Wrong Product,5330.63,6
6996,33062,2024-05-15,Wrong Product,2591.24,7
6997,49975,2024-11-26,Not as Expected,4339.59,4
6998,21019,2024-03-06,Size Issue,3823.67,5
6999,26214,2024-12-11,Size Issue,4431.72,6
7000,49669,2024-11-07,Size Issue,1597.67,5
7001,27011,2024-10-16,Late Delivery,5775.18,2
7002,40667,2024-05-21,Late Delivery,733.32,4
7003,45406,2024-09-17,Damaged,647.82,1
7004,45003,2024-05-11,Late Delivery,2726.53,1
7005,27594,2024-11-28,Late Delivery,4342.69,9
7006,26357,2024-08-24,Size Issue,637.19,9
7007,5512,2024-05-10,Late Delivery,4742.26,8
7008,22968,2024-01-30,Size Issue,769.75,3
7009,22347,2025-01-07,Damaged,2297.96,7
7010,22006,2024-02-21,Size Issue,2936.05,4
7011,1393,2024-01-30,Damaged,2326.35,5
7012,1140,2024-02-18,Size Issue,2138.86,6
7013,17679,2024-04-12,Wrong Product,2922.14,9
7014,15253,2024-04-13,Damaged,4205.8,7
7015,8591,2024-09-21,Not as Expected,4126.34,6
7016,24140,2024-01-07,Late Delivery,2167.1,8
7017,10048,2024-08-05,Late Delivery,3376.86,4
7018,34659,2024-03-22,Wrong Product,4440.98,2
7019,38744,2024-07-19,Size Issue,1300.86,3
7020,33900,2024-08-02,Wrong Product,2562.07,1
7021,4748,2024-05-30,Late Delivery,1440.11,2
7022,38544,2024-10-27,Late Delivery,3878.16,6
7023,21904,2024-03-21,Not as Expected,1205.17,9
7024,42603,2024-05-21,Late Delivery,3135.96,6
7025,21755,2024-11-02,Damaged,4526.65,7
7026,37547,2024-10-16,Damaged,3151.22,9
7027,24688,2024-12-21,Size Issue,3393.5,6
7028,4885,2024-05-13,Not as Expected,585.26,4
7029,23298,2024-05-17,Late Delivery,1645.57,8
7030,14918,2024-01-22,Size Issue,1539.36,6
7031,41053,2024-09-13,Damaged,2651.89,5
7032,8585,2024-08-26,Late Delivery,2970.15,1
7033,13081,2024-05-01,Late Delivery,4028.24,9
7034,45257,2024-09-19,Not as Expected,1727.32,3
7035,11757,2024-09-02,Damaged,4118.36,3
7036,14649,2024-05-26,Late Delivery,2784.3,5
7037,27971,2024-11-06,Not as Expected,3382.34,4
7038,48345,2024-08-25,Not as Expected,5492.46,7
7039,6370,2024-02-22,Size Issue,3717.78,7
7040,19102,2024-03-15,Wrong Product,2161.95,5
7041,44226,2024-10-27,Damaged,310.19,3
7042,37548,2024-07-16,Size Issue,949.51,6
7043,131,2024-12-28,Size Issue,2041.15,7
7044,11589,2024-07-25,Damaged,1100.9,7
7045,37743,2024-05-04,Damaged,5041.55,5
7046,41932,2024-05-16,Damaged,5894.56,4
7047,5000,2024-09-19,Not as Expected,3659.18,4
7048,2505,2024-11-19,Damaged,6985.94,2
7049,27234,2024-07-16,Damaged,4481.1,6
7050,41921,2024-08-12,Not as Expected,5963.75,3
7051,23622,2024-12-26,Not as Expected,2436.56,9
7052,5356,2024-08-26,Size Issue,3615.45,8
7053,2396,2024-05-15,Wrong Product,1202.62,8
7054,47140,2024-03-04,Late Delivery,3751.52,2
7055,12624,2024-06-09,Not as Expected,4737.21,3
7056,46949,2024-06-24,Late Delivery,6228.55,5
7057,5863,2024-10-06,Size Issue,1614.44,3
7058,16988,2024-09-26,Damaged,2089.59,5
7059,33103,2024-11-23,Not as Expected,3393.86,1
7060,12637,2024-08-19,Size Issue,4693.76,5
7061,3583,2025-01-03,Damaged,5871.36,5
7062,10958,2024-03-18,Damaged,1347.88,2
7063,2615,2024-03-23,Not as Expected,5479.02,2
7064,19258,2024-07-08,Wrong Product,1116.02,1
7065,24952,2024-12-11,Damaged,2890.78,2
7066,21987,2024-09-10,Size Issue,1296.4,2
7067,25918,2024-06-25,Size Issue,3479.13,3
7068,13888,2024-08-27,Not as Expected,549.06,4
7069,26993,2024-03-07,Not as Expected,4802.43,4
7070,35002,2024-03-25,Late Delivery,5677.92,7
7071,25520,2024-06-07,Not as Expected,265.27,4
7072,15028,2024-07-15,Late Delivery,5747.36,4
7073,29695,2024-12-06,Late Delivery,1373.16,1
7074,19360,2024-12-21,Damaged,1549.07,6
7075,48693,2024-11-08,Damaged,606.95,9
7076,27634,2024-05-31,Damaged,4371.18,2
7077,17066,2024-06-27,Late Delivery,2195.64,9
7078,730,2024-08-28,Size Issue,5266.17,8
7079,25706,2024-04-09,Size Issue,6551.3,5
7080,12568,2024-08-29,Not as Expected,4114.5,1
7081,11164,2024-10-01,Damaged,3390.29,1
7082,30848,2024-05-30,Not as Expected,5135.9,5
7083,48843,2024-04-29,Late Delivery,5514.33,4
7084,47076,2024-12-19,Late Delivery,7787.67,8
7085,48594,2024-03-18,Wrong Product,4220.14,8
7086,4240,2024-08-15,Late Delivery,288.42,9
7087,43297,2024-10-15,Not as Expected,1886.57,5
7088,18436,2024-12-16,Wrong Product,4834.66,2
7089,43007,2024-05-31,Wrong Product,2521.52,1
7090,3443,2024-04-03,Damaged,2173.2,4
7091,10815,2024-11-04,Size Issue,5999.8,9
7092,6147,2024-10-31,Wrong Product,3991.42,6
7093,7370,2024-02-29,Size Issue,4568.63,7
7094,21271,2025-01-02,Wrong Product,1662.37,8
7095,8001,2024-11-28,Size Issue,2628.05,4
7096,30323,2024-07-08,Not as Expected,5624.06,2
7097,42127,2024-03-08,Late Delivery,6549.86,6
7098,26398,2024-05-07,Late Delivery,4479.72,3
7099,29241,2024-09-07,Damaged,4962.17,8
7100,13719,2024-12-31,Damaged,4746.0,6
7101,45251,2024-11-17,Size Issue,4709.34,9
7102,26781,2024-03-23,Damaged,6634.86,4
7103,20170,2024-11-29,Damaged,3831.6,1
7104,16394,2024-05-07,Late Delivery,377.39,6
7105,36517,2024-09-26,Size Issue,1395.12,6
7106,38504,2024-05-28,Late Delivery,3725.44,9
7107,11054,2024-08-19,Not as Expected,3340.56,8
7108,14641,2024-10-26,Wrong Product,3200.84,2
7109,9347,2024-08-05,Wrong Product,2928.32,3
7110,15043,2024-09-16,Damaged,3604.94,2
7111,46424,2024-12-01,Size Issue,667.72,5
7112,8145,2024-09-04,Size Issue,4824.06,1
7113,9338,2024-12-26,Not as Expected,7056.24,4
7114,25851,2024-10-19,Wrong Product,3168.91,8
7115,27501,2024-03-30,Size Issue,1427.84,6
7116,4094,2024-11-02,Not as Expected,4995.99,4
7117,4268,2024-07-07,Not as Expected,418.0,7
7118,10188,2024-08-05,Not as Expected,5910.29,3
7119,29538,2024-07-06,Wrong Product,644.38,2
7120,26643,2024-03-14,Size Issue,5128.43,8
7121,28508,2024-01-19,Size Issue,1902.64,1
7122,34408,2024-10-01,Wrong Product,2809.62,9
7123,42894,2024-04-23,Damaged,4242.73,2
7124,7966,2024-06-10,Damaged,4422.36,3
7125,46318,2024-07-16,Wrong Product,6814.09,1
7126,33151,2024-12-19,Late Delivery,2049.39,9
7127,18980,2024-11-11,Not as Expected,4344.75,4
7128,31251,2024-02-06,Damaged,3552.91,1
7129,29549,2024-07-24,Late Delivery,1016.38,9
7130,5108,2024-08-09,Late Delivery,2965.26,7
7131,30326,2024-05-04,Damaged,2001.16,5
7132,36496,2025-01-06,Late Delivery,4693.13,8
7133,4068,2024-08-28,Wrong Product,4126.39,1
7134,18797,2024-01-14,Wrong Product,3661.74,1
7135,7708,2024-09-11,Size Issue,6105.66,8
7136,105,2024-12-22,Size Issue,6942.22,7
7137,5564,2024-01-14,Size Issue,4481.78,6
7138,19571,2024-12-12,Late Delivery,604.71,1
7139,6189,2024-05-27,Not as Expected,2510.35,7
7140,6570,2024-04-16,Late Delivery,5333.27,9
7141,747,2024-02-22,Late Delivery,7239.82,8
7142,33607,2024-11-09,Size Issue,2759.81,5
7143,28932,2025-01-04,Wrong Product,3943.24,3
7144,23575,2024-11-17,Not as Expected,4772.39,7
7145,21929,2024-03-19,Damaged,2221.06,4
7146,4060,2024-01-28,Size Issue,1723.5,9
7147,42886,2024-03-03,Size Issue,551.08,4
7148,19938,2024-03-06,Late Delivery,2080.73,8
7149,3312,2024-05-06,Size Issue,659.66,7
7150,28721,2024-06-18,Not as Expected,3158.73,3
7151,45968,2024-06-30,Wrong Product,1109.3,3
7152,42162,2024-07-19,Damaged,2556.3,8
7153,27698,2024-07-20,Damaged,5350.98,8
7154,22021,2024-09-05,Wrong Product,5424.34,3
7155,3508,2024-11-25,Late Delivery,5836.03,6
7156,2735,2024-12-31,Not as Expected,1430.6,8
7157,43963,2024-12-17,Size Issue,4835.03,7
7158,13512,2024-03-20,Damaged,3012.06,3
7159,31169,2024-04-24,Damaged,5749.79,4
7160,19163,2024-02-14,Wrong Product,5880.65,7
7161,4653,2024-11-01,Late Delivery,7382.81,3
7162,33387,2024-07-22,Wrong Product,5734.64,2
7163,17074,2024-01-11,Damaged,1386.68,6
7164,41248,2024-04-18,Not as Expected,4286.43,4
7165,30500,2024-10-13,Wrong Product,7099.51,1
7166,27400,2024-11-12,Wrong Product,459.87,2
7167,3887,2024-11-29,Size Issue,4792.38,4
7168,15644,2024-04-23,Late Delivery,4221.54,6
7169,8311,2024-10-13,Wrong Product,3164.15,6
7170,18403,2024-08-30,Damaged,3693.65,4
7171,40257,2024-04-26,Wrong Product,4033.98,7
7172,17380,2024-10-02,Not as Expected,4661.92,9
7173,23705,2024-04-06,Damaged,3310.47,8
7174,9175,2024-03-26,Damaged,2984.5,4
7175,11864,2024-07-24,Size Issue,4954.55,1
7176,25014,2024-11-29,Not as Expected,4393.27,6
7177,25817,2024-02-10,Damaged,5755.54,8
7178,34826,2025-01-02,Size Issue,4891.5,8
7179,38318,2024-11-13,Size Issue,732.51,9
7180,31237,2024-12-14,Size Issue,452.72,4
7181,29799,2024-11-11,Late Delivery,7512.09,8
7182,5746,2024-12-04,Size Issue,1435.99,9
7183,36745,2024-12-28,Damaged,3841.78,6
7184,1412,2024-11-08,Wrong Product,1105.88,9
7185,24476,2024-08-22,Not as Expected,1940.93,2
7186,4132,2024-12-09,Not as Expected,5678.07,6
7187,18588,2024-06-03,Damaged,7182.38,7
7188,45565,2024-12-01,Not as Expected,7069.92,8
7189,40391,2024-08-31,Late Delivery,4636.53,6
7190,9762,2024-06-04,Wrong Product,526.99,8
7191,29428,2024-01-23,Size Issue,6977.29,2
7192,144,2024-05-29,Late Delivery,3444.62,6
7193,42035,2024-09-29,Wrong Product,484.55,2
7194,9773,2024-06-02,Late Delivery,2491.88,2
7195,28994,2024-01-13,Size Issue,3436.5,1
7196,2199,2024-07-14,Not as Expected,3691.9,2
7197,12757,2024-09-29,Not as Expected,2988.84,8
7198,12477,2024-09-03,Damaged,2870.03,3
7199,43368,2024-05-09,Wrong Product,3245.39,5
7200,36548,2024-07-18,Late Delivery,4519.62,8
7201,3164,2024-11-15,Size Issue,4988.2,7
7202,8698,2024-12-28,Damaged,7280.95,5
7203,15841,2024-06-07,Size Issue,6755.54,5
7204,20700,2024-11-14,Damaged,3704.61,2
7205,2127,2024-04-09,Size Issue,5742.9,4
7206,17752,2024-12-10,Wrong Product,4410.73,2
7207,6962,2024-09-23,Not as Expected,2397.34,4
7208,5494,2024-10-23,Late Delivery,2951.84,3
7209,16684,2024-01-15,Late Delivery,4344.17,5
7210,15250,2024-12-08,Late Delivery,7414.56,3
7211,10812,2024-05-23,Wrong Product,3712.45,3
7212,21149,2024-04-18,Size Issue,2788.32,5
7213,6641,2024-10-12,Size Issue,290.26,6
7214,44644,2024-12-29,Wrong Product,6403.09,7
7215,11273,2024-06-14,Wrong Product,5668.84,8
7216,24572,2024-06-30,Not as Expected,1040.58,6
7217,14796,2024-08-11,Wrong Product,4324.68,4
7218,49580,2024-07-11,Not as Expected,3774.9,9
7219,31874,2024-06-17,Not as Expected,502.35,8
7220,31236,2024-04-25,Not as Expected,3823.1,3
7221,48967,2024-08-31,Not as Expected,3624.44,8
7222,5964,2024-07-31,Damaged,4141.5,2
7223,41637,2024-09-01,Late Delivery,5178.68,4
7224,30094,2024-05-29,Wrong Product,4750.43,1
7225,11169,2024-08-23,Late Delivery,2757.27,7
7226,7252,2024-10-25,Damaged,3850.07,6
7227,10656,2024-09-12,Damaged,5890.15,2
7228,2797,2024-07-29,Late Delivery,3977.38,5
7229,26434,2024-12-25,Not as Expected,5220.05,4
7230,25756,2024-03-06,Late Delivery,475.19,9
7231,21173,2024-08-27,Size Issue,2484.92,8
7232,40009,2024-05-26,Damaged,476.18,6
7233,11683,2024-06-22,Wrong Product,4048.84,3
7234,6868,2024-03-11,Not as Expected,4645.54,1
7235,25297,2024-05-30,Not as Expected,6421.9,5
7236,21156,2024-10-14,Damaged,3740.85,8
7237,26395,2024-12-14,Damaged,799.78,1
7238,46168,2024-02-21,Not as Expected,364.34,8
7239,37452,2024-05-24,Damaged,4424.27,2
7240,16808,2024-06-12,Not as Expected,1478.77,3
7241,41089,2024-07-19,Damaged,7530.58,3
7242,6202,2024-03-07,Damaged,4017.7,9
7243,40241,2024-06-23,Wrong Product,3061.85,8
7244,3163,2024-10-22,Size Issue,3650.6,7
7245,16730,2024-01-30,Damaged,2755.34,5
7246,26583,2024-07-13,Not as Expected,1116.76,5
7247,24519,2024-08-20,Damaged,3577.03,2
7248,26844,2024-11-21,Late Delivery,1021.32,9
7249,2826,2024-04-01,Size Issue,311.42,9
7250,26721,2025-01-07,Late Delivery,3527.84,2
7251,49603,2024-03-26,Size Issue,4482.97,2
7252,30126,2024-08-31,Damaged,4791.22,2
7253,31382,2024-08-02,Damaged,927.69,2
7254,49257,2024-09-21,Size Issue,544.92,1
7255,37035,2024-03-03,Wrong Product,4863.13,1
7256,39700,2024-08-18,Wrong Product,1036.14,8
7257,47781,2024-02-09,Not as Expected,3964.86,3
7258,25890,2024-01-15,Late Delivery,2122.72,8
7259,13164,2024-03-13,Size Issue,1409.54,2
7260,36312,2024-01-18,Wrong Product,7311.74,2
7261,47796,2024-04-12,Late Delivery,451.29,1
7262,33866,2024-07-01,Size Issue,4871.47,1
7263,41524,2024-11-04,Late Delivery,5430.55,1
7264,27006,2024-09-21,Not as Expected,5044.42,9
7265,13283,2024-05-03,Not as Expected,1487.43,6
7266,14349,2024-03-11,Damaged,2904.69,2
7267,21071,2024-06-23,Damaged,896.13,8
7268,16108,2024-01-17,Damaged,6004.31,1
7269,41310,2024-02-29,Late Delivery,580.42,1
7270,1825,2024-03-08,Damaged,4428.25,7
7271,46365,2024-04-29,Late Delivery,3655.4,2
7272,5191,2024-12-08,Not as Expected,5131.63,8
7273,22895,2024-09-23,Damaged,5098.68,8
7274,47432,2024-06-03,Size Issue,4896.86,7
7275,37513,2024-08-15,Size Issue,2456.2,5
7276,16454,2024-01-27,Size Issue,2872.81,5
7277,44896,2024-04-08,Wrong Product,5263.82,4
7278,5229,2024-10-26,Late Delivery,2777.7,4
7279,19306,2024-06-18,Wrong Product,925.86,7
7280,42214,2024-07-30,Damaged,564.04,5
7281,12225,2024-03-04,Damaged,6077.92,4
7282,33153,2024-07-09,Damaged,4685.96,3
7283,38998,2024-04-13,Wrong Product,4208.18,6
7284,14338,2024-12-24,Damaged,4751.68,2
7285,45523,2024-11-06,Late Delivery,6167.2,2
7286,3199,2024-11-07,Late Delivery,3457.67,6
7287,1811,2024-02-19,Size Issue,5171.91,9
7288,17203,2024-09-28,Late Delivery,4429.17,3
7289,24252,2024-12-18,Late Delivery,2590.89,2
7290,22472,2024-02-04,Damaged,3774.06,7
7291,15598,2024-03-03,Wrong Product,6262.16,8
7292,30359,2024-09-14,Damaged,1486.3,6
7293,14695,2024-12-09,Size Issue,5616.48,3
7294,40255,2024-12-03,Damaged,5339.6,4
7295,3688,2024-10-07,Wrong Product,618.13,5
7296,8976,2024-02-13,Wrong Product,6441.52,8
7297,45064,2024-09-24,Size Issue,3270.77,4
7298,6920,2024-02-01,Size Issue,1850.24,9
7299,5144,2024-02-15,Late Delivery,4416.86,6
7300,33276,2024-06-02,Late Delivery,2080.96,3
7301,17913,2024-06-12,Size Issue,2307.25,5
7302,17032,2024-02-18,Not as Expected,5577.36,7
7303,26603,2024-03-15,Wrong Product,607.09,5
7304,44342,2024-09-26,Size Issue,2288.84,7
7305,44832,2024-05-11,Damaged,6527.02,7
7306,34475,2024-04-27,Size Issue,3318.63,4
7307,21051,2024-03-12,Size Issue,368.53,9
7308,41318,2024-09-21,Wrong Product,6975.75,2
7309,33930,2024-12-26,Not as Expected,5021.28,3
7310,17695,2024-11-21,Late Delivery,4845.14,7
7311,38064,2024-06-15,Damaged,4408.53,7
7312,2447,2024-08-12,Not as Expected,777.52,2
7313,7840,2024-03-14,Size Issue,3327.26,8
7314,8221,2024-10-20,Damaged,645.9,3
7315,32496,2024-04-11,Not as Expected,741.62,3
7316,39077,2024-10-30,Wrong Product,3525.26,2
7317,44192,2024-04-06,Size Issue,4882.77,9
7318,21932,2024-01-28,Size Issue,4935.81,7
7319,42924,2024-10-13,Size Issue,759.46,1
7320,1692,2024-04-26,Not as Expected,2233.85,7
7321,33291,2024-04-07,Not as Expected,4039.17,5
7322,4627,2024-09-06,Wrong Product,4309.04,8
7323,37190,2024-04-02,Size Issue,4194.32,2
7324,37017,2024-07-28,Size Issue,5162.32,4
7325,24684,2024-03-24,Late Delivery,6680.37,3
7326,22140,2024-12-08,Wrong Product,5951.0,5
7327,29610,2024-05-28,Size Issue,5013.42,3
7328,4384,2024-11-30,Late Delivery,7160.87,1
7329,34654,2024-09-20,Damaged,4669.9,9
7330,4955,2024-02-10,Damaged,5658.83,8
7331,10657,2024-10-16,Not as Expected,5520.62,7
7332,18191,2024-07-28,Wrong Product,5858.5,9
7333,24577,2024-12-07,Wrong Product,5011.17,4
7334,29747,2024-12-03,Wrong Product,5341.77,9
7335,29178,2024-11-15,Not as Expected,1726.54,5
7336,31248,2024-10-13,Wrong Product,788.37,4
7337,31166,2024-12-31,Wrong Product,3332.62,3
7338,15613,2024-09-04,Late Delivery,4920.32,4
7339,12802,2024-09-26,Late Delivery,3267.43,6
7340,25736,2024-03-21,Not as Expected,1748.78,3
7341,2143,2024-07-20,Size Issue,4794.67,7
7342,4889,2024-01-12,Size Issue,1908.46,2
7343,32788,2024-11-19,Not as Expected,471.17,5
7344,41343,2024-01-15,Size Issue,4410.06,2
7345,1735,2024-07-22,Not as Expected,1835.59,6
7346,18559,2024-10-06,Not as Expected,1347.58,3
7347,19149,2024-04-05,Damaged,3137.47,7
7348,33877,2024-10-03,Wrong Product,5724.77,5
7349,28562,2024-06-18,Wrong Product,5158.98,9
7350,47439,2024-06-23,Size Issue,2713.67,2
7351,16251,2024-01-30,Not as Expected,4785.14,9
7352,20975,2024-02-05,Size Issue,5798.1,5
7353,10445,2024-07-13,Damaged,535.49,8
7354,108,2025-01-04,Late Delivery,2111.21,4
7355,24855,2024-03-15,Late Delivery,1954.13,1
7356,29563,2024-07-25,Size Issue,5202.7,5
7357,1461,2024-10-25,Not as Expected,3233.07,1
7358,15690,2024-12-29,Size Issue,7125.35,3
7359,37339,2024-05-07,Damaged,3478.39,3
7360,24800,2024-05-18,Size Issue,4018.15,6
7361,18612,2024-08-09,Wrong Product,5205.23,9
7362,17233,2024-05-17,Not as Expected,3506.82,3
7363,19217,2024-03-16,Wrong Product,1794.41,2
7364,48886,2024-05-02,Size Issue,2718.37,1
7365,31619,2024-04-18,Late Delivery,2646.61,4
7366,19924,2024-09-07,Damaged,4800.9,7
7367,20510,2024-07-12,Wrong Product,5363.07,2
7368,33056,2024-05-11,Size Issue,1211.59,8
7369,38233,2024-05-31,Late Delivery,4959.75,2
7370,30228,2024-11-07,Size Issue,956.78,5
7371,35931,2024-08-03,Size Issue,6826.84,1
7372,344,2024-09-10,Damaged,5052.51,9
7373,788,2024-11-18,Damaged,1388.08,4
7374,35099,2024-11-27,Wrong Product,3370.85,6
7375,27918,2024-03-22,Wrong Product,4741.37,7
7376,2541,2024-11-19,Size Issue,7581.67,2
7377,42615,2024-06-07,Late Delivery,3411.85,3
7378,30807,2024-09-02,Late Delivery,3177.03,9
7379,17454,2024-11-12,Wrong Product,2442.04,4
7380,26325,2024-11-01,Late Delivery,3005.3,2
7381,8409,2024-08-02,Not as Expected,5095.33,2
7382,4175,2024-04-09,Not as Expected,2496.54,9
7383,7277,2024-10-18,Wrong Product,2005.4,8
7384,22287,2024-10-21,Late Delivery,786.94,8
7385,16198,2025-01-03,Not as Expected,6434.48,5
7386,36134,2024-05-15,Not as Expected,3069.17,9
7387,35881,2024-01-20,Size Issue,7332.43,4
7388,27556,2024-06-22,Damaged,991.46,2
7389,28090,2024-09-27,Late Delivery,5222.25,4
7390,43298,2024-04-07,Damaged,6849.57,4
7391,38368,2024-07-15,Late Delivery,1886.02,8
7392,11405,2024-08-04,Not as Expected,2000.21,3
7393,2221,2024-12-08,Damaged,3541.08,7
7394,18353,2024-02-05,Not as Expected,5527.15,8
7395,16882,2024-08-07,Wrong Product,2479.45,4
7396,19988,2024-05-27,Late Delivery,2871.02,3
7397,10350,2024-05-20,Wrong Product,5261.91,7
7398,29889,2024-12-24,Damaged,7659.96,2
7399,49689,2024-11-25,Wrong Product,4883.54,6
7400,25742,2024-09-24,Size Issue,4088.1,2
7401,49675,2024-04-25,Not as Expected,3855.29,5
7402,9856,2024-04-09,Size Issue,8020.73,9
7403,9089,2024-01-31,Size Issue,1426.38,3
7404,43103,2024-06-10,Late Delivery,2823.39,4
7405,49760,2024-10-10,Wrong Product,2891.84,5
7406,25697,2024-08-12,Not as Expected,3152.23,5
7407,48101,2024-04-16,Damaged,2168.49,8
7408,49833,2024-07-13,Late Delivery,858.2,4
7409,5078,2024-12-28,Wrong Product,1922.09,2
7410,16653,2024-03-12,Size Issue,7727.09,5
7411,21846,2024-03-24,Wrong Product,6533.45,7
7412,3949,2024-02-03,Wrong Product,5411.05,8
7413,41045,2024-07-26,Late Delivery,6075.19,7
7414,43165,2024-04-08,Size Issue,5416.49,9
7415,7138,2024-01-10,Wrong Product,2801.46,4
7416,12180,2024-11-11,Wrong Product,4071.21,9
7417,43723,2024-10-17,Late Delivery,5555.7,2
7418,38190,2024-09-20,Size Issue,4950.54,7
7419,29367,2024-04-14,Not as Expected,4939.08,3
7420,1730,2024-10-31,Damaged,4970.04,8
7421,586,2024-12-08,Damaged,2530.04,6
7422,23884,2024-10-24,Size Issue,6720.35,6
7423,47057,2024-05-28,Wrong Product,6760.73,8
7424,16908,2024-06-22,Wrong Product,5052.77,5
7425,12076,2024-05-20,Size Issue,2407.63,7
7426,49560,2024-11-20,Late Delivery,1720.11,9
7427,16766,2024-03-31,Size Issue,1416.01,2
7428,10640,2024-09-17,Wrong Product,7081.1,6
7429,23538,2024-03-26,Wrong Product,3286.82,9
7430,29525,2024-12-21,Not as Expected,4868.03,6
7431,9151,2024-08-21,Wrong Product,1404.51,2
7432,19196,2024-12-22,Late Delivery,1548.82,2
7433,1839,2024-10-07,Not as Expected,1046.06,2
7434,37768,2024-02-14,Late Delivery,2506.4,1
7435,2409,2024-02-20,Not as Expected,3413.9,4
7436,32506,2024-05-23,Size Issue,2481.72,7
7437,11351,2024-04-22,Wrong Product,1242.78,4
7438,37705,2024-03-15,Damaged,6725.91,2
7439,16698,2024-05-24,Not as Expected,6633.15,7
7440,36137,2024-01-30,Late Delivery,4690.49,8
7441,20422,2024-12-25,Late Delivery,1567.08,4
7442,23681,2024-08-01,Damaged,6586.66,5
7443,30531,2024-03-29,Size Issue,2176.88,2
7444,34853,2024-05-15,Damaged,5893.51,8
7445,36115,2024-06-13,Size Issue,5373.42,3
7446,34418,2024-11-13,Size Issue,3718.62,6
7447,37730,2024-06-30,Late Delivery,6987.52,6
7448,14956,2024-05-06,Size Issue,2963.44,1
7449,11692,2024-12-11,Size Issue,2037.53,1
7450,33277,2024-04-18,Damaged,416.2,5
7451,42928,2024-05-01,Wrong Product,6392.86,2
7452,13857,2024-12-02,Late Delivery,1122.7,1
7453,47474,2024-03-26,Size Issue,4744.08,3
7454,6407,2024-01-28,Late Delivery,6264.6,5
7455,11918,2024-09-03,Not as Expected,5360.06,6
7456,45708,2024-06-19,Size Issue,2436.34,2
7457,27626,2024-05-22,Wrong Product,4810.84,3
7458,16410,2024-02-14,Wrong Product,4114.41,4
7459,42767,2024-01-30,Wrong Product,2758.77,6
7460,5304,2024-09-21,Late Delivery,888.03,4
7461,38979,2024-04-24,Wrong Product,2411.52,6
7462,21625,2024-09-01,Not as Expected,1178.96,5
7463,3048,2024-03-22,Late Delivery,2034.91,7
7464,12204,2024-11-29,Not as Expected,988.67,9
7465,21671,2024-02-21,Not as Expected,4496.08,1
7466,23314,2024-06-30,Size Issue,2801.52,6
7467,25893,2024-03-26,Wrong Product,2937.48,5
7468,19767,2024-02-04,Size Issue,5666.9,2
7469,17905,2025-01-06,Not as Expected,1921.69,9
7470,466,2024-07-31,Wrong Product,3591.9,6
7471,38099,2024-02-27,Late Delivery,5836.56,4
7472,30129,2024-09-20,Damaged,5610.79,5
7473,31018,2024-11-27,Late Delivery,6235.0,5
7474,30722,2024-07-22,Size Issue,3333.56,9
7475,13776,2024-10-10,Damaged,544.63,8
7476,11246,2024-12-29,Damaged,2163.89,7
7477,671,2024-06-03,Late Delivery,5097.24,7
7478,18630,2025-01-01,Damaged,1251.33,9
7479,42860,2024-01-29,Not as Expected,4172.3,1
7480,39655,2024-09-14,Not as Expected,5316.11,2
7481,7183,2024-02-02,Damaged,2642.05,6
7482,6203,2024-05-20,Not as Expected,960.93,7
7483,27786,2024-02-24,Damaged,3469.95,3
7484,6019,2024-04-22,Size Issue,1477.18,5
7485,442,2024-02-22,Size Issue,7002.77,3
7486,6660,2024-09-03,Not as Expected,7222.06,6
7487,26886,2024-01-09,Late Delivery,3764.47,8
7488,8934,2024-07-14,Wrong Product,3519.58,4
7489,11328,2024-05-07,Not as Expected,3536.66,3
7490,22498,2024-11-09,Size Issue,2649.52,7
7491,12498,2024-06-01,Not as Expected,3077.98,1
7492,14731,2024-06-10,Not as Expected,2421.38,4
7493,44438,2024-08-05,Late Delivery,1771.3,9
7494,13938,2024-03-05,Size Issue,467.65,6
7495,3768,2024-06-14,Wrong Product,4469.44,9
7496,41758,2024-04-12,Late Delivery,4747.49,4
7497,31225,2024-12-13,Size Issue,941.21,7
7498,26814,2024-12-27,Damaged,5204.43,7
7499,34525,2024-08-01,Size Issue,507.85,8
7500,28008,2024-09-14,Damaged,4447.69,3
7501,2083,2024-04-06,Late Delivery,1607.31,2
7502,32108,2024-01-23,Damaged,3968.77,8
7503,40270,2024-07-02,Not as Expected,1713.88,8
7504,24422,2024-08-31,Size Issue,7112.97,7
7505,22158,2024-04-21,Not as Expected,2973.57,6
7506,47011,2024-01-21,Late Delivery,1175.48,4
7507,22855,2024-04-15,Size Issue,5882.98,4
7508,40183,2024-06-05,Size Issue,2699.36,6
7509,48985,2024-08-02,Wrong Product,4003.66,8
7510,6044,2024-10-19,Wrong Product,7675.4,1
7511,41428,2024-07-24,Damaged,3262.66,8
7512,7199,2024-10-20,Not as Expected,2988.42,1
7513,25331,2024-09-04,Not as Expected,3406.51,6
7514,6438,2024-01-28,Late Delivery,3305.54,2
7515,489,2024-09-03,Damaged,3054.65,9
7516,10334,2024-10-31,Not as Expected,3314.92,6
7517,44667,2024-01-11,Damaged,2673.84,6
7518,28082,2024-09-07,Not as Expected,4079.84,1
7519,40325,2024-07-05,Wrong Product,6030.94,8
7520,5424,2024-08-14,Late Delivery,1183.97,9
7521,35239,2024-03-30,Late Delivery,4577.36,5
7522,10392,2024-06-16,Wrong Product,553.45,2
7523,21228,2024-03-11,Not as Expected,316.86,6
7524,9360,2024-11-27,Late Delivery,786.18,2
7525,17469,2024-03-03,Size Issue,4902.42,3
7526,27770,2024-04-19,Late Delivery,2426.91,4
7527,22714,2024-05-21,Late Delivery,3133.87,5
7528,38406,2024-08-16,Size Issue,614.7,7
7529,17886,2024-04-29,Size Issue,4715.92,6
7530,37928,2024-09-25,Late Delivery,4078.61,1
7531,40169,2024-12-23,Late Delivery,4412.1,6
7532,6512,2024-02-15,Late Delivery,463.82,6
7533,29999,2024-11-12,Size Issue,3216.18,8
7534,22304,2024-02-25,Wrong Product,6441.98,5
7535,34795,2024-08-01,Wrong Product,4978.01,4
7536,36511,2024-11-09,Late Delivery,4390.84,2
7537,30810,2024-08-13,Late Delivery,5369.97,6
7538,26076,2024-06-18,Size Issue,1376.3,6
7539,35646,2024-02-18,Late Delivery,333.13,4
7540,43533,2024-02-16,Not as Expected,3768.58,2
7541,48994,2024-04-04,Damaged,912.4,1
7542,5764,2024-09-21,Size Issue,1926.01,3
7543,41612,2024-05-05,Not as Expected,1337.37,7
7544,6973,2024-04-05,Not as Expected,646.76,4
7545,96,2024-07-04,Size Issue,4973.74,9
7546,30896,2024-11-05,Not as Expected,4664.8,1
7547,11460,2024-08-27,Not as Expected,5478.78,1
7548,7447,2024-03-09,Wrong Product,4736.3,8
7549,24295,2024-01-25,Size Issue,5071.58,2
7550,17568,2024-08-27,Late Delivery,8269.41,6
7551,3819,2025-01-10,Not as Expected,2024.16,7
7552,26275,2024-06-17,Late Delivery,3886.55,4
7553,14330,2024-01-11,Damaged,3774.9,9
7554,8325,2024-07-24,Not as Expected,3626.26,1
7555,32025,2024-06-30,Late Delivery,7439.0,2
7556,10218,2024-10-23,Late Delivery,4970.41,6
7557,19386,2024-07-17,Damaged,4523.27,9
7558,47027,2024-09-04,Wrong Product,5595.28,4
7559,36426,2024-06-01,Not as Expected,6416.43,4
7560,34997,2024-11-08,Damaged,4692.36,6
7561,15585,2024-02-18,Late Delivery,4390.53,9
7562,15765,2024-11-08,Size Issue,2116.79,2
7563,9078,2024-10-10,Not as Expected,1270.69,1
7564,36576,2024-04-05,Not as Expected,4482.81,3
7565,11743,2024-06-20,Damaged,8844.45,1
7566,24943,2024-05-14,Wrong Product,345.72,5
7567,45510,2024-12-14,Late Delivery,6994.51,4
7568,42124,2024-12-31,Damaged,6590.58,3
7569,33547,2024-01-24,Damaged,290.93,5
7570,11758,2024-04-18,Wrong Product,982.41,3
7571,30140,2024-04-15,Size Issue,669.86,9
7572,9374,2024-06-24,Size Issue,7304.44,1
7573,4265,2024-09-28,Damaged,5867.0,7
7574,17736,2024-12-25,Late Delivery,6704.19,2
7575,15221,2024-09-06,Wrong Product,1573.58,7
7576,29890,2024-02-18,Not as Expected,4815.33,2
7577,7781,2024-02-11,Wrong Product,2316.23,1
7578,43697,2024-06-15,Not as Expected,3107.06,5
7579,32723,2024-12-19,Wrong Product,5250.36,5
7580,7542,2024-09-29,Size Issue,1564.42,5
7581,14262,2024-06-21,Not as Expected,6214.86,7
7582,26486,2024-12-30,Size Issue,1804.79,6
7583,30088,2024-03-17,Damaged,1105.41,7
7584,29772,2024-10-21,Late Delivery,7291.91,9
7585,3801,2024-05-24,Wrong Product,5058.89,9
7586,10858,2024-05-29,Late Delivery,2312.65,1
7587,16564,2024-12-04,Late Delivery,1434.93,4
7588,35880,2024-01-21,Late Delivery,6330.17,5
7589,39909,2024-08-12,Wrong Product,5811.86,3
7590,3188,2024-03-11,Size Issue,1984.32,6
7591,1080,2024-06-18,Not as Expected,357.4,2
7592,3032,2024-11-07,Late Delivery,2566.84,6
7593,32598,2024-10-09,Wrong Product,756.38,8
7594,15496,2024-05-20,Wrong Product,4130.57,2
7595,41118,2024-10-18,Damaged,4522.98,8
7596,41701,2024-09-09,Size Issue,3965.08,1
7597,39904,2024-10-11,Damaged,4885.14,1
7598,43512,2024-12-18,Late Delivery,945.06,3
7599,38686,2024-09-11,Damaged,3915.52,7
7600,12418,2024-06-28,Late Delivery,2440.44,8
7601,21774,2024-11-25,Size Issue,1427.18,9
7602,14060,2024-07-04,Damaged,3969.76,5
7603,12312,2024-02-17,Size Issue,4725.76,5
7604,23678,2024-09-01,Not as Expected,5440.67,2
7605,23517,2024-08-07,Size Issue,3811.98,2
7606,8055,2024-10-08,Size Issue,1668.71,9
7607,33467,2024-07-06,Damaged,5746.1,1
7608,15004,2024-07-13,Wrong Product,741.02,6
7609,29739,2024-05-01,Wrong Product,3117.16,1
7610,30234,2024-09-10,Size Issue,5213.57,3
7611,37113,2024-08-25,Late Delivery,3382.2,1
7612,37381,2024-10-03,Not as Expected,1185.87,7
7613,14814,2024-02-16,Wrong Product,3996.34,6
7614,142,2024-03-15,Size Issue,2817.53,9
7615,47355,2024-03-08,Not as Expected,2197.4,2
7616,40607,2024-10-07,Not as Expected,1057.55,9
7617,48298,2024-09-27,Size Issue,3398.43,3
7618,37818,2024-08-08,Damaged,1064.78,2
7619,8817,2024-11-10,Damaged,4023.94,1
7620,8988,2024-10-29,Late Delivery,5743.23,2
7621,40920,2024-05-31,Damaged,4826.16,1
7622,47172,2024-01-19,Size Issue,4087.45,4
7623,11664,2024-10-01,Late Delivery,2485.38,7
7624,30673,2024-06-14,Wrong Product,5405.41,4
7625,22267,2024-06-29,Not as Expected,4441.02,4
7626,41027,2024-08-14,Late Delivery,3043.51,3
7627,42217,2024-06-20,Damaged,2585.69,1
7628,44791,2024-03-05,Late Delivery,5612.34,9
7629,49620,2024-05-01,Late Delivery,2748.37,9
7630,3795,2024-01-08,Not as Expected,4962.46,7
7631,9112,2024-05-06,Wrong Product,3163.87,5
7632,20589,2024-10-20,Wrong Product,422.65,8
7633,29045,2024-11-29,Not as Expected,2591.35,1
7634,49990,2024-09-11,Wrong Product,944.74,4
7635,39486,2024-01-23,Late Delivery,4420.39,3
7636,2900,2025-01-02,Damaged,2353.27,5
7637,44558,2024-06-11,Not as Expected,951.55,3
7638,28189,2024-06-04,Size Issue,1199.27,6
7639,14639,2024-03-22,Not as Expected,600.05,9
7640,11959,2025-01-03,Late Delivery,5375.93,6
7641,40326,2024-06-22,Wrong Product,4211.29,7
7642,28138,2024-07-12,Not as Expected,5750.22,9
7643,46640,2024-08-07,Late Delivery,5315.37,3
7644,16364,2024-03-21,Late Delivery,2101.09,3
7645,596,2024-08-08,Late Delivery,2596.12,4
7646,10970,2024-05-04,Damaged,1586.3,6
7647,34130,2024-09-16,Not as Expected,2104.28,4
7648,48267,2024-01-20,Damaged,6269.61,6
7649,25970,2024-06-18,Late Delivery,3252.1,6
7650,46848,2024-08-21,Damaged,1433.97,2
7651,17786,2024-12-31,Not as Expected,2055.08,8
7652,36785,2024-12-24,Size Issue,2505.43,6
7653,28639,2024-08-22,Wrong Product,6716.75,5
7654,37236,2024-11-02,Wrong Product,930.71,6
7655,23045,2024-04-28,Damaged,4147.57,8
7656,2283,2024-06-12,Size Issue,5789.29,8
7657,14194,2024-01-10,Not as Expected,3974.8,3
7658,8176,2024-05-21,Not as Expected,292.8,8
7659,21820,2024-09-13,Damaged,6824.79,3
7660,3386,2024-09-12,Not as Expected,3521.35,7
7661,15966,2025-01-01,Size Issue,5280.74,4
7662,37426,2024-12-17,Damaged,673.02,7
7663,49694,2024-01-30,Size Issue,2787.02,7
7664,49207,2024-10-04,Wrong Product,3299.05,8
7665,46769,2024-04-06,Late Delivery,2702.09,5
7666,23871,2024-10-21,Damaged,4725.32,8
7667,7033,2024-05-12,Size Issue,1315.98,4
7668,24467,2024-09-14,Size Issue,2876.87,9
7669,30281,2024-07-14,Late Delivery,1160.19,3
7670,13255,2024-11-29,Not as Expected,4867.52,8
7671,5102,2024-10-27,Damaged,1113.62,4
7672,40012,2024-12-18,Wrong Product,5382.08,5
7673,37526,2024-04-26,Late Delivery,5351.18,6
7674,43714,2025-01-01,Wrong Product,5013.97,7
7675,27726,2024-07-27,Wrong Product,5380.14,2
7676,29611,2024-09-18,Not as Expected,1410.38,4
7677,41415,2024-05-06,Late Delivery,967.51,6
7678,7584,2024-05-19,Size Issue,4639.9,6
7679,39528,2024-01-31,Not as Expected,5392.07,9
7680,33177,2024-05-09,Not as Expected,6860.03,3
7681,23158,2025-01-03,Size Issue,5338.28,9
7682,1073,2024-08-22,Wrong Product,5803.44,9
7683,8758,2025-01-06,Wrong Product,3916.51,5
7684,44994,2024-05-02,Wrong Product,5199.12,3
7685,40398,2024-01-31,Damaged,2762.81,7
7686,19975,2025-01-05,Late Delivery,1957.92,1
7687,39029,2024-06-05,Size Issue,1720.67,9
7688,26071,2025-01-08,Late Delivery,2231.21,5
7689,37150,2024-05-13,Damaged,2205.9,9
7690,22586,2024-07-23,Not as Expected,4377.65,1
7691,23888,2024-06-05,Late Delivery,7187.4,8
7692,3479,2024-01-20,Wrong Product,7679.13,1
7693,18503,2024-07-26,Size Issue,1546.19,1
7694,11159,2024-01-31,Size Issue,3741.99,9
7695,34255,2024-10-11,Not as Expected,4818.84,5
7696,27491,2024-06-22,Not as Expected,4051.68,2
7697,35705,2025-01-08,Wrong Product,5149.14,3
7698,16127,2024-12-29,Late Delivery,6790.19,5
7699,36527,2024-12-21,Size Issue,3501.67,5
7700,2738,2024-03-17,Late Delivery,726.48,6
7701,16199,2024-09-23,Damaged,5715.9,4
7702,15220,2024-05-12,Late Delivery,1410.92,8
7703,1414,2024-09-23,Damaged,4676.54,2
7704,1953,2024-09-13,Wrong Product,2750.5,7
7705,7482,2024-02-11,Wrong Product,2763.65,1
7706,2161,2024-04-03,Wrong Product,1085.17,1
7707,45886,2024-05-12,Not as Expected,5511.18,5
7708,13727,2024-05-25,Late Delivery,3476.74,4
7709,43668,2024-02-15,Size Issue,4400.78,9
7710,7383,2024-04-18,Size Issue,552.44,3
7711,23251,2024-03-30,Wrong Product,4686.54,1
7712,38402,2024-04-04,Wrong Product,6679.1,5
7713,30474,2024-10-12,Wrong Product,493.05,8
7714,5701,2024-12-25,Not as Expected,4070.71,6
7715,26326,2024-10-02,Damaged,6369.28,3
7716,47538,2024-07-12,Not as Expected,2064.42,3
7717,30491,2024-06-24,Not as Expected,1520.87,3
7718,1551,2024-07-09,Damaged,400.09,9
7719,43022,2024-04-30,Size Issue,5022.32,5
7720,197,2024-12-22,Late Delivery,5868.25,6
7721,8231,2024-12-10,Damaged,3650.98,8
7722,42105,2024-01-19,Size Issue,7165.14,1
7723,28417,2024-05-27,Wrong Product,3491.5,5
7724,39124,2024-07-13,Wrong Product,5569.88,1
7725,38478,2025-01-02,Damaged,4002.66,7
7726,20236,2024-02-14,Not as Expected,2864.45,8
7727,35742,2024-12-02,Damaged,5926.46,2
7728,18374,2024-02-28,Late Delivery,6488.36,5
7729,15483,2024-04-23,Wrong Product,4352.32,3
7730,14315,2024-09-05,Size Issue,4289.65,5
7731,31202,2024-12-02,Wrong Product,5690.41,6
7732,8925,2024-05-31,Size Issue,686.96,5
7733,24262,2024-04-11,Late Delivery,7260.48,4
7734,4241,2024-03-10,Late Delivery,4110.56,9
7735,22403,2024-11-29,Size Issue,3644.15,6
7736,41845,2024-06-05,Late Delivery,3044.01,6
7737,45933,2024-06-13,Size Issue,1166.38,3
7738,36066,2024-04-07,Size Issue,2586.26,3
7739,42738,2024-04-29,Not as Expected,6801.48,9
7740,44950,2024-06-20,Damaged,4294.06,2
7741,23004,2024-08-12,Size Issue,1673.68,7
7742,39221,2024-12-01,Size Issue,3377.07,2
7743,41066,2024-11-20,Late Delivery,2694.16,8
7744,31767,2024-08-15,Damaged,5625.23,6
7745,17946,2024-06-17,Wrong Product,4013.9,1
7746,20929,2024-07-22,Wrong Product,3180.17,2
7747,3172,2024-02-03,Damaged,3063.43,7
7748,11490,2024-10-20,Size Issue,660.53,7
7749,10766,2024-09-22,Late Delivery,5538.42,8
7750,44507,2024-03-10,Wrong Product,3024.65,1
7751,47711,2024-03-12,Not as Expected,2818.63,8
7752,20406,2024-12-22,Wrong Product,2352.72,5
7753,26612,2024-05-25,Damaged,4041.42,7
7754,40638,2024-04-12,Wrong Product,999.15,7
7755,1699,2024-08-11,Damaged,5024.77,2
7756,36756,2024-03-15,Damaged,1622.22,5
7757,38214,2024-03-07,Size Issue,3569.96,4
7758,5043,2024-10-04,Size Issue,4421.23,5
7759,11790,2024-08-13,Wrong Product,5958.54,6
7760,32198,2024-10-23,Wrong Product,4318.85,2
7761,21832,2024-03-16,Damaged,3399.5,2
7762,16329,2024-12-08,Wrong Product,4265.95,3
7763,42306,2024-05-08,Damaged,3635.03,9
7764,43227,2024-01-12,Late Delivery,2288.33,2
7765,25652,2024-07-25,Damaged,4894.19,2
7766,38865,2024-02-23,Late Delivery,1085.98,8
7767,44812,2024-11-07,Damaged,584.95,1
7768,17010,2024-05-11,Not as Expected,3494.04,5
7769,3405,2024-04-06,Wrong Product,7736.25,1
7770,44241,2024-02-25,Late Delivery,3742.3,7
7771,28765,2024-05-19,Wrong Product,3090.32,2
7772,19107,2024-09-29,Late Delivery,786.73,1
7773,33478,2024-09-16,Not as Expected,1360.02,8
7774,13270,2024-07-01,Wrong Product,2472.23,8
7775,38823,2024-11-14,Size Issue,4537.73,4
7776,47980,2024-11-29,Wrong Product,4635.73,1
7777,31438,2024-02-01,Damaged,6241.53,9
7778,34320,2024-08-26,Wrong Product,3049.6,5
7779,11357,2024-07-31,Damaged,5314.28,9
7780,5618,2025-01-07,Damaged,3272.94,1
7781,13678,2024-11-04,Late Delivery,6115.69,5
7782,30233,2024-10-07,Damaged,3968.81,5
7783,30711,2024-07-01,Size Issue,1927.27,5
7784,12220,2024-05-04,Damaged,5838.6,1
7785,22388,2024-04-01,Damaged,3051.23,3
7786,20391,2024-12-28,Damaged,2264.33,3
7787,4658,2024-01-17,Size Issue,6565.2,5
7788,30979,2024-11-04,Size Issue,1788.34,8
7789,13180,2024-02-12,Damaged,3932.53,5
7790,34223,2024-03-01,Damaged,834.77,4
7791,38124,2024-05-05,Not as Expected,4725.61,6
7792,9083,2024-09-06,Late Delivery,1459.69,4
7793,8335,2024-06-15,Damaged,2131.26,6
7794,35378,2024-01-22,Not as Expected,1709.2,4
7795,41642,2024-10-05,Size Issue,4269.28,8
7796,25312,2024-09-30,Wrong Product,428.96,7
7797,27852,2024-09-21,Damaged,3871.77,4
7798,32493,2024-09-17,Wrong Product,2998.76,5
7799,5717,2024-08-20,Late Delivery,5760.32,3
7800,17947,2024-09-21,Wrong Product,3110.91,8
7801,37232,2024-06-16,Size Issue,4881.72,2
7802,42247,2024-03-21,Damaged,3790.2,4
7803,19774,2024-05-24,Damaged,2317.67,8
7804,20598,2024-03-04,Damaged,5988.6,8
7805,16102,2024-09-09,Not as Expected,5427.38,2
7806,17686,2024-05-16,Not as Expected,6666.11,9
7807,14587,2024-10-29,Not as Expected,2327.7,4
7808,39328,2024-03-02,Size Issue,5554.17,7
7809,49981,2024-11-11,Size Issue,822.77,4
7810,31245,2024-08-21,Not as Expected,619.31,5
7811,12406,2024-12-27,Damaged,1188.84,3
7812,18271,2024-11-09,Damaged,6665.4,4
7813,48483,2024-05-11,Wrong Product,6593.96,1
7814,21587,2024-06-17,Wrong Product,3588.9,3
7815,27490,2024-11-24,Damaged,4929.77,5
7816,9909,2024-09-23,Late Delivery,2640.23,8
7817,19387,2024-12-11,Size Issue,3105.61,4
7818,40537,2024-05-14,Damaged,4376.68,1
7819,2873,2024-11-11,Wrong Product,4110.73,5
7820,30331,2024-07-23,Not as Expected,1830.16,9
7821,36764,2024-11-02,Size Issue,6049.44,4
7822,34832,2024-01-19,Wrong Product,5766.75,9
7823,20217,2024-08-14,Not as Expected,1587.86,9
7824,17070,2024-10-03,Wrong Product,2725.01,5
7825,19944,2024-08-20,Size Issue,4771.85,4
7826,14118,2024-12-26,Not as Expected,4582.64,8
7827,35629,2024-03-07,Size Issue,2420.92,6
7828,36627,2024-06-09,Wrong Product,1540.0,5
7829,32254,2024-08-16,Wrong Product,4079.83,8
7830,40839,2024-01-22,Late Delivery,2696.22,2
7831,45876,2024-08-22,Late Delivery,3280.77,7
7832,13163,2024-04-11,Damaged,4050.86,7
7833,44073,2024-01-11,Late Delivery,1211.65,9
7834,21875,2024-11-05,Late Delivery,2222.74,6
7835,43602,2024-01-27,Late Delivery,298.23,7
7836,13875,2024-05-10,Not as Expected,4741.56,2
7837,10831,2024-08-12,Wrong Product,3159.68,9
7838,49032,2024-11-18,Wrong Product,7141.11,9
7839,13994,2024-10-18,Damaged,1480.41,5
7840,32622,2024-11-30,Size Issue,4220.64,6
7841,21542,2024-11-27,Wrong Product,1210.73,6
7842,19961,2024-03-19,Size Issue,6015.98,2
7843,26800,2024-03-01,Wrong Product,3249.58,1
7844,33734,2024-05-29,Late Delivery,4206.33,7
7845,12227,2024-11-22,Wrong Product,5387.02,6
7846,24100,2024-12-10,Damaged,4211.3,5
7847,45583,2025-01-01,Size Issue,2308.9,1
7848,47114,2024-11-25,Wrong Product,1524.68,3
7849,47794,2024-04-24,Damaged,5099.45,8
7850,11439,2024-10-16,Late Delivery,2976.05,8
7851,6591,2024-07-08,Not as Expected,6100.7,3
7852,35801,2024-04-14,Damaged,1055.63,3
7853,26801,2024-03-24,Damaged,1352.53,9
7854,7942,2024-11-07,Late Delivery,900.41,8
7855,42233,2024-08-02,Not as Expected,6204.93,4
7856,3845,2024-04-09,Late Delivery,1278.75,7
7857,47768,2024-06-03,Damaged,4983.35,3
7858,34424,2024-01-13,Damaged,2043.0,4
7859,5392,2024-09-19,Damaged,6881.33,7
7860,18161,2024-01-14,Wrong Product,2807.96,1
7861,28092,2024-03-24,Late Delivery,4092.63,8
7862,6075,2024-05-05,Not as Expected,4005.46,1
7863,5118,2024-12-16,Late Delivery,1726.53,9
7864,23442,2025-01-02,Size Issue,1536.34,4
7865,13313,2024-12-30,Not as Expected,3527.29,1
7866,31221,2024-11-12,Damaged,4505.79,8
7867,47728,2024-05-21,Late Delivery,238.8,9
7868,20455,2024-12-29,Damaged,2620.1,5
7869,19300,2024-12-11,Late Delivery,3409.4,6
7870,16594,2024-04-04,Size Issue,2868.35,3
7871,45972,2024-03-06,Size Issue,7399.62,5
7872,40359,2024-08-03,Not as Expected,3353.46,4
7873,7752,2024-10-20,Damaged,3496.45,9
7874,21366,2024-04-22,Size Issue,1224.47,8
7875,35898,2024-07-27,Late Delivery,2512.93,2
7876,23551,2024-09-10,Not as Expected,575.11,9
7877,45365,2024-01-15,Not as Expected,3127.64,4
7878,3643,2024-05-04,Not as Expected,4850.08,3
7879,20320,2024-05-27,Not as Expected,3228.54,5
7880,15364,2024-05-27,Late Delivery,3626.81,8
7881,44919,2024-12-20,Wrong Product,4479.99,6
7882,26144,2024-12-29,Late Delivery,1027.81,8
7883,18579,2024-08-23,Size Issue,3418.3,2
7884,16998,2025-01-12,Size Issue,3419.61,3
7885,25163,2024-11-16,Late Delivery,646.52,9
7886,18207,2024-07-13,Not as Expected,2404.34,6
7887,31687,2024-12-07,Damaged,7109.63,6
7888,14473,2024-01-10,Late Delivery,6830.85,6
7889,34720,2024-06-15,Not as Expected,3236.27,6
7890,19636,2024-08-12,Damaged,5644.18,1
7891,37003,2024-03-21,Late Delivery,1182.09,7
7892,36979,2024-12-22,Not as Expected,1489.62,3
7893,16791,2024-07-02,Size Issue,3840.84,6
7894,12795,2024-02-19,Late Delivery,3180.04,7
7895,4438,2024-12-08,Late Delivery,4394.01,3
7896,9387,2024-01-25,Wrong Product,4576.48,3
7897,45763,2024-04-18,Size Issue,1198.64,2
7898,12688,2024-04-20,Wrong Product,1545.11,8
7899,25191,2024-11-26,Damaged,904.03,4
7900,44356,2024-11-16,Not as Expected,5056.99,6
7901,31437,2024-11-28,Size Issue,2177.73,8
7902,28911,2024-01-23,Late Delivery,639.74,8
7903,32167,2024-03-25,Size Issue,1245.75,4
7904,2082,2024-10-22,Late Delivery,1221.3,9
7905,25727,2024-10-06,Damaged,3032.63,7
7906,25290,2024-05-21,Wrong Product,1612.48,9
7907,37911,2024-03-27,Wrong Product,5084.19,6
7908,9129,2024-01-19,Damaged,6992.76,2
7909,35607,2024-04-16,Not as Expected,994.85,2
7910,13123,2024-03-18,Damaged,820.59,6
7911,30921,2024-04-17,Wrong Product,3063.66,8
7912,16359,2024-08-08,Late Delivery,3217.24,2
7913,10037,2024-08-03,Late Delivery,3179.99,3
7914,48598,2024-08-07,Not as Expected,2172.73,5
7915,22593,2024-11-30,Not as Expected,2447.87,4
7916,35074,2024-10-08,Not as Expected,7200.71,4
7917,2961,2024-06-15,Wrong Product,6383.44,4
7918,48748,2024-08-03,Late Delivery,4671.22,2
7919,34660,2024-08-14,Late Delivery,3651.88,9
7920,3060,2024-08-31,Wrong Product,2004.72,4
7921,1818,2024-06-25,Late Delivery,2300.58,3
7922,44408,2025-01-02,Late Delivery,2192.39,9
7923,12585,2024-05-12,Damaged,3778.98,9
7924,1343,2024-01-20,Late Delivery,2281.02,1
7925,49159,2024-07-14,Wrong Product,4844.79,2
7926,12397,2024-03-25,Size Issue,6190.67,5
7927,12272,2024-02-18,Not as Expected,3683.89,9
7928,29310,2024-08-09,Size Issue,5646.27,6
7929,45579,2024-08-17,Size Issue,3837.01,3
7930,46182,2024-08-08,Not as Expected,4844.9,3
7931,4440,2025-01-08,Damaged,7125.54,1
7932,2656,2024-12-08,Size Issue,2937.72,7
7933,40178,2024-08-22,Wrong Product,5374.58,6
7934,17681,2024-01-12,Size Issue,3586.87,1
7935,18890,2024-06-20,Wrong Product,1004.48,4
7936,31347,2024-02-25,Late Delivery,4705.63,7
7937,46639,2024-09-07,Size Issue,1911.39,5
7938,35261,2024-05-23,Size Issue,5976.41,2
7939,42613,2024-01-22,Damaged,3347.76,3
7940,638,2024-04-18,Size Issue,2250.91,8
7941,47994,2024-11-23,Late Delivery,2518.47,8
7942,27675,2024-03-30,Damaged,5986.06,9
7943,11889,2024-01-29,Not as Expected,3093.13,4
7944,46188,2024-08-26,Wrong Product,3537.16,1
7945,16376,2024-10-23,Late Delivery,3590.79,7
7946,32866,2024-03-19,Late Delivery,6069.5,1
7947,18181,2024-02-16,Wrong Product,3993.44,3
7948,29814,2024-04-12,Late Delivery,492.57,9
7949,24902,2024-04-26,Not as Expected,5431.73,6
7950,47576,2024-09-20,Damaged,5341.25,9
7951,3063,2024-07-30,Wrong Product,3070.23,1
7952,6634,2024-06-26,Damaged,3807.42,5
7953,21980,2024-10-23,Late Delivery,4892.61,3
7954,864,2024-10-18,Size Issue,2532.56,1
7955,18391,2024-05-24,Size Issue,4991.71,6
7956,27550,2024-01-27,Size Issue,7195.03,3
7957,8013,2024-05-17,Not as Expected,6008.96,9
7958,28259,2024-07-23,Not as Expected,7378.27,2
7959,440,2024-05-18,Not as Expected,5851.85,7
7960,19186,2024-10-28,Wrong Product,3374.59,2
7961,26116,2024-05-30,Not as Expected,1245.45,6
7962,16525,2024-02-27,Late Delivery,6434.89,7
7963,43410,2024-03-14,Damaged,447.81,8
7964,36783,2024-07-24,Damaged,7291.16,9
7965,42301,2024-07-06,Not as Expected,2812.52,9
7966,44724,2024-11-02,Not as Expected,3525.05,7
7967,5250,2024-07-21,Damaged,431.27,6
7968,21017,2024-01-29,Not as Expected,1535.58,1
7969,19779,2024-03-25,Damaged,7058.81,5
7970,821,2024-10-06,Wrong Product,3702.17,7
7971,34389,2024-02-13,Wrong Product,5684.56,7
7972,16435,2024-01-15,Damaged,968.78,9
7973,8838,2024-05-01,Size Issue,3782.32,1
7974,9637,2024-06-05,Damaged,2008.28,9
7975,12819,2024-10-09,Size Issue,4882.26,7
7976,38306,2024-11-28,Damaged,6174.77,6
7977,33584,2024-10-01,Wrong Product,4036.28,4
7978,28010,2024-07-11,Not as Expected,4515.9,9
7979,46942,2024-01-30,Size Issue,4540.27,8
7980,44131,2024-09-11,Damaged,3961.74,8
7981,27752,2024-08-14,Late Delivery,4286.54,9
7982,38256,2024-12-20,Damaged,5779.8,7
7983,45088,2024-11-26,Size Issue,5282.05,3
7984,13667,2024-07-05,Late Delivery,3399.82,4
7985,47022,2024-11-12,Size Issue,5152.79,3
7986,31668,2024-07-14,Not as Expected,5760.1,6
7987,29145,2024-04-18,Not as Expected,425.04,4
7988,36853,2024-04-04,Damaged,6091.98,5
7989,23691,2024-01-10,Damaged,4784.73,7
7990,45309,2024-05-19,Size Issue,1648.22,6
7991,14599,2024-02-01,Not as Expected,4677.97,6
7992,48424,2024-06-26,Late Delivery,6112.93,3
7993,26318,2024-04-24,Size Issue,5159.28,4
7994,47326,2024-11-10,Late Delivery,5260.28,7
7995,14541,2024-12-13,Size Issue,3863.5,4
7996,10771,2024-05-16,Size Issue,1224.12,5
7997,9058,2024-04-03,Not as Expected,5637.9,5
7998,18562,2024-02-10,Not as Expected,4601.45,2
7999,29468,2024-11-08,Damaged,3824.68,7
8000,5624,2024-09-16,Not as Expected,8024.94,7
8001,33780,2024-05-17,Late Delivery,5311.25,4
8002,7831,2024-11-11,Size Issue,4107.0,6
8003,999,2024-11-17,Size Issue,4645.08,6
8004,36471,2024-04-23,Wrong Product,1040.06,3
8005,31774,2024-08-25,Damaged,2222.66,6
8006,38860,2024-08-03,Late Delivery,1745.77,8
8007,45733,2024-03-23,Size Issue,1609.86,2
8008,28332,2024-06-01,Late Delivery,4856.84,8
8009,22026,2024-04-19,Wrong Product,4520.05,7
8010,4745,2024-12-18,Wrong Product,4723.34,4
8011,21339,2024-09-09,Not as Expected,3941.15,4
8012,22804,2024-03-17,Late Delivery,1730.22,4
8013,24070,2024-06-12,Not as Expected,5222.58,5
8014,26529,2024-01-20,Not as Expected,5239.45,3
8015,23142,2024-01-10,Damaged,6974.26,2
8016,1273,2024-05-20,Wrong Product,4777.5,3
8017,619,2024-12-14,Damaged,2245.35,3
8018,37304,2024-11-28,Wrong Product,6569.09,5
8019,48924,2024-07-19,Not as Expected,4969.76,1
8020,27142,2024-07-03,Size Issue,2438.13,1
8021,10943,2024-10-30,Damaged,3548.74,1
8022,25149,2024-11-28,Wrong Product,5698.46,4
8023,23474,2024-01-31,Size Issue,3366.98,6
8024,19434,2024-01-16,Late Delivery,6846.82,4
8025,29713,2024-09-11,Not as Expected,4030.75,4
8026,29297,2024-02-20,Damaged,3426.16,5
8027,45600,2024-10-23,Size Issue,2351.62,9
8028,33682,2024-08-16,Wrong Product,4801.94,4
8029,22153,2024-10-10,Wrong Product,5212.38,5
8030,7211,2024-10-08,Size Issue,3498.07,5
8031,14675,2024-07-05,Damaged,4003.43,3
8032,8210,2024-09-07,Damaged,6967.75,7
8033,25944,2024-07-11,Damaged,5682.18,3
8034,5874,2024-02-20,Not as Expected,1473.56,8
8035,2766,2024-11-05,Not as Expected,5934.08,7
8036,32834,2024-01-11,Damaged,4816.91,8
8037,18643,2024-01-15,Not as Expected,3123.42,6
8038,37085,2024-12-22,Damaged,5292.05,7
8039,21089,2024-03-15,Wrong Product,6972.44,2
8040,24950,2024-08-06,Late Delivery,5481.09,4
8041,22784,2024-09-01,Wrong Product,2658.46,5
8042,5897,2024-11-26,Late Delivery,4153.81,4
8043,12992,2024-10-15,Size Issue,6900.01,6
8044,21353,2024-02-11,Not as Expected,2174.39,9
8045,7227,2024-02-01,Not as Expected,6564.23,1
8046,21032,2024-05-11,Late Delivery,4902.12,5
8047,38835,2024-08-06,Size Issue,4408.41,8
8048,48775,2024-08-24,Wrong Product,2379.1,1
8049,1746,2024-10-07,Not as Expected,4886.96,2
8050,49801,2024-12-01,Not as Expected,802.98,5
8051,22335,2024-12-07,Size Issue,1681.44,8
8052,43777,2024-03-09,Damaged,1423.85,9
8053,422,2024-11-22,Late Delivery,3669.15,5
8054,48615,2024-04-24,Not as Expected,3392.98,9
8055,3042,2024-01-18,Late Delivery,4910.46,1
8056,8462,2024-11-10,Late Delivery,1307.96,3
8057,24061,2024-05-21,Damaged,7294.32,5
8058,3269,2024-02-05,Late Delivery,4827.48,7
8059,21821,2024-05-14,Not as Expected,1559.99,2
8060,24005,2024-10-07,Wrong Product,3128.57,8
8061,23242,2024-03-14,Size Issue,1514.64,2
8062,11045,2024-08-10,Size Issue,6780.33,4
8063,44991,2024-10-07,Not as Expected,844.61,9
8064,14415,2024-07-31,Size Issue,6713.74,9
8065,5160,2024-07-26,Not as Expected,3914.64,4
8066,31769,2024-09-08,Wrong Product,6033.53,6
8067,38800,2024-07-28,Damaged,3644.41,9
8068,36636,2024-04-04,Damaged,1323.15,7
8069,12114,2024-07-16,Size Issue,4376.68,7
8070,11075,2024-02-10,Wrong Product,3999.15,9
8071,8671,2024-04-16,Wrong Product,3891.37,2
8072,4977,2024-05-18,Wrong Product,1591.97,6
8073,3459,2024-11-21,Not as Expected,1776.14,3
8074,22646,2024-11-12,Not as Expected,4398.45,7
8075,16576,2024-12-07,Late Delivery,2722.4,5
8076,47091,2025-01-01,Wrong Product,868.4,9
8077,27679,2024-03-15,Not as Expected,1464.71,8
8078,27495,2024-10-27,Wrong Product,1590.02,3
8079,45950,2024-02-28,Size Issue,5835.24,5
8080,2501,2025-01-02,Size Issue,4296.37,3
8081,15986,2024-10-04,Size Issue,434.84,3
8082,49120,2024-08-03,Not as Expected,2582.74,3
8083,27206,2024-05-20,Wrong Product,1892.28,5
8084,23026,2024-06-17,Late Delivery,1130.59,1
8085,746,2024-05-31,Not as Expected,3370.12,6
8086,41331,2024-03-13,Not as Expected,7418.78,2
8087,41786,2024-04-20,Damaged,2144.04,2
8088,21607,2024-04-13,Wrong Product,1184.81,7
8089,29710,2024-10-30,Wrong Product,5101.66,6
8090,4189,2024-09-26,Not as Expected,6690.1,9
8091,19234,2024-07-25,Not as Expected,4589.35,3
8092,20813,2024-09-07,Late Delivery,670.48,3
8093,26281,2024-09-09,Late Delivery,536.7,1
8094,34992,2024-11-24,Not as Expected,1292.99,6
8095,41232,2024-03-15,Late Delivery,968.42,2
8096,13532,2024-04-28,Late Delivery,1789.52,8
8097,37378,2024-06-17,Damaged,4752.08,7
8098,43503,2024-09-17,Size Issue,6034.17,8
8099,2031,2024-11-24,Not as Expected,4544.74,3
8100,8886,2024-02-23,Wrong Product,6749.78,1
8101,17764,2024-11-14,Size Issue,6380.47,5
8102,27489,2024-08-10,Size Issue,1205.56,7
8103,32499,2024-03-12,Late Delivery,2724.26,7
8104,22727,2024-10-07,Size Issue,4273.49,5
8105,42540,2024-10-30,Wrong Product,1986.54,1
8106,32990,2024-01-21,Wrong Product,4483.58,6
8107,42345,2024-09-06,Late Delivery,2104.27,1
8108,31394,2024-10-09,Size Issue,4080.71,5
8109,24381,2024-05-30,Size Issue,7737.2,4
8110,35423,2024-09-09,Wrong Product,2396.13,5
8111,29539,2024-08-25,Damaged,2720.29,3
8112,26731,2024-11-30,Late Delivery,4625.58,4
8113,18244,2024-01-07,Not as Expected,1908.79,3
8114,3280,2024-01-16,Late Delivery,3005.36,7
8115,19578,2024-04-01,Late Delivery,4356.17,4
8116,20566,2024-01-20,Late Delivery,6479.88,5
8117,6776,2024-05-11,Late Delivery,1679.51,3
8118,25338,2024-08-31,Wrong Product,828.5,8
8119,12095,2024-05-23,Size Issue,825.55,6
8120,42934,2024-12-23,Damaged,1723.94,5
8121,9814,2024-06-07,Damaged,1339.31,5
8122,24691,2024-10-04,Damaged,3199.05,5
8123,42486,2024-07-29,Size Issue,789.71,1
8124,42483,2024-04-19,Wrong Product,4930.47,4
8125,15322,2024-04-01,Wrong Product,4508.67,7
8126,31975,2024-08-02,Wrong Product,5627.44,3
8127,49111,2024-11-13,Size Issue,4181.61,8
8128,19033,2025-01-01,Size Issue,1894.68,6
8129,8899,2024-08-05,Size Issue,1002.38,9
8130,39721,2024-08-03,Not as Expected,933.02,3
8131,35072,2024-02-14,Wrong Product,3968.53,4
8132,19463,2024-04-14,Size Issue,1358.47,7
8133,32301,2024-05-23,Late Delivery,2015.28,1
8134,43734,2024-05-07,Not as Expected,4786.22,5
8135,33962,2024-03-21,Not as Expected,4606.67,5
8136,47257,2024-02-15,Late Delivery,1390.17,5
8137,33861,2024-11-14,Wrong Product,4654.84,7
8138,29690,2024-03-06,Late Delivery,2763.55,9
8139,13901,2024-01-31,Not as Expected,465.99,9
8140,42571,2024-10-01,Wrong Product,4627.02,6
8141,48882,2024-08-14,Wrong Product,3100.06,8
8142,7721,2024-12-27,Late Delivery,3272.52,1
8143,4146,2024-08-17,Wrong Product,4830.24,6
8144,9606,2024-05-18,Wrong Product,5318.67,7
8145,14075,2024-09-09,Wrong Product,3019.93,6
8146,36468,2024-11-20,Damaged,3407.77,2
8147,42628,2024-10-01,Size Issue,574.2,8
8148,28370,2024-05-03,Not as Expected,2568.33,9
8149,40814,2024-12-31,Damaged,2367.04,1
8150,27119,2024-01-16,Not as Expected,5906.78,1
8151,18557,2024-05-19,Late Delivery,4861.18,6
8152,34103,2024-12-21,Late Delivery,3097.97,3
8153,2144,2024-03-05,Wrong Product,5181.38,3
8154,34366,2024-07-25,Wrong Product,6947.16,8
8155,1836,2024-07-29,Size Issue,3415.55,6
8156,45773,2024-02-20,Wrong Product,4528.96,3
8157,34208,2024-07-21,Size Issue,4126.28,4
8158,162,2024-11-06,Wrong Product,2485.18,2
8159,21201,2024-06-28,Size Issue,1420.61,7
8160,40423,2024-11-27,Late Delivery,4650.58,7
8161,49054,2024-01-16,Size Issue,5445.6,6
8162,19662,2024-03-02,Late Delivery,1520.59,8
8163,27797,2024-04-19,Late Delivery,3648.0,1
8164,44093,2024-10-09,Not as Expected,6678.82,2
8165,20452,2024-08-07,Not as Expected,5069.32,3
8166,37274,2024-11-14,Damaged,2122.31,4
8167,43086,2024-09-30,Size Issue,701.63,2
8168,36027,2024-01-20,Not as Expected,3642.43,7
8169,20138,2024-07-15,Wrong Product,1732.02,8
8170,5765,2024-11-22,Size Issue,4944.5,4
8171,15824,2024-11-17,Not as Expected,6159.71,3
8172,7284,2024-09-29,Damaged,5214.1,4
8173,37262,2024-06-19,Damaged,4493.74,9
8174,3609,2024-08-03,Not as Expected,1528.29,6
8175,1580,2024-09-05,Damaged,1035.77,1
8176,8932,2024-07-09,Wrong Product,2370.2,6
8177,41674,2024-11-30,Not as Expected,6755.64,3
8178,35574,2024-04-23,Not as Expected,2621.17,2
8179,45224,2024-06-10,Not as Expected,8065.87,4
8180,24771,2024-09-18,Size Issue,6255.11,9
8181,49514,2024-03-30,Wrong Product,939.78,5
8182,23823,2024-01-26,Late Delivery,4234.94,3
8183,15958,2024-11-13,Not as Expected,1619.45,9
8184,42946,2024-07-28,Not as Expected,5267.82,6
8185,14021,2024-09-25,Wrong Product,3432.03,2
8186,18251,2024-07-16,Size Issue,2755.5,2
8187,19600,2024-07-25,Not as Expected,4733.12,2
8188,16854,2024-02-28,Size Issue,6558.81,2
8189,1437,2024-10-09,Late Delivery,2725.64,5
8190,35316,2024-01-19,Late Delivery,4556.03,1
8191,32525,2024-11-18,Wrong Product,652.97,6
8192,36241,2024-03-16,Late Delivery,6998.65,1
8193,41281,2024-11-12,Late Delivery,2539.92,4
8194,48531,2024-03-12,Late Delivery,4120.8,3
8195,4204,2024-05-10,Not as Expected,1442.42,5
8196,23850,2024-12-12,Damaged,2202.88,6
8197,43246,2024-12-27,Not as Expected,5894.22,1
8198,17423,2024-10-21,Damaged,4510.27,2
8199,13496,2024-01-23,Late Delivery,5383.54,1
8200,47887,2024-09-30,Late Delivery,3890.47,6
8201,44562,2024-07-19,Wrong Product,415.47,8
8202,18571,2024-05-20,Late Delivery,3158.46,5
8203,32509,2024-12-13,Wrong Product,5784.12,4
8204,21705,2024-11-21,Wrong Product,5478.8,5
8205,43662,2024-02-08,Damaged,4636.02,6
8206,24451,2024-11-30,Wrong Product,5519.7,3
8207,34467,2024-12-31,Late Delivery,3841.05,8
8208,43349,2024-11-05,Size Issue,1141.18,8
8209,2856,2024-12-22,Not as Expected,5114.75,9
8210,15434,2024-06-23,Damaged,1907.62,2
8211,22645,2024-06-21,Size Issue,1126.51,1
8212,48677,2024-07-21,Not as Expected,3879.31,4
8213,23714,2024-06-11,Not as Expected,5343.71,6
8214,40161,2024-09-16,Not as Expected,6581.89,6
8215,24214,2024-10-28,Not as Expected,5962.04,8
8216,12061,2024-01-26,Wrong Product,5272.42,2
8217,29012,2024-03-05,Late Delivery,673.86,2
8218,42884,2024-09-25,Not as Expected,872.28,3
8219,35791,2024-02-18,Damaged,1044.88,8
8220,9290,2024-03-21,Wrong Product,3104.77,9
8221,783,2024-05-18,Not as Expected,3581.93,7
8222,4018,2024-08-24,Wrong Product,4589.13,5
8223,29558,2024-07-23,Wrong Product,1761.0,9
8224,12582,2024-03-31,Wrong Product,4059.85,7
8225,3299,2024-09-03,Wrong Product,2903.85,9
8226,35609,2024-08-01,Size Issue,1473.5,9
8227,12830,2024-09-27,Not as Expected,389.24,7
8228,19648,2024-07-25,Size Issue,1517.36,7
8229,26322,2024-12-23,Damaged,7744.89,9
8230,2265,2024-10-03,Late Delivery,7875.23,4
8231,12518,2024-08-06,Not as Expected,560.14,6
8232,13041,2024-03-13,Size Issue,6759.59,5
8233,16827,2024-06-10,Late Delivery,1479.68,3
8234,35507,2024-08-09,Damaged,3108.67,5
8235,31707,2024-07-05,Size Issue,2067.51,3
8236,1616,2024-07-24,Damaged,2322.88,8
8237,939,2024-08-12,Damaged,5323.87,8
8238,16759,2024-10-26,Damaged,3631.24,8
8239,4105,2024-04-25,Wrong Product,6032.32,6
8240,2378,2024-03-21,Not as Expected,4279.91,5
8241,26859,2024-10-21,Late Delivery,6486.71,4
8242,47226,2024-05-27,Damaged,3794.6,6
8243,35905,2024-12-24,Size Issue,1553.15,7
8244,25581,2024-01-29,Not as Expected,576.87,6
8245,26872,2024-07-22,Not as Expected,602.04,2
8246,6786,2024-10-16,Not as Expected,1699.88,5
8247,18536,2024-05-14,Late Delivery,1721.39,7
8248,41755,2024-11-13,Wrong Product,6590.36,1
8249,354,2024-04-26,Size Issue,5786.08,3
8250,37809,2024-10-27,Wrong Product,4645.41,2
8251,40585,2024-05-02,Size Issue,2001.79,5
8252,2140,2024-10-05,Wrong Product,2089.21,2
8253,16504,2024-11-29,Late Delivery,2332.0,3
8254,11009,2024-05-22,Wrong Product,2877.15,4
8255,48875,2024-12-25,Wrong Product,3253.07,7
8256,12505,2024-09-18,Late Delivery,3849.34,5
8257,5591,2024-02-10,Not as Expected,4556.65,4
8258,49896,2024-11-05,Wrong Product,5591.31,5
8259,41815,2024-07-06,Late Delivery,7038.06,2
8260,11760,2024-08-22,Size Issue,2470.03,2
8261,48072,2024-11-19,Damaged,1372.92,9
8262,34589,2024-07-28,Not as Expected,7233.45,9
8263,43527,2024-12-13,Size Issue,6715.43,4
8264,12611,2024-07-02,Late Delivery,3678.23,7
8265,9862,2024-03-12,Not as Expected,5454.17,9
8266,710,2024-03-07,Damaged,7003.04,2
8267,12195,2024-05-07,Wrong Product,4644.92,1
8268,33858,2024-11-05,Not as Expected,3051.91,7
8269,24064,2024-08-02,Wrong Product,3442.8,6
8270,2043,2024-03-13,Size Issue,2119.92,6
8271,10785,2024-03-20,Wrong Product,995.28,1
8272,22670,2024-07-10,Late Delivery,1838.19,7
8273,6440,2024-04-17,Late Delivery,1548.74,1
8274,3213,2024-07-26,Damaged,5650.54,3
8275,19164,2024-06-16,Late Delivery,5343.78,2
8276,15012,2024-02-20,Late Delivery,2876.88,1
8277,43600,2024-02-08,Size Issue,3461.47,7
8278,43157,2024-06-20,Not as Expected,4149.77,6
8279,25998,2024-06-27,Size Issue,3318.69,1
8280,48984,2024-10-24,Wrong Product,1169.89,8
8281,45727,2024-03-23,Size Issue,6285.06,5
8282,4580,2024-12-07,Damaged,413.76,2
8283,14297,2024-09-06,Not as Expected,1809.0,5
8284,12506,2024-06-21,Wrong Product,2841.53,2
8285,42282,2024-11-26,Late Delivery,1094.1,3
8286,24916,2024-07-03,Not as Expected,4127.31,3
8287,46837,2024-11-24,Wrong Product,2900.19,3
8288,15965,2024-12-26,Size Issue,1198.53,9
8289,33587,2024-08-30,Damaged,4751.56,9
8290,26918,2024-04-14,Late Delivery,688.7,6
8291,10342,2024-09-12,Damaged,1066.52,2
8292,34719,2024-10-18,Late Delivery,4444.11,7
8293,47643,2024-11-08,Wrong Product,2102.08,2
8294,36762,2024-10-22,Late Delivery,1946.0,4
8295,3966,2024-07-01,Not as Expected,5103.32,4
8296,18960,2024-05-19,Wrong Product,5905.38,8
8297,27273,2024-03-28,Not as Expected,1293.14,7
8298,15866,2024-08-13,Late Delivery,324.02,8
8299,22132,2024-09-18,Late Delivery,512.7,8
8300,6116,2024-04-19,Not as Expected,1549.91,9
8301,15526,2024-11-09,Not as Expected,4233.38,3
8302,34391,2024-07-26,Size Issue,3083.12,5
8303,32606,2024-08-12,Not as Expected,3978.27,8
8304,42002,2024-04-28,Damaged,3881.23,5
8305,27593,2024-05-19,Size Issue,3459.24,6
8306,31656,2024-10-21,Size Issue,6153.22,7
8307,33965,2024-07-06,Wrong Product,3810.67,7
8308,3303,2024-08-09,Wrong Product,7758.15,7
8309,42607,2024-12-31,Damaged,2218.75,1
8310,32620,2024-11-01,Late Delivery,6088.3,6
8311,28167,2024-05-02,Late Delivery,1019.75,3
8312,39815,2024-04-16,Wrong Product,1531.34,4
8313,27469,2024-08-25,Damaged,6912.66,5
8314,11437,2024-08-09,Damaged,3043.13,3
8315,36892,2024-10-23,Damaged,5113.65,6
8316,2306,2024-06-29,Damaged,5869.17,6
8317,12000,2024-10-10,Not as Expected,4375.4,6
8318,44003,2024-03-06,Size Issue,2014.38,3
8319,25730,2024-07-05,Size Issue,7790.4,2
8320,19367,2024-04-11,Wrong Product,3162.25,2
8321,15626,2024-11-23,Not as Expected,5756.7,9
8322,43691,2024-12-12,Late Delivery,4161.72,5
8323,8175,2024-07-30,Late Delivery,377.4,9
8324,40641,2024-02-16,Wrong Product,5611.45,3
8325,9052,2024-01-19,Late Delivery,4135.25,3
8326,38016,2024-06-25,Not as Expected,1660.16,9
8327,48020,2024-05-20,Late Delivery,4717.42,2
8328,2905,2024-03-04,Late Delivery,1792.4,5
8329,36652,2024-06-24,Late Delivery,802.38,3
8330,27646,2024-07-04,Size Issue,1773.34,4
8331,44685,2025-01-10,Size Issue,2562.12,1
8332,23422,2024-04-01,Size Issue,5059.82,9
8333,33518,2024-09-13,Size Issue,4280.33,7
8334,33466,2024-05-17,Size Issue,7692.8,8
8335,28062,2024-05-19,Damaged,5062.26,5
8336,17693,2024-08-02,Wrong Product,427.99,7
8337,44758,2024-12-02,Not as Expected,664.33,9
8338,16156,2024-06-26,Not as Expected,1537.57,4
8339,7839,2024-09-26,Not as Expected,6222.91,8
8340,8197,2024-08-04,Late Delivery,1747.48,1
8341,25423,2024-08-27,Damaged,5919.28,3
8342,27149,2024-03-18,Late Delivery,3937.43,6
8343,49012,2024-12-07,Size Issue,3898.37,7
8344,22759,2024-06-08,Size Issue,1275.34,2
8345,9827,2024-10-15,Late Delivery,1353.45,5
8346,168,2024-11-07,Late Delivery,3414.2,3
8347,24727,2024-07-02,Late Delivery,1673.42,5
8348,36520,2024-10-27,Damaged,715.08,3
8349,46142,2024-09-14,Wrong Product,3939.54,5
8350,12580,2024-12-06,Damaged,5020.78,1
8351,33359,2024-04-09,Wrong Product,3478.55,1
8352,43987,2024-07-31,Damaged,3903.46,8
8353,4237,2024-08-01,Not as Expected,3565.16,1
8354,25782,2024-07-03,Not as Expected,2354.56,8
8355,21326,2024-01-25,Size Issue,2286.42,7
8356,43947,2024-04-15,Late Delivery,1077.43,1
8357,13035,2024-01-21,Late Delivery,5947.96,4
8358,5977,2024-07-24,Wrong Product,6067.76,2
8359,28230,2025-01-04,Late Delivery,6515.14,2
8360,35138,2024-03-26,Late Delivery,1810.18,7
8361,2109,2024-12-05,Size Issue,5304.55,8
8362,29959,2024-12-10,Size Issue,5284.06,1
8363,2237,2024-10-20,Damaged,311.29,5
8364,4405,2024-08-04,Not as Expected,5812.08,2
8365,38672,2024-09-09,Late Delivery,3312.37,9
8366,13257,2024-06-26,Wrong Product,1417.87,8
8367,1880,2024-03-13,Late Delivery,5473.17,5
8368,46199,2024-04-21,Late Delivery,6761.21,7
8369,2381,2024-01-27,Wrong Product,2470.02,1
8370,35979,2024-10-28,Size Issue,1889.98,6
8371,36087,2024-06-11,Damaged,2527.48,2
8372,10372,2024-10-02,Damaged,1050.27,1
8373,623,2024-12-26,Size Issue,1574.02,4
8374,23571,2024-01-13,Damaged,4548.74,3
8375,11573,2024-03-22,Wrong Product,6427.43,6
8376,3558,2024-06-07,Not as Expected,4436.91,1
8377,11893,2024-09-23,Late Delivery,2730.88,5
8378,46310,2024-05-12,Late Delivery,6030.17,9
8379,15915,2024-09-28,Size Issue,4633.86,9
8380,38053,2024-08-05,Wrong Product,7113.75,5
8381,17898,2024-12-09,Size Issue,3774.92,4
8382,31083,2024-10-03,Damaged,2605.09,8
8383,49049,2024-11-09,Size Issue,6963.86,9
8384,49095,2024-07-31,Late Delivery,5602.72,6
8385,4586,2024-03-30,Wrong Product,1414.84,8
8386,30581,2024-07-07,Damaged,5470.79,8
8387,27803,2024-09-15,Damaged,5053.67,5
8388,48995,2024-07-30,Late Delivery,1990.7,2
8389,38198,2024-01-24,Late Delivery,5505.34,5
8390,43355,2024-05-23,Size Issue,1393.25,5
8391,27842,2024-07-23,Wrong Product,1169.67,6
8392,22745,2024-01-24,Damaged,3617.87,5
8393,2725,2024-04-05,Late Delivery,5615.77,2
8394,24531,2024-07-20,Wrong Product,2597.39,9
8395,48962,2024-08-13,Not as Expected,2942.29,1
8396,31276,2024-10-17,Wrong Product,7070.37,8
8397,39693,2024-10-31,Late Delivery,852.77,9
8398,13510,2024-05-27,Wrong Product,4375.04,3
8399,39344,2024-12-30,Not as Expected,1698.91,9
8400,1025,2024-04-14,Wrong Product,3570.13,9
8401,45184,2024-09-13,Not as Expected,6513.46,5
8402,31941,2024-06-15,Late Delivery,2049.18,7
8403,22244,2024-07-23,Size Issue,3558.71,4
8404,42336,2024-12-05,Size Issue,1803.52,1
8405,11931,2024-12-19,Not as Expected,858.5,1
8406,20993,2024-10-23,Late Delivery,6549.61,9
8407,41591,2024-04-02,Wrong Product,3695.54,1
8408,48001,2024-06-18,Wrong Product,6557.52,6
8409,1478,2024-03-21,Not as Expected,1154.28,4
8410,14402,2024-05-22,Damaged,448.62,5
8411,28476,2024-10-18,Late Delivery,4408.26,8
8412,4360,2024-09-01,Size Issue,5640.82,9
8413,7053,2024-11-26,Size Issue,875.14,5
8414,46036,2024-09-12,Wrong Product,4952.35,7
8415,17553,2024-11-03,Not as Expected,6101.31,9
8416,18330,2024-03-19,Late Delivery,1967.94,7
8417,43682,2024-10-25,Wrong Product,1689.91,3
8418,5539,2024-03-14,Not as Expected,1244.8,8
8419,5535,2024-06-18,Late Delivery,4137.51,3
8420,36769,2024-05-17,Damaged,3754.12,1
8421,22340,2024-08-01,Not as Expected,5434.96,4
8422,36912,2024-06-09,Damaged,4873.55,2
8423,29893,2024-12-09,Size Issue,1130.94,6
8424,43892,2024-05-24,Late Delivery,3639.86,5
8425,1400,2024-12-17,Late Delivery,5520.66,4
8426,49808,2024-11-25,Size Issue,7617.03,7
8427,25780,2024-02-15,Wrong Product,1970.51,3
8428,44815,2024-05-24,Not as Expected,1159.41,6
8429,47256,2024-07-29,Damaged,8179.68,6
8430,47986,2024-11-19,Size Issue,4002.02,2
8431,37602,2024-01-20,Late Delivery,4270.08,5
8432,29022,2024-04-01,Size Issue,3351.98,9
8433,39254,2024-10-05,Damaged,1769.04,4
8434,49716,2024-12-20,Late Delivery,619.01,5
8435,44204,2024-06-16,Wrong Product,6737.62,6
8436,11203,2024-01-13,Not as Expected,2427.05,9
8437,30901,2024-03-08,Wrong Product,2782.7,4
8438,38259,2024-08-29,Not as Expected,4555.87,7
8439,15803,2024-07-06,Late Delivery,6115.67,2
8440,41335,2024-11-16,Not as Expected,7305.88,8
8441,35204,2024-12-26,Damaged,5436.71,5
8442,18992,2024-04-25,Wrong Product,2866.73,2
8443,12026,2024-01-31,Size Issue,6646.28,5
8444,47532,2024-03-19,Size Issue,6408.38,5
8445,34974,2024-04-04,Not as Expected,6686.02,9
8446,3707,2024-06-29,Late Delivery,669.37,6
8447,45596,2024-09-05,Wrong Product,939.48,1
8448,48982,2024-08-19,Size Issue,3832.51,1
8449,19152,2024-10-29,Wrong Product,2775.42,5
8450,12285,2024-08-16,Size Issue,5402.82,5
8451,22342,2024-11-22,Damaged,5441.44,8
8452,49800,2024-11-11,Size Issue,2752.67,2
8453,14576,2024-04-12,Size Issue,2274.85,2
8454,19247,2024-11-10,Not as Expected,3418.54,7
8455,15871,2024-02-01,Wrong Product,4599.17,8
8456,36902,2024-10-27,Late Delivery,6407.33,5
8457,1341,2024-02-29,Damaged,6349.95,3
8458,16643,2024-01-26,Damaged,3078.67,1
8459,14191,2024-04-28,Damaged,3064.0,2
8460,23865,2024-04-12,Not as Expected,8338.87,5
8461,27804,2024-07-24,Damaged,6149.52,9
8462,10000,2024-02-01,Late Delivery,5958.93,7
8463,32986,2024-10-21,Damaged,662.29,3
8464,1747,2024-02-13,Damaged,2081.95,2
8465,12561,2024-06-21,Wrong Product,6360.22,8
8466,18540,2024-05-25,Wrong Product,1423.13,9
8467,14985,2024-09-06,Size Issue,2110.84,4
8468,27211,2024-01-29,Not as Expected,5733.92,9
8469,34434,2024-04-22,Wrong Product,1793.57,8
8470,22302,2024-11-07,Wrong Product,2655.93,4
8471,24671,2024-11-28,Late Delivery,1996.7,8
8472,46436,2024-07-25,Not as Expected,4022.13,8
8473,10699,2024-05-08,Wrong Product,2060.5,2
8474,10877,2024-05-02,Late Delivery,7384.89,4
8475,32253,2024-04-15,Damaged,1288.1,9
8476,44282,2024-01-19,Size Issue,3481.73,3
8477,17737,2024-01-10,Wrong Product,6982.29,1
8478,10973,2024-06-18,Late Delivery,3806.75,2
8479,6728,2024-04-24,Not as Expected,2428.49,7
8480,44184,2024-11-14,Late Delivery,1219.94,3
8481,14945,2024-02-04,Damaged,5127.6,8
8482,49356,2024-10-26,Late Delivery,2240.91,2
8483,31092,2024-12-16,Not as Expected,1280.78,6
8484,27864,2024-05-26,Wrong Product,3064.22,5
8485,38917,2024-02-23,Not as Expected,2155.16,9
8486,23883,2024-12-05,Damaged,5313.83,7
8487,29706,2024-07-01,Damaged,6287.17,8
8488,44702,2024-08-22,Late Delivery,2155.92,6
8489,24059,2024-10-05,Damaged,3882.31,2
8490,3396,2024-05-30,Damaged,1132.12,9
8491,5620,2024-02-12,Damaged,5661.32,9
8492,45350,2024-10-10,Size Issue,2307.72,5
8493,10848,2024-02-19,Wrong Product,6860.72,1
8494,11326,2024-02-24,Wrong Product,318.2,5
8495,9940,2024-03-21,Damaged,7565.0,3
8496,39292,2024-12-28,Wrong Product,3946.51,9
8497,41309,2024-01-22,Not as Expected,4172.01,2
8498,44978,2024-11-16,Damaged,3764.87,1
8499,8719,2024-06-05,Wrong Product,4341.44,1
8500,31088,2024-04-11,Size Issue,6672.28,7
8501,43201,2024-08-04,Late Delivery,6959.12,5
8502,49198,2024-08-24,Damaged,3091.51,5
8503,38577,2024-10-08,Late Delivery,2683.66,4
8504,27816,2024-08-12,Size Issue,1204.23,1
8505,4479,2024-09-19,Damaged,6333.89,1
8506,18973,2024-07-01,Not as Expected,5638.98,9
8507,5038,2024-10-01,Damaged,1139.7,3
8508,46298,2024-08-14,Wrong Product,4188.96,3
8509,30151,2024-01-22,Wrong Product,3725.69,6
8510,42305,2024-11-22,Damaged,2606.83,1
8511,4496,2024-09-27,Not as Expected,2837.78,3
8512,14180,2024-11-09,Not as Expected,2051.84,9
8513,14760,2024-03-07,Wrong Product,3405.18,2
8514,6112,2024-06-21,Late Delivery,3798.5,5
8515,24843,2024-11-13,Late Delivery,5990.11,7
8516,10047,2024-08-19,Not as Expected,410.12,1
8517,40463,2025-01-08,Not as Expected,2028.4,5
8518,40784,2024-03-02,Not as Expected,3102.76,5
8519,47010,2025-01-08,Size Issue,5930.36,6
8520,11242,2024-12-08,Size Issue,743.28,9
8521,11426,2024-10-12,Not as Expected,6212.75,2
8522,24443,2024-11-28,Wrong Product,3880.76,3
8523,3910,2024-07-17,Damaged,5451.91,1
8524,9558,2024-06-29,Size Issue,845.62,2
8525,18509,2024-10-12,Damaged,501.17,1
8526,1998,2024-08-14,Size Issue,1900.64,5
8527,8474,2024-06-19,Wrong Product,4945.84,2
8528,9706,2024-07-09,Damaged,3924.22,3
8529,23997,2024-06-10,Wrong Product,422.51,6
8530,38987,2024-02-11,Wrong Product,7169.23,6
8531,4264,2024-03-20,Late Delivery,2705.26,2
8532,25963,2024-04-17,Late Delivery,5599.95,4
8533,29658,2024-05-18,Damaged,1631.8,4
8534,15263,2024-05-15,Size Issue,4513.55,5
8535,19896,2024-02-09,Not as Expected,1554.83,2
8536,20633,2024-02-22,Late Delivery,3223.35,1
8537,46865,2024-12-01,Not as Expected,2087.01,7
8538,48109,2024-01-22,Wrong Product,1478.87,2
8539,20888,2024-08-28,Wrong Product,4082.13,6
8540,9912,2024-05-30,Damaged,5335.23,2
8541,5859,2024-02-12,Wrong Product,1200.78,7
8542,30346,2024-05-11,Damaged,2387.59,3
8543,40523,2024-05-20,Size Issue,2232.46,6
8544,27418,2024-08-07,Size Issue,1938.04,4
8545,11228,2024-03-12,Size Issue,4462.07,2
8546,17162,2024-07-18,Size Issue,3093.56,8
8547,36800,2024-05-14,Late Delivery,5373.88,4
8548,49171,2024-06-21,Late Delivery,7098.85,2
8549,19674,2024-10-19,Late Delivery,3741.98,1
8550,15029,2024-04-29,Wrong Product,2077.58,5
8551,5697,2024-03-19,Late Delivery,309.65,5
8552,25866,2024-07-24,Not as Expected,707.44,6
8553,34119,2024-11-19,Size Issue,7917.45,5
8554,46554,2024-08-20,Damaged,7483.63,7
8555,18869,2024-10-08,Wrong Product,3188.66,5
8556,15808,2024-09-14,Late Delivery,3571.87,2
8557,25010,2024-11-05,Damaged,6258.07,1
8558,37286,2024-08-13,Damaged,2925.22,5
8559,32278,2024-11-01,Damaged,595.18,1
8560,15149,2024-12-28,Size Issue,4884.43,5
8561,30324,2024-02-23,Not as Expected,4498.52,9
8562,29312,2024-02-25,Size Issue,4260.12,6
8563,15163,2024-07-22,Damaged,5434.88,8
8564,6057,2024-02-13,Size Issue,514.81,6
8565,27367,2024-07-31,Late Delivery,7516.55,9
8566,43400,2024-07-08,Wrong Product,4261.14,7
8567,31230,2024-08-22,Size Issue,7272.77,5
8568,5662,2024-09-23,Wrong Product,5826.75,4
8569,9054,2024-01-08,Not as Expected,2222.94,1
8570,24769,2024-08-09,Not as Expected,2712.46,6
8571,26697,2024-07-15,Wrong Product,3907.54,3
8572,49897,2024-03-09,Late Delivery,913.18,6
8573,34486,2024-06-04,Late Delivery,777.06,2
8574,45752,2024-12-02,Damaged,245.32,6
8575,10265,2024-02-02,Not as Expected,3675.53,8
8576,23182,2024-07-12,Not as Expected,430.85,1
8577,21390,2024-12-05,Damaged,809.5,7
8578,5727,2024-12-18,Late Delivery,3819.09,4
8579,19109,2024-02-12,Size Issue,770.53,1
8580,3862,2024-06-17,Size Issue,5351.18,7
8581,25408,2024-10-26,Size Issue,1173.75,7
8582,3681,2024-01-15,Size Issue,6062.18,2
8583,37353,2024-03-08,Not as Expected,5006.76,6
8584,46234,2024-08-08,Not as Expected,3501.41,5
8585,37316,2024-12-14,Late Delivery,5804.73,5
8586,18734,2024-05-14,Wrong Product,5315.37,1
8587,43344,2024-11-16,Not as Expected,4600.41,9
8588,8026,2024-03-30,Damaged,4339.53,8
8589,49190,2024-11-06,Size Issue,3841.65,8
8590,1195,2024-11-14,Damaged,4768.0,8
8591,2624,2024-02-21,Not as Expected,5576.04,8
8592,15643,2024-07-09,Late Delivery,2640.11,6
8593,11848,2024-02-26,Not as Expected,6420.08,9
8594,27348,2024-08-03,Wrong Product,2723.09,4
8595,5853,2024-03-02,Wrong Product,983.94,9
8596,30325,2024-12-19,Not as Expected,2911.54,3
8597,40031,2024-04-18,Size Issue,2182.47,5
8598,23848,2024-01-15,Size Issue,949.01,1
8599,49373,2024-12-23,Not as Expected,5358.68,9
8600,42125,2024-12-25,Wrong Product,1900.38,3
8601,10258,2024-08-05,Late Delivery,5566.77,8
8602,16763,2024-04-19,Late Delivery,5936.4,6
8603,24555,2024-09-28,Damaged,7849.33,3
8604,33116,2024-12-12,Late Delivery,4031.61,1
8605,4569,2024-02-25,Late Delivery,4631.86,4
8606,49803,2024-10-23,Damaged,3004.16,9
8607,22406,2024-07-05,Late Delivery,4159.37,4
8608,33358,2024-02-06,Damaged,6440.32,6
8609,25064,2024-04-14,Size Issue,4865.65,6
8610,9352,2024-10-27,Wrong Product,2335.25,9
8611,35324,2024-07-21,Size Issue,5497.87,1
8612,26545,2024-06-14,Wrong Product,1102.82,1
8613,30664,2024-01-27,Wrong Product,4938.73,9
8614,19797,2024-04-23,Damaged,635.45,4
8615,19181,2024-08-16,Not as Expected,1379.49,7
8616,25965,2024-07-19,Damaged,1037.91,6
8617,12134,2024-11-27,Late Delivery,2783.06,1
8618,20344,2024-11-24,Not as Expected,6273.14,1
8619,21728,2024-11-09,Not as Expected,5020.48,8
8620,407,2024-07-26,Wrong Product,5176.53,6
8621,7208,2024-01-30,Size Issue,3146.63,3
8622,1065,2024-03-06,Size Issue,3045.18,8
8623,46504,2024-08-04,Not as Expected,8214.15,7
8624,7640,2024-05-09,Size Issue,1404.85,9
8625,33993,2024-12-21,Damaged,2773.15,2
8626,29620,2024-08-01,Damaged,2337.48,7
8627,31068,2024-12-28,Wrong Product,4797.41,8
8628,39370,2024-03-16,Damaged,3096.69,1
8629,7974,2024-11-21,Not as Expected,3318.06,1
8630,43979,2024-01-20,Late Delivery,4560.88,8
8631,5271,2024-03-28,Not as Expected,669.39,3
8632,38765,2024-04-27,Damaged,6825.19,5
8633,47956,2024-03-16,Damaged,1104.44,4
8634,12854,2024-11-17,Size Issue,4420.13,9
8635,39113,2024-02-06,Size Issue,5760.04,3
8636,49478,2024-12-22,Not as Expected,2806.77,2
8637,21696,2024-11-15,Late Delivery,5993.41,3
8638,30113,2024-07-26,Wrong Product,5910.22,6
8639,28541,2024-06-09,Wrong Product,4119.45,6
8640,20268,2024-06-30,Size Issue,1393.74,4
8641,43381,2024-11-21,Damaged,6071.43,1
8642,8320,2024-09-26,Damaged,2557.05,2
8643,46874,2024-07-29,Damaged,5551.54,9
8644,9328,2024-10-15,Size Issue,2391.74,6
8645,49231,2024-10-09,Late Delivery,7408.02,5
8646,40644,2024-11-20,Damaged,3259.97,7
8647,13017,2024-02-17,Wrong Product,5677.9,8
8648,28467,2024-12-16,Wrong Product,4861.12,5
8649,26113,2024-03-25,Damaged,3426.63,1
8650,33817,2024-03-29,Size Issue,3832.4,5
8651,42033,2024-05-31,Wrong Product,5684.25,4
8652,11546,2024-10-20,Size Issue,1461.95,3
8653,7588,2024-06-25,Wrong Product,581.98,5
8654,27581,2024-03-06,Size Issue,2652.75,3
8655,4862,2024-06-07,Size Issue,1048.91,9
8656,42393,2024-12-25,Damaged,2620.6,3
8657,25663,2024-08-30,Late Delivery,529.9,3
8658,11056,2024-10-17,Size Issue,2018.06,9
8659,4633,2024-09-16,Wrong Product,996.85,6
8660,46849,2024-12-29,Late Delivery,2048.09,5
8661,47415,2024-03-12,Size Issue,359.29,2
8662,26019,2025-01-03,Damaged,5321.81,5
8663,36855,2024-12-01,Damaged,7561.04,7
8664,10549,2024-04-29,Size Issue,573.62,2
8665,11949,2024-04-16,Damaged,1705.1,1
8666,23552,2024-09-27,Late Delivery,2003.92,1
8667,11782,2024-08-14,Damaged,2965.26,2
8668,37780,2024-11-30,Size Issue,6019.51,7
8669,30261,2024-08-22,Wrong Product,4175.96,3
8670,49507,2024-03-29,Wrong Product,1255.54,4
8671,19378,2024-11-06,Size Issue,1294.26,3
8672,31396,2024-10-14,Damaged,4986.49,9
8673,30487,2024-02-08,Size Issue,1212.97,4
8674,17719,2024-04-13,Damaged,2931.5,6
8675,811,2024-10-20,Not as Expected,8361.41,7
8676,42904,2024-04-09,Wrong Product,4527.55,4
8677,34656,2024-12-04,Wrong Product,3921.27,3
8678,3565,2024-08-17,Wrong Product,1970.89,4
8679,45997,2024-01-26,Late Delivery,6371.05,1
8680,5644,2024-11-10,Late Delivery,7000.53,5
8681,34460,2024-12-10,Damaged,1398.38,3
8682,25209,2024-03-28,Damaged,5458.09,8
8683,10275,2024-07-13,Late Delivery,1549.23,5
8684,44636,2024-12-14,Late Delivery,3898.63,8
8685,22632,2024-11-14,Damaged,4102.86,9
8686,9638,2024-10-01,Wrong Product,1071.94,6
8687,24510,2024-02-09,Size Issue,2619.9,3
8688,33832,2024-11-11,Wrong Product,4186.68,7
8689,30567,2024-09-08,Size Issue,1848.53,5
8690,15586,2024-02-04,Not as Expected,6749.7,8
8691,38151,2024-03-08,Late Delivery,260.61,8
8692,33242,2024-09-26,Late Delivery,2002.15,9
8693,42205,2024-05-04,Not as Expected,3115.08,4
8694,3155,2024-05-22,Damaged,1157.69,2
8695,43004,2024-06-01,Wrong Product,2129.92,7
8696,30488,2024-09-11,Size Issue,416.52,5
8697,46989,2024-10-26,Late Delivery,7563.96,8
8698,49460,2024-07-12,Damaged,1077.45,7
8699,18484,2024-09-28,Late Delivery,6414.79,1
8700,4588,2024-01-27,Not as Expected,486.3,5
8701,7259,2024-04-22,Damaged,1048.49,4
8702,16981,2024-07-17,Late Delivery,5293.09,3
8703,37356,2024-12-03,Wrong Product,6018.92,9
8704,18333,2024-02-25,Damaged,2433.52,4
8705,30794,2024-04-08,Not as Expected,3535.14,7
8706,28964,2024-10-23,Not as Expected,5488.67,3
8707,29356,2024-02-03,Late Delivery,1756.93,1
8708,18808,2024-03-28,Not as Expected,1174.93,6
8709,32132,2024-09-09,Size Issue,2828.86,8
8710,31711,2024-06-27,Wrong Product,4655.41,9
8711,6352,2024-08-05,Size Issue,4012.85,3
8712,32873,2024-09-10,Damaged,1951.04,5
8713,11253,2024-01-21,Late Delivery,3961.84,7
8714,32565,2024-07-12,Not as Expected,5289.92,4
8715,15844,2024-07-30,Late Delivery,922.69,4
8716,47702,2024-12-21,Late Delivery,6306.86,2
8717,17782,2024-06-16,Not as Expected,2314.96,5
8718,30442,2024-04-04,Damaged,4744.25,2
8719,10110,2024-02-05,Damaged,1693.55,8
8720,18659,2025-01-02,Damaged,1567.34,5
8721,16591,2024-01-25,Not as Expected,5833.3,8
8722,32202,2024-12-23,Not as Expected,2929.59,2
8723,3120,2024-04-26,Not as Expected,5839.51,2
8724,15059,2024-08-06,Not as Expected,5367.59,5
8725,30304,2024-11-23,Size Issue,4071.46,2
8726,3938,2024-11-01,Not as Expected,1440.47,4
8727,46481,2024-07-01,Late Delivery,2947.0,2
8728,27356,2024-04-15,Late Delivery,2350.7,5
8729,40074,2024-02-07,Wrong Product,1356.19,7
8730,1260,2024-12-31,Late Delivery,4293.0,6
8731,27027,2024-06-22,Late Delivery,1161.74,6
8732,46638,2024-02-08,Size Issue,5685.4,9
8733,4279,2024-12-01,Not as Expected,4870.73,8
8734,37997,2024-06-08,Size Issue,4699.07,5
8735,1559,2024-03-22,Size Issue,6171.08,5
8736,45423,2024-04-20,Damaged,3121.79,2
8737,30634,2024-03-25,Late Delivery,4730.72,7
8738,1563,2024-05-15,Damaged,5455.78,1
8739,43606,2024-02-17,Size Issue,5840.94,6
8740,34405,2024-09-20,Wrong Product,5023.99,8
8741,77,2024-09-22,Wrong Product,257.55,9
8742,8819,2024-08-05,Late Delivery,6435.02,2
8743,22559,2024-10-20,Damaged,1872.33,4
8744,48138,2024-08-11,Damaged,1758.57,5
8745,46529,2024-06-23,Size Issue,2358.94,8
8746,16645,2024-08-12,Late Delivery,3709.09,5
8747,40935,2024-07-20,Late Delivery,4864.26,9
8748,46720,2024-03-15,Not as Expected,3639.85,2
8749,43826,2024-06-30,Late Delivery,4047.22,7
8750,45323,2024-09-30,Late Delivery,3140.25,3
8751,13437,2024-02-10,Damaged,5796.47,8
8752,17197,2024-06-05,Size Issue,1451.16,2
8753,12127,2025-01-04,Late Delivery,1452.4,1
8754,4655,2024-07-21,Late Delivery,1235.88,6
8755,21647,2024-10-03,Size Issue,5462.86,8
8756,43008,2024-02-17,Wrong Product,3419.4,4
8757,42199,2024-12-20,Size Issue,1423.94,1
8758,2601,2024-04-07,Damaged,3973.76,7
8759,40162,2024-04-23,Late Delivery,3468.02,6
8760,7267,2024-02-01,Not as Expected,5148.22,4
8761,43191,2024-02-15,Not as Expected,3041.61,9
8762,33812,2024-04-12,Size Issue,777.24,2
8763,41199,2024-12-01,Late Delivery,5874.99,8
8764,45817,2024-12-21,Damaged,5341.27,4
8765,4869,2024-12-14,Wrong Product,4474.83,9
8766,41104,2024-09-14,Damaged,3373.97,5
8767,12797,2024-01-07,Late Delivery,2767.06,6
8768,39719,2024-10-12,Not as Expected,6982.22,5
8769,38875,2024-11-22,Wrong Product,1585.97,3
8770,45450,2024-05-03,Late Delivery,1711.46,4
8771,46494,2024-07-25,Size Issue,6308.38,3
8772,41945,2024-06-12,Not as Expected,5796.55,2
8773,30832,2024-02-18,Wrong Product,4254.88,6
8774,36285,2024-04-09,Late Delivery,446.73,1
8775,25723,2024-03-22,Wrong Product,4190.5,6
8776,31260,2024-12-26,Size Issue,1714.46,9
8777,23645,2024-11-18,Size Issue,6071.45,4
8778,41773,2024-09-26,Damaged,2900.94,5
8779,12270,2024-11-21,Not as Expected,1375.86,4
8780,41982,2024-11-24,Not as Expected,4249.45,4
8781,45380,2024-10-18,Late Delivery,498.64,1
8782,39601,2024-02-17,Late Delivery,4577.19,1
8783,1526,2024-11-25,Wrong Product,4585.8,7
8784,32532,2024-05-19,Not as Expected,4123.6,5
8785,8626,2024-05-10,Late Delivery,1607.82,7
8786,41800,2024-04-11,Damaged,3568.35,1
8787,11381,2024-04-20,Late Delivery,2689.97,6
8788,19761,2024-10-05,Damaged,2845.86,9
8789,7801,2024-10-12,Not as Expected,4664.27,6
8790,49213,2024-03-21,Damaged,4669.75,7
8791,30158,2024-09-29,Late Delivery,4015.12,1
8792,33424,2024-11-21,Late Delivery,4252.8,4
8793,49786,2024-05-29,Wrong Product,3952.94,1
8794,5366,2024-03-27,Damaged,2551.59,2
8795,36373,2024-05-23,Wrong Product,5700.69,5
8796,35360,2024-10-06,Size Issue,5230.86,9
8797,22730,2024-02-24,Damaged,3817.89,5
8798,7090,2024-10-01,Wrong Product,6057.51,3
8799,9509,2024-11-22,Late Delivery,1562.88,4
8800,2824,2024-12-30,Late Delivery,6748.44,1
8801,16601,2024-05-04,Size Issue,1809.55,7
8802,33694,2024-12-08,Wrong Product,4146.03,6
8803,48638,2024-12-20,Wrong Product,5454.66,1
8804,35686,2024-10-30,Late Delivery,646.75,2
8805,23086,2024-11-22,Not as Expected,1458.29,4
8806,13247,2024-07-21,Late Delivery,702.5,7
8807,41078,2024-07-27,Size Issue,4298.25,3
8808,42151,2024-11-07,Not as Expected,7418.03,1
8809,27269,2024-08-25,Late Delivery,411.11,4
8810,696,2024-08-11,Late Delivery,5896.43,1
8811,11209,2024-12-16,Damaged,2215.1,2
8812,30004,2024-07-13,Size Issue,5261.8,7
8813,47856,2024-11-10,Not as Expected,6090.6,7
8814,43482,2024-07-13,Wrong Product,7587.77,3
8815,12846,2024-11-25,Wrong Product,6057.94,7
8816,36669,2024-01-29,Size Issue,5704.23,3
8817,1621,2024-05-07,Wrong Product,6366.57,2
8818,20357,2024-11-06,Size Issue,3582.66,4
8819,48176,2024-10-01,Not as Expected,1630.24,7
8820,26568,2024-09-17,Wrong Product,342.26,1
8821,45980,2024-01-13,Damaged,1996.24,4
8822,48005,2025-01-08,Size Issue,7094.42,4
8823,3976,2024-03-12,Damaged,6014.02,2
8824,257,2024-02-21,Size Issue,482.15,2
8825,33781,2024-05-30,Wrong Product,6612.9,6
8826,36646,2024-09-18,Wrong Product,4146.52,7
8827,30477,2024-11-02,Size Issue,5011.14,8
8828,24511,2024-02-06,Size Issue,7268.59,3
8829,12993,2024-11-19,Late Delivery,560.42,1
8830,22988,2025-01-09,Late Delivery,2727.34,1
8831,36476,2024-07-17,Damaged,6956.61,5
8832,7678,2024-12-14,Wrong Product,3221.8,4
8833,33747,2024-05-17,Not as Expected,4434.5,8
8834,34704,2024-08-18,Not as Expected,505.71,1
8835,38933,2024-12-29,Not as Expected,1634.07,6
8836,12970,2024-10-30,Size Issue,4876.06,5
8837,6783,2024-01-07,Damaged,475.84,3
8838,40279,2024-10-22,Damaged,4922.37,2
8839,31863,2024-03-25,Size Issue,2983.99,9
8840,11803,2024-10-20,Damaged,5494.81,1
8841,4253,2024-12-29,Late Delivery,7030.35,1
8842,30316,2025-01-03,Damaged,4471.0,5
8843,17125,2024-07-04,Size Issue,4970.1,5
8844,10779,2024-01-13,Not as Expected,3240.74,1
8845,7392,2024-02-19,Damaged,1636.48,7
8846,42599,2024-01-31,Not as Expected,303.03,7
8847,9648,2024-06-08,Not as Expected,2795.7,8
8848,46496,2024-08-18,Size Issue,3970.2,6
8849,10596,2024-04-24,Damaged,4519.82,6
8850,24321,2024-09-23,Wrong Product,1526.82,4
8851,12030,2024-12-01,Wrong Product,6020.46,8
8852,31606,2024-05-23,Size Issue,1520.41,4
8853,40955,2024-03-30,Not as Expected,275.91,5
8854,29464,2024-11-13,Not as Expected,1801.25,3
8855,2205,2024-12-10,Late Delivery,406.99,4
8856,20049,2024-06-08,Not as Expected,2062.43,8
8857,49468,2024-06-22,Size Issue,6612.2,8
8858,529,2024-12-27,Damaged,6447.48,7
8859,28676,2024-08-01,Late Delivery,495.05,4
8860,12551,2024-08-28,Late Delivery,6294.19,2
8861,224,2024-12-25,Damaged,6268.95,4
8862,40591,2024-03-22,Size Issue,4648.18,2
8863,19369,2024-09-08,Not as Expected,5560.6,6
8864,29271,2024-06-30,Wrong Product,3611.56,9
8865,26155,2024-06-24,Size Issue,5003.95,6
8866,3650,2024-11-21,Damaged,3727.36,8
8867,7044,2024-08-12,Not as Expected,2083.39,9
8868,41422,2024-01-23,Not as Expected,7434.58,6
8869,18220,2024-09-04,Wrong Product,1746.44,2
8870,41952,2024-10-21,Size Issue,358.89,9
8871,7985,2024-03-15,Not as Expected,937.37,4
8872,14801,2024-09-23,Not as Expected,4080.87,4
8873,8635,2024-08-06,Wrong Product,2972.64,7
8874,49959,2024-08-08,Size Issue,1956.81,1
8875,31920,2024-03-29,Wrong Product,5164.37,3
8876,6301,2024-04-17,Wrong Product,6467.55,4
8877,22246,2024-08-07,Size Issue,4417.65,9
8878,4564,2024-09-08,Damaged,7511.54,8
8879,37064,2024-07-20,Wrong Product,853.62,2
8880,13693,2024-12-11,Size Issue,2189.56,2
8881,36959,2024-01-16,Damaged,3321.99,4
8882,24904,2024-11-16,Damaged,1725.12,6
8883,38287,2024-04-07,Damaged,2682.28,4
8884,24672,2024-08-12,Size Issue,2115.09,3
8885,6472,2024-11-18,Size Issue,2093.15,2
8886,17803,2024-10-17,Late Delivery,3851.03,4
8887,24494,2024-09-15,Wrong Product,3770.1,4
8888,36254,2024-05-17,Late Delivery,5504.34,6
8889,37698,2024-05-16,Late Delivery,3336.46,7
8890,39138,2024-04-24,Late Delivery,1492.24,6
8891,5804,2024-12-04,Damaged,6693.84,3
8892,33107,2024-02-25,Size Issue,496.14,9
8893,8187,2024-04-03,Not as Expected,5078.64,7
8894,45542,2024-05-03,Wrong Product,4833.89,5
8895,33885,2024-03-15,Wrong Product,5438.42,9
8896,24756,2024-09-24,Not as Expected,6109.89,4
8897,47135,2024-12-27,Late Delivery,8117.95,6
8898,4918,2025-01-02,Damaged,848.86,6
8899,28705,2024-09-01,Late Delivery,3207.24,2
8900,18681,2024-06-22,Wrong Product,4717.78,2
8901,1176,2024-08-26,Damaged,4741.06,7
8902,44873,2024-06-02,Wrong Product,3147.71,7
8903,47212,2024-09-02,Not as Expected,2731.04,6
8904,15731,2024-06-13,Wrong Product,1981.63,1
8905,47540,2024-09-27,Damaged,4912.19,5
8906,2799,2024-06-26,Late Delivery,4076.26,8
8907,37975,2024-04-09,Size Issue,1541.89,4
8908,15335,2024-05-31,Damaged,4364.26,1
8909,41881,2024-08-25,Wrong Product,1878.08,5
8910,42747,2024-12-30,Size Issue,1381.17,2
8911,9355,2024-04-11,Late Delivery,4360.78,2
8912,11344,2024-10-16,Wrong Product,5239.33,7
8913,2382,2024-06-06,Damaged,3537.39,3
8914,609,2024-10-03,Not as Expected,469.24,9
8915,20317,2024-06-01,Size Issue,6952.27,7
8916,43539,2024-09-11,Damaged,1165.71,1
8917,32094,2024-01-29,Late Delivery,4160.98,6
8918,2183,2024-05-28,Not as Expected,2094.94,1
8919,49461,2024-09-20,Damaged,4379.0,3
8920,14822,2024-03-16,Wrong Product,3474.3,1
8921,45162,2024-09-18,Damaged,4335.41,4
8922,12932,2024-04-29,Wrong Product,3702.89,8
8923,25138,2024-09-23,Wrong Product,5537.41,2
8924,27956,2024-02-02,Late Delivery,4297.76,2
8925,40471,2024-03-15,Wrong Product,522.0,5
8926,36883,2025-01-03,Wrong Product,1309.01,5
8927,45131,2024-07-07,Damaged,6429.75,5
8928,13569,2024-01-31,Late Delivery,6053.28,2
8929,41249,2024-10-17,Not as Expected,6910.05,8
8930,17239,2024-09-02,Size Issue,596.47,9
8931,32299,2024-08-22,Damaged,2080.94,1
8932,42964,2024-03-14,Not as Expected,4357.67,8
8933,38535,2024-07-22,Late Delivery,1372.73,6
8934,40123,2024-08-21,Wrong Product,5774.01,6
8935,21590,2024-02-24,Wrong Product,1605.47,1
8936,16407,2024-11-05,Wrong Product,3413.74,2
8937,32599,2024-06-04,Late Delivery,3671.01,4
8938,15393,2024-05-29,Wrong Product,680.43,5
8939,2538,2024-10-26,Size Issue,1371.71,6
8940,546,2024-09-17,Wrong Product,3774.08,9
8941,12695,2024-10-28,Not as Expected,1131.62,3
8942,16437,2024-04-19,Not as Expected,1095.81,2
8943,44043,2024-12-21,Damaged,3069.24,1
8944,19981,2024-11-06,Wrong Product,4463.91,1
8945,42788,2024-08-01,Wrong Product,8898.26,5
8946,32906,2024-02-21,Size Issue,1798.15,4
8947,11543,2024-01-28,Damaged,616.2,6
8948,33028,2024-09-06,Not as Expected,5750.7,3
8949,733,2024-11-16,Not as Expected,2138.17,6
8950,21572,2024-09-19,Damaged,1350.42,1
8951,43106,2024-08-25,Late Delivery,1797.84,6
8952,45836,2024-09-07,Size Issue,488.14,9
8953,15990,2024-04-26,Size Issue,4366.46,6
8954,45074,2024-07-06,Late Delivery,6256.13,5
8955,12252,2024-06-18,Not as Expected,4466.05,4
8956,4081,2024-08-01,Not as Expected,392.38,3
8957,35653,2024-04-17,Wrong Product,4254.79,7
8958,30223,2024-04-24,Late Delivery,4976.56,7
8959,31756,2024-05-18,Late Delivery,6499.06,8
8960,11065,2024-01-14,Size Issue,2707.03,9
8961,6460,2024-07-02,Size Issue,5050.93,5
8962,2443,2024-02-08,Damaged,365.65,2
8963,10019,2024-08-22,Late Delivery,4909.16,3
8964,32010,2024-02-20,Wrong Product,2045.49,2
8965,33118,2024-12-01,Not as Expected,3966.06,2
8966,25796,2024-08-02,Wrong Product,1201.29,7
8967,11064,2024-04-27,Wrong Product,1245.64,2
8968,951,2024-03-05,Not as Expected,4353.92,5
8969,21058,2024-07-18,Late Delivery,536.18,4
8970,17117,2024-06-10,Late Delivery,290.12,5
8971,19771,2024-04-16,Wrong Product,6441.6,9
8972,47785,2024-11-22,Not as Expected,3696.63,9
8973,16317,2024-09-30,Wrong Product,3586.97,6
8974,14024,2024-02-21,Late Delivery,6162.79,1
8975,11955,2024-10-04,Size Issue,3502.42,8
8976,37091,2024-05-28,Wrong Product,1733.98,4
8977,11981,2024-08-08,Size Issue,5213.9,6
8978,20426,2024-07-04,Wrong Product,4469.84,4
8979,9398,2024-09-15,Not as Expected,1537.98,3
8980,41468,2024-10-17,Size Issue,4352.07,2
8981,33064,2024-03-02,Size Issue,3668.44,2
8982,23485,2024-08-11,Not as Expected,1506.5,9
8983,48606,2024-10-03,Damaged,1953.52,1
8984,8287,2024-10-20,Wrong Product,4822.56,1
8985,3575,2024-04-24,Damaged,4854.45,3
8986,20705,2024-07-17,Size Issue,2926.91,4
8987,45124,2024-05-02,Wrong Product,5642.1,5
8988,39035,2024-02-14,Size Issue,280.07,9
8989,5096,2024-07-29,Damaged,5459.72,1
8990,5151,2024-04-16,Wrong Product,1694.93,1
8991,20536,2024-09-21,Wrong Product,434.32,2
8992,35281,2024-07-08,Not as Expected,4784.2,1
8993,36284,2024-06-07,Wrong Product,5498.18,2
8994,34155,2024-11-26,Size Issue,4888.96,5
8995,16727,2024-08-01,Late Delivery,7370.15,4
8996,28173,2024-09-09,Late Delivery,2466.11,4
8997,1841,2024-08-01,Wrong Product,1661.36,9
8998,44929,2024-05-24,Damaged,1521.99,9
8999,33764,2024-03-06,Not as Expected,4194.56,9
9000,21685,2024-05-17,Not as Expected,5199.3,2
9001,12446,2024-01-27,Wrong Product,5168.28,9
9002,45097,2024-11-01,Size Issue,3561.51,6
9003,18482,2024-11-17,Size Issue,6660.36,3
9004,4643,2024-05-21,Size Issue,431.85,5
9005,27583,2024-07-31,Wrong Product,3806.87,1
9006,24884,2024-02-28,Size Issue,3063.76,2
9007,7697,2024-06-16,Late Delivery,6013.33,8
9008,9022,2024-08-10,Wrong Product,1721.91,6
9009,37713,2025-01-02,Not as Expected,5924.82,9
9010,10691,2024-01-18,Not as Expected,233.9,3
9011,17148,2024-06-21,Damaged,470.65,7
9012,48199,2024-05-12,Size Issue,2936.44,7
9013,42071,2024-10-20,Damaged,7670.04,3
9014,18260,2024-01-15,Wrong Product,5571.2,6
9015,49591,2024-02-04,Not as Expected,6010.41,3
9016,31495,2024-02-11,Wrong Product,4342.37,5
9017,8714,2024-09-03,Damaged,4474.01,1
9018,9386,2024-04-02,Size Issue,2920.93,5
9019,8113,2024-02-14,Damaged,1440.24,9
9020,22193,2024-08-20,Size Issue,5033.24,7
9021,3165,2024-01-25,Late Delivery,5119.87,7
9022,27339,2024-09-02,Damaged,2898.16,3
9023,28222,2024-01-21,Size Issue,1813.49,1
9024,48935,2024-12-26,Not as Expected,1970.94,6
9025,3662,2024-08-07,Not as Expected,6789.47,2
9026,46983,2024-04-21,Not as Expected,1108.97,4
9027,12364,2024-01-19,Wrong Product,3834.98,3
9028,31757,2024-12-04,Damaged,5072.43,1
9029,15523,2024-12-31,Wrong Product,4754.03,1
9030,5529,2024-11-24,Damaged,8025.35,4
9031,29147,2024-03-16,Size Issue,7526.91,8
9032,25542,2024-09-05,Not as Expected,6424.6,1
9033,36183,2024-03-29,Late Delivery,1856.39,2
9034,38063,2024-04-19,Late Delivery,1343.01,2
9035,37010,2024-07-22,Not as Expected,2409.18,1
9036,32078,2024-01-25,Damaged,2838.62,8
9037,41279,2025-01-03,Late Delivery,2581.62,2
9038,49825,2024-04-22,Not as Expected,3624.82,9
9039,32954,2024-02-05,Wrong Product,5866.46,3
9040,19574,2024-01-15,Late Delivery,628.82,4
9041,26156,2024-06-03,Wrong Product,2193.25,3
9042,45020,2024-03-08,Size Issue,4569.85,9
9043,45471,2024-08-10,Damaged,4860.76,7
9044,27074,2024-07-16,Size Issue,2459.11,8
9045,34776,2024-05-14,Size Issue,2114.3,4
9046,25718,2024-04-19,Damaged,531.77,2
9047,36179,2024-07-17,Late Delivery,5757.08,8
9048,35416,2024-02-28,Damaged,2342.05,4
9049,22837,2024-09-05,Not as Expected,367.26,1
9050,12730,2024-10-15,Not as Expected,3921.85,7
9051,7147,2024-10-06,Wrong Product,2182.59,7
9052,34946,2025-01-09,Late Delivery,6041.99,8
9053,2320,2024-01-28,Damaged,4821.3,3
9054,25987,2024-02-07,Size Issue,2729.41,6
9055,17680,2024-09-06,Late Delivery,5016.51,6
9056,3300,2024-07-13,Wrong Product,3989.13,6
9057,40954,2024-11-24,Not as Expected,4684.26,4
9058,23466,2024-12-24,Damaged,4873.8,6
9059,29944,2024-01-22,Wrong Product,899.38,2
9060,39598,2024-03-09,Wrong Product,2134.9,4
9061,24120,2024-12-13,Size Issue,1269.76,5
9062,728,2024-09-13,Late Delivery,747.9,4
9063,16600,2024-11-16,Size Issue,759.87,4
9064,28678,2024-12-27,Damaged,2770.57,8
9065,32438,2024-03-08,Damaged,1229.39,7
9066,29244,2024-08-03,Not as Expected,7200.64,3
9067,8537,2024-05-20,Late Delivery,2853.23,6
9068,14323,2024-03-04,Damaged,836.35,8
9069,11371,2024-05-04,Late Delivery,5031.86,7
9070,14209,2024-02-14,Wrong Product,1948.9,3
9071,25431,2024-05-12,Damaged,6130.57,5
9072,23996,2024-03-25,Size Issue,4044.14,3
9073,38747,2024-10-26,Damaged,1579.01,2
9074,15086,2024-02-07,Wrong Product,1112.65,8
9075,28970,2024-12-22,Not as Expected,2845.98,3
9076,41666,2024-11-28,Wrong Product,8267.22,2
9077,16751,2024-07-08,Damaged,5379.07,1
9078,17522,2024-12-11,Wrong Product,4955.97,5
9079,12865,2024-11-08,Wrong Product,3989.57,5
9080,48271,2024-07-01,Not as Expected,5925.76,3
9081,24270,2024-12-05,Not as Expected,1474.62,7
9082,15936,2024-07-01,Damaged,6080.69,5
9083,2285,2024-03-28,Damaged,2634.23,5
9084,15160,2024-04-19,Damaged,2399.23,5
9085,47570,2024-08-22,Late Delivery,4321.46,7
9086,6849,2024-01-06,Wrong Product,1644.17,6
9087,37383,2024-05-03,Late Delivery,930.65,7
9088,13952,2024-04-10,Wrong Product,7776.56,3
9089,36232,2024-07-21,Damaged,1347.95,8
9090,29640,2024-11-17,Wrong Product,3080.96,7
9091,44859,2024-05-29,Not as Expected,6407.55,8
9092,18284,2024-06-30,Size Issue,3134.61,3
9093,34622,2024-05-09,Late Delivery,6764.99,7
9094,18903,2024-04-27,Not as Expected,5092.76,9
9095,47655,2024-08-16,Not as Expected,958.68,4
9096,48460,2024-12-12,Size Issue,2439.05,1
9097,3310,2024-05-29,Late Delivery,4934.27,8
9098,6073,2024-05-22,Damaged,6484.1,6
9099,37932,2024-09-08,Wrong Product,288.36,8
9100,38670,2024-12-06,Size Issue,5309.57,5
9101,41214,2024-07-15,Wrong Product,5828.88,5
9102,46763,2024-10-03,Wrong Product,7286.16,5
9103,11511,2024-08-06,Size Issue,6683.89,2
9104,74,2024-09-14,Not as Expected,2455.06,2
9105,6246,2024-04-22,Wrong Product,609.27,4
9106,48878,2024-01-20,Late Delivery,3220.75,7
9107,7310,2024-08-13,Late Delivery,4421.77,1
9108,9072,2024-01-10,Late Delivery,5323.58,6
9109,44427,2024-05-27,Wrong Product,4799.79,2
9110,49782,2024-05-22,Not as Expected,4122.77,1
9111,45399,2024-05-17,Not as Expected,7532.72,6
9112,39054,2024-02-15,Size Issue,6806.57,1
9113,49804,2024-09-03,Damaged,782.05,2
9114,40952,2024-10-01,Damaged,2246.8,8
9115,9560,2024-10-09,Not as Expected,5344.49,8
9116,18892,2024-11-21,Late Delivery,2784.52,6
9117,36609,2024-05-10,Late Delivery,3731.96,2
9118,20528,2024-04-09,Damaged,798.3,2
9119,38840,2024-12-03,Not as Expected,1303.26,1
9120,47823,2024-06-05,Damaged,4118.51,5
9121,10338,2025-01-07,Wrong Product,1122.38,6
9122,43129,2024-12-13,Late Delivery,1202.33,6
9123,44510,2024-08-03,Wrong Product,4062.22,4
9124,34477,2024-06-30,Size Issue,1459.2,4
9125,33257,2024-08-05,Late Delivery,3601.16,4
9126,35203,2024-04-27,Damaged,1716.38,3
9127,25449,2024-09-20,Damaged,1621.18,9
9128,32987,2024-12-21,Size Issue,1887.45,9
9129,49154,2024-03-03,Wrong Product,5078.79,5
9130,46286,2024-01-29,Wrong Product,438.07,8
9131,24414,2024-12-08,Late Delivery,3352.29,9
9132,27692,2024-10-25,Wrong Product,939.91,7
9133,18364,2024-11-19,Wrong Product,2119.06,9
9134,18666,2024-07-15,Wrong Product,2360.52,1
9135,43899,2024-07-06,Damaged,3253.42,3
9136,10209,2024-07-30,Wrong Product,1935.55,4
9137,35802,2024-12-27,Late Delivery,350.45,3
9138,27425,2024-05-03,Size Issue,1756.7,8
9139,7555,2024-07-14,Late Delivery,7090.51,7
9140,49178,2024-10-12,Not as Expected,2076.02,3
9141,39403,2024-08-29,Wrong Product,2573.71,6
9142,48396,2024-01-11,Size Issue,8052.47,1
9143,31369,2024-04-22,Late Delivery,3811.72,7
9144,28089,2024-01-20,Wrong Product,2866.07,9
9145,18435,2024-08-17,Wrong Product,2834.17,3
9146,11449,2024-01-14,Late Delivery,1616.78,4
9147,31615,2024-05-31,Size Issue,5610.94,2
9148,31463,2024-02-13,Not as Expected,817.44,8
9149,42144,2024-08-16,Late Delivery,4863.67,7
9150,3882,2024-12-28,Late Delivery,5268.94,7
9151,11027,2024-01-12,Size Issue,1489.44,5
9152,23282,2024-05-26,Wrong Product,1315.73,2
9153,928,2024-02-02,Not as Expected,3913.88,1
9154,6456,2024-01-14,Late Delivery,6630.02,1
9155,17068,2024-04-05,Damaged,5664.31,3
9156,5289,2024-05-17,Damaged,2237.68,1
9157,22505,2024-02-20,Late Delivery,1152.71,6
9158,23267,2024-04-07,Size Issue,3688.79,6
9159,45375,2024-08-18,Late Delivery,4871.78,3
9160,33948,2024-03-23,Wrong Product,2210.68,2
9161,12303,2024-07-05,Size Issue,5389.75,8
9162,48436,2024-11-17,Size Issue,4786.18,7
9163,37493,2024-01-12,Wrong Product,255.56,9
9164,48620,2024-04-19,Damaged,719.4,1
9165,27318,2024-01-29,Damaged,1951.1,8
9166,33282,2024-12-25,Wrong Product,4899.85,5
9167,29589,2024-05-14,Damaged,1799.3,6
9168,30663,2024-02-13,Size Issue,1582.7,4
9169,8285,2024-01-31,Not as Expected,4085.0,1
9170,22544,2024-10-10,Size Issue,2602.66,8
9171,30889,2024-03-12,Not as Expected,2693.26,1
9172,38916,2024-12-30,Not as Expected,2319.32,6
9173,23250,2024-05-12,Wrong Product,1632.4,5
9174,49958,2024-12-24,Damaged,4759.8,7
9175,25836,2024-12-15,Not as Expected,3443.38,2
9176,7972,2024-02-02,Wrong Product,5085.42,2
9177,12921,2024-01-13,Not as Expected,5535.31,8
9178,23017,2024-05-12,Damaged,2193.96,5
9179,41384,2024-03-17,Wrong Product,2932.82,6
9180,17861,2024-01-10,Late Delivery,4468.99,6
9181,38011,2024-05-22,Not as Expected,4119.02,6
9182,12355,2025-01-06,Not as Expected,5163.4,4
9183,39008,2024-07-14,Late Delivery,2259.44,2
9184,565,2024-03-27,Damaged,2784.54,9
9185,8936,2024-05-01,Damaged,7740.56,5
9186,16724,2024-09-17,Not as Expected,2064.2,2
9187,34818,2024-05-15,Size Issue,467.04,8
9188,20410,2024-03-28,Late Delivery,5891.56,3
9189,5992,2024-09-16,Wrong Product,5978.66,1
9190,3859,2024-03-12,Damaged,1483.11,8
9191,12205,2024-10-12,Wrong Product,6548.7,6
9192,34375,2024-01-30,Size Issue,6226.05,7
9193,12425,2024-05-17,Late Delivery,5786.58,6
9194,11017,2024-02-01,Not as Expected,3987.1,9
9195,21325,2024-08-14,Not as Expected,1597.38,6
9196,2025,2024-11-17,Wrong Product,2381.92,5
9197,44727,2024-08-31,Late Delivery,2486.48,8
9198,42335,2024-02-10,Late Delivery,3605.67,6
9199,33335,2024-03-10,Wrong Product,1501.42,3
9200,38596,2024-07-13,Wrong Product,7982.5,9
9201,14506,2024-07-05,Size Issue,5122.53,7
9202,2981,2024-09-28,Not as Expected,4912.59,1
9203,8873,2024-07-30,Not as Expected,4007.11,3
9204,45590,2025-01-06,Wrong Product,3604.6,2
9205,4247,2024-08-07,Late Delivery,3146.02,9
9206,43553,2024-04-28,Damaged,4257.46,8
9207,34049,2024-02-24,Damaged,554.6,2
9208,25156,2024-02-14,Late Delivery,5190.16,4
9209,23443,2024-11-04,Size Issue,1340.26,4
9210,41332,2024-01-30,Late Delivery,1650.28,1
9211,19120,2024-09-22,Late Delivery,5412.47,7
9212,13513,2024-06-05,Size Issue,1330.11,9
9213,36976,2024-11-09,Damaged,4020.16,6
9214,49513,2024-01-25,Wrong Product,347.6,5
9215,4841,2024-07-02,Size Issue,3951.46,9
9216,22566,2024-08-09,Size Issue,4144.51,5
9217,46161,2024-05-08,Not as Expected,1358.31,8
9218,37255,2024-12-31,Size Issue,5229.14,5
9219,37358,2024-07-26,Damaged,2995.16,3
9220,29827,2024-04-08,Not as Expected,339.68,5
9221,33675,2024-04-02,Not as Expected,1062.77,4
9222,49894,2024-08-25,Damaged,2643.31,9
9223,30873,2024-11-19,Late Delivery,5563.32,5
9224,47807,2024-11-27,Late Delivery,3614.26,3
9225,36943,2024-10-18,Late Delivery,1829.86,5
9226,44285,2024-03-22,Damaged,6987.09,6
9227,45783,2024-12-24,Late Delivery,1950.64,2
9228,21930,2024-03-18,Late Delivery,2632.83,3
9229,26639,2024-03-19,Size Issue,4559.83,8
9230,13051,2024-08-19,Not as Expected,3741.72,2
9231,15353,2024-01-25,Not as Expected,2293.98,1
9232,43864,2024-05-29,Wrong Product,7718.48,8
9233,35283,2024-04-23,Not as Expected,4095.22,5
9234,37763,2024-11-05,Wrong Product,1563.01,3
9235,11731,2024-03-20,Late Delivery,1787.82,8
9236,2044,2024-08-10,Size Issue,3538.43,9
9237,2243,2024-10-17,Size Issue,3857.83,7
9238,32824,2024-09-03,Damaged,2941.58,7
9239,34905,2024-08-16,Not as Expected,2664.48,7
9240,39771,2024-08-20,Wrong Product,1423.04,6
9241,7943,2024-07-14,Late Delivery,6011.09,8
9242,19269,2024-09-06,Damaged,4798.34,3
9243,34782,2024-02-06,Not as Expected,1158.77,8
9244,32293,2024-05-29,Late Delivery,1436.09,2
9245,22514,2024-11-08,Damaged,5323.93,9
9246,25781,2024-08-09,Late Delivery,8184.41,8
9247,31926,2024-10-19,Wrong Product,1817.28,1
9248,23521,2024-06-11,Wrong Product,4770.9,3
9249,21960,2024-03-29,Late Delivery,6164.62,3
9250,19852,2024-09-29,Late Delivery,3090.47,8
9251,32942,2024-09-26,Wrong Product,2444.58,9
9252,43626,2024-08-19,Wrong Product,3388.97,2
9253,30457,2024-11-07,Not as Expected,4762.14,5
9254,40154,2024-10-28,Size Issue,5242.1,8
9255,36678,2024-11-15,Not as Expected,1064.93,9
9256,38849,2024-09-11,Wrong Product,7474.7,7
9257,25103,2024-08-07,Late Delivery,3831.17,9
9258,14011,2024-06-26,Damaged,799.75,6
9259,8431,2024-07-16,Late Delivery,7011.39,6
9260,16578,2024-08-08,Damaged,2287.44,8
9261,34459,2024-09-06,Late Delivery,4343.18,5
9262,47444,2024-07-12,Wrong Product,4600.03,7
9263,34363,2024-03-12,Late Delivery,5567.68,9
9264,25300,2024-08-08,Wrong Product,4069.46,4
9265,27243,2024-07-04,Wrong Product,5079.57,2
9266,2104,2024-01-15,Not as Expected,6211.82,3
9267,30798,2024-07-26,Not as Expected,1806.52,6
9268,46490,2024-06-06,Not as Expected,589.62,4
9269,16629,2024-03-03,Damaged,926.71,6
9270,32741,2024-12-08,Damaged,2711.61,4
9271,21798,2024-04-22,Not as Expected,1697.18,7
9272,34377,2024-03-21,Late Delivery,293.06,2
9273,16530,2024-08-30,Size Issue,3732.14,1
9274,49448,2024-10-22,Wrong Product,1039.8,2
9275,2825,2024-09-19,Size Issue,7428.41,7
9276,23781,2024-06-03,Damaged,6338.4,5
9277,33014,2024-05-23,Not as Expected,4264.18,9
9278,9502,2024-02-10,Size Issue,1251.84,8
9279,42909,2024-03-14,Wrong Product,5351.44,3
9280,34180,2024-06-14,Wrong Product,6120.75,8
9281,34750,2024-10-25,Wrong Product,6347.82,4
9282,22518,2024-07-26,Late Delivery,3815.88,2
9283,32021,2024-03-22,Size Issue,3764.62,5
9284,48054,2024-09-19,Not as Expected,699.33,3
9285,47959,2024-11-12,Late Delivery,4094.06,4
9286,48434,2024-10-05,Not as Expected,456.39,5
9287,25832,2024-05-24,Damaged,4290.14,4
9288,4248,2024-06-29,Late Delivery,1787.14,4
9289,7289,2024-01-12,Damaged,3803.98,7
9290,16361,2024-08-18,Size Issue,4066.99,2
9291,40160,2024-05-12,Not as Expected,3403.81,8
9292,3940,2024-04-03,Late Delivery,245.26,5
9293,29166,2024-07-19,Not as Expected,2772.72,5
9294,15635,2024-01-20,Not as Expected,4038.87,2
9295,40912,2024-08-25,Size Issue,1337.6,1
9296,3444,2024-11-08,Damaged,3411.53,9
9297,27545,2024-06-06,Not as Expected,5475.61,4
9298,33681,2024-06-13,Damaged,2185.74,3
9299,46197,2024-10-06,Size Issue,6990.78,4
9300,29439,2024-07-25,Wrong Product,6593.86,2
9301,3308,2024-02-11,Late Delivery,5941.18,5
9302,12778,2024-01-21,Not as Expected,7067.05,3
9303,35245,2024-10-17,Damaged,3837.92,4
9304,33738,2024-12-02,Wrong Product,4844.06,8
9305,37264,2024-08-14,Late Delivery,5177.25,8
9306,37115,2024-06-13,Not as Expected,3317.54,6
9307,6076,2024-01-18,Damaged,6539.87,9
9308,517,2024-02-11,Wrong Product,8017.43,9
9309,41551,2024-03-05,Size Issue,903.73,3
9310,37828,2024-05-24,Size Issue,3710.7,6
9311,24410,2025-01-07,Wrong Product,765.69,7
9312,17292,2024-01-26,Wrong Product,5561.76,2
9313,40152,2024-05-26,Late Delivery,1950.6,2
9314,11095,2024-10-16,Not as Expected,1929.7,4
9315,44156,2024-08-09,Not as Expected,3099.54,6
9316,28415,2024-11-09,Size Issue,658.63,3
9317,48773,2024-11-10,Late Delivery,5870.92,8
9318,14938,2024-08-08,Late Delivery,5669.6,8
9319,4616,2024-01-19,Damaged,6214.19,4
9320,1763,2024-01-26,Size Issue,4430.37,1
9321,20368,2024-11-10,Damaged,1101.15,2
9322,27808,2024-08-29,Not as Expected,3396.97,1
9323,24058,2024-10-13,Size Issue,3181.16,6
9324,34810,2024-07-14,Damaged,5138.0,7
9325,35968,2024-08-30,Late Delivery,3375.31,2
9326,10481,2024-02-29,Late Delivery,2343.32,2
9327,15312,2024-10-29,Not as Expected,262.2,7
9328,18964,2024-05-16,Wrong Product,1544.38,7
9329,34450,2024-09-11,Not as Expected,1434.4,5
9330,45106,2024-03-31,Size Issue,4252.0,8
9331,25589,2024-07-11,Damaged,3278.56,3
9332,4226,2024-07-25,Wrong Product,1739.6,9
9333,15161,2024-12-22,Late Delivery,4206.38,5
9334,29063,2024-09-05,Not as Expected,5913.96,7
9335,7134,2024-09-22,Size Issue,6044.91,1
9336,1929,2024-03-27,Wrong Product,4315.93,3
9337,45942,2024-12-23,Late Delivery,5233.27,6
9338,31839,2024-07-29,Late Delivery,3973.81,6
9339,18040,2024-06-02,Damaged,4287.94,9
9340,12085,2024-12-09,Wrong Product,4561.0,7
9341,44296,2024-04-22,Late Delivery,5230.92,7
9342,5498,2024-05-17,Wrong Product,603.06,2
9343,28531,2024-04-04,Not as Expected,3134.82,4
9344,13024,2024-01-22,Not as Expected,2524.47,4
9345,44676,2024-01-14,Damaged,6059.65,3
9346,39282,2024-03-08,Late Delivery,640.67,8
9347,8880,2024-01-27,Not as Expected,3580.76,9
9348,16843,2024-03-16,Not as Expected,5283.11,5
9349,42447,2024-04-17,Late Delivery,3377.28,2
9350,23853,2025-01-09,Not as Expected,6448.63,8
9351,32441,2024-05-15,Not as Expected,6769.3,2
9352,26064,2024-06-13,Size Issue,1652.93,4
9353,4880,2024-10-11,Not as Expected,2112.91,4
9354,30453,2024-12-14,Not as Expected,3523.7,4
9355,37566,2024-03-13,Wrong Product,4072.05,9
9356,24086,2024-10-12,Wrong Product,1226.75,8
9357,3442,2024-06-20,Damaged,2982.3,8
9358,6070,2024-05-10,Damaged,4004.88,5
9359,47883,2024-06-18,Damaged,1408.99,7
9360,7258,2024-11-17,Late Delivery,1260.83,7
9361,36265,2024-02-13,Size Issue,7164.84,6
9362,26073,2024-01-11,Damaged,3933.89,5
9363,40536,2024-11-09,Damaged,1714.29,2
9364,43804,2024-05-08,Late Delivery,2652.78,4
9365,5726,2024-05-23,Damaged,5031.48,6
9366,1608,2024-12-10,Damaged,5653.74,7
9367,24754,2024-08-27,Not as Expected,7766.37,1
9368,5595,2024-07-24,Damaged,2371.73,1
9369,15486,2024-07-14,Late Delivery,1605.99,9
9370,4749,2024-06-24,Late Delivery,2961.23,3
9371,43317,2025-01-03,Late Delivery,6523.23,3
9372,38134,2024-09-22,Not as Expected,2035.45,5
9373,12014,2024-10-30,Size Issue,4585.39,3
9374,18154,2024-07-15,Late Delivery,4197.81,5
9375,42993,2024-09-26,Not as Expected,5348.76,7
9376,23212,2024-05-28,Size Issue,2661.43,2
9377,4335,2024-04-14,Late Delivery,2506.58,4
9378,2158,2024-09-13,Size Issue,3601.96,3
9379,15243,2024-04-24,Size Issue,3619.8,5
9380,3526,2024-11-18,Damaged,582.94,1
9381,46819,2024-02-14,Wrong Product,6503.02,1
9382,10239,2024-07-27,Not as Expected,5593.21,6
9383,20202,2024-01-24,Damaged,3633.2,1
9384,21358,2024-09-03,Damaged,5987.7,8
9385,38674,2024-12-10,Late Delivery,980.94,8
9386,38751,2024-01-08,Wrong Product,4991.35,6
9387,35408,2024-10-14,Damaged,5627.27,2
9388,2871,2024-10-02,Wrong Product,1620.18,6
9389,48477,2024-09-10,Damaged,1663.59,2
9390,42341,2024-12-20,Late Delivery,2849.31,7
9391,44297,2024-08-29,Size Issue,6165.9,5
9392,48354,2024-03-25,Late Delivery,3299.13,7
9393,22584,2024-09-24,Late Delivery,4621.24,7
9394,45987,2024-04-26,Size Issue,3721.11,6
9395,2430,2024-04-28,Not as Expected,6697.39,4
9396,214,2024-08-05,Damaged,2123.86,3
9397,13364,2024-06-20,Not as Expected,4093.49,8
9398,7704,2024-06-27,Wrong Product,3612.4,4
9399,21882,2024-10-20,Wrong Product,814.52,5
9400,8097,2024-10-24,Size Issue,4910.31,1
9401,19493,2024-06-25,Not as Expected,6170.32,8
9402,1494,2024-12-28,Damaged,2071.66,1
9403,22058,2024-09-21,Not as Expected,4771.4,4
9404,9719,2024-08-18,Damaged,3766.25,2
9405,36890,2024-07-14,Not as Expected,4863.99,1
9406,46021,2024-09-16,Damaged,3684.06,3
9407,858,2024-12-29,Not as Expected,5246.87,2
9408,29605,2024-04-30,Wrong Product,7235.66,5
9409,13557,2024-11-06,Size Issue,3665.4,8
9410,8801,2024-01-23,Size Issue,3917.1,4
9411,15955,2024-09-09,Size Issue,4037.27,3
9412,15900,2024-07-10,Wrong Product,1727.82,2
9413,47254,2024-12-15,Size Issue,7221.05,6
9414,30700,2024-02-23,Wrong Product,3191.06,5
9415,14652,2024-11-13,Not as Expected,3381.96,3
9416,47422,2024-05-23,Size Issue,1851.29,9
9417,35776,2024-04-13,Not as Expected,2081.6,8
9418,28007,2024-06-27,Damaged,5397.97,7
9419,2123,2024-03-21,Not as Expected,3168.97,1
9420,33188,2024-09-21,Wrong Product,6101.34,2
9421,22256,2024-08-22,Late Delivery,6010.41,6
9422,49470,2024-11-23,Damaged,1885.42,5
9423,46976,2024-03-21,Damaged,4806.6,5
9424,2625,2025-01-06,Late Delivery,2824.25,2
9425,39968,2024-04-12,Not as Expected,6198.06,9
9426,44230,2024-09-26,Not as Expected,3121.2,3
9427,35148,2024-11-19,Size Issue,788.22,6
9428,1187,2024-12-26,Damaged,716.18,3
9429,25546,2024-01-13,Wrong Product,1582.27,2
9430,9658,2025-01-06,Damaged,2433.44,1
9431,17155,2024-10-13,Not as Expected,3937.44,2
9432,15963,2025-01-06,Damaged,5120.58,7
9433,2184,2024-02-17,Late Delivery,4950.04,6
9434,9876,2024-03-26,Damaged,4066.56,6
9435,38290,2024-07-30,Not as Expected,1282.63,2
9436,15812,2024-04-21,Late Delivery,3202.02,2
9437,18014,2024-03-06,Not as Expected,907.67,8
9438,13728,2024-03-03,Wrong Product,522.56,3
9439,641,2024-06-23,Damaged,1659.39,7
9440,45383,2024-11-01,Not as Expected,5167.74,6
9441,47914,2024-07-14,Size Issue,2085.23,9
9442,10219,2024-10-10,Wrong Product,1613.34,2
9443,15437,2024-06-24,Not as Expected,6411.85,5
9444,3168,2024-11-18,Not as Expected,5176.12,3
9445,29910,2024-06-01,Late Delivery,2046.62,8
9446,33527,2024-06-04,Damaged,7107.49,4
9447,12499,2024-06-21,Damaged,301.03,1
9448,5641,2024-03-11,Damaged,3073.54,9
9449,26102,2024-07-11,Late Delivery,3684.03,3
9450,18385,2024-08-29,Late Delivery,3467.4,4
9451,6283,2024-12-11,Late Delivery,5763.94,1
9452,7035,2024-03-21,Late Delivery,414.8,4
9453,48783,2024-10-31,Wrong Product,335.97,8
9454,748,2024-04-02,Damaged,1179.86,5
9455,36957,2024-11-24,Not as Expected,5425.93,2
9456,31282,2024-12-15,Damaged,3727.04,2
9457,30447,2024-01-14,Size Issue,7947.45,3
9458,38778,2024-10-21,Wrong Product,1750.15,6
9459,16772,2024-03-12,Wrong Product,579.56,9
9460,22352,2024-03-24,Size Issue,2612.78,1
9461,21317,2024-07-30,Size Issue,446.8,2
9462,11408,2024-02-05,Late Delivery,6360.81,2
9463,45558,2024-06-13,Late Delivery,2423.0,9
9464,26576,2024-01-27,Wrong Product,5395.41,9
9465,7590,2024-07-02,Damaged,3838.85,7
9466,46268,2024-09-22,Size Issue,3346.3,4
9467,26252,2024-02-17,Wrong Product,4833.79,3
9468,16483,2024-07-29,Not as Expected,4378.92,3
9469,30394,2024-06-19,Wrong Product,4337.8,4
9470,28609,2024-11-20,Wrong Product,5383.89,7
9471,4944,2024-06-26,Wrong Product,4667.91,5
9472,26150,2024-05-08,Wrong Product,655.74,5
9473,26881,2024-12-10,Late Delivery,3159.43,2
9474,21415,2024-07-02,Size Issue,6435.02,7
9475,17246,2024-12-28,Wrong Product,5063.56,5
9476,28710,2024-09-06,Wrong Product,3519.36,7
9477,42352,2024-09-11,Wrong Product,5565.92,8
9478,11441,2024-05-22,Not as Expected,4312.89,8
9479,44843,2024-04-20,Wrong Product,1908.9,4
9480,33996,2024-04-04,Late Delivery,6172.66,8
9481,14543,2024-09-02,Wrong Product,1988.52,1
9482,27406,2024-04-23,Damaged,6205.74,6
9483,39458,2024-11-19,Wrong Product,4606.62,8
9484,22733,2024-07-24,Wrong Product,7322.04,7
9485,48601,2024-09-01,Wrong Product,4893.35,2
9486,43140,2024-10-24,Not as Expected,6414.7,4
9487,45153,2024-02-10,Late Delivery,4341.38,4
9488,48644,2024-04-09,Late Delivery,5642.9,9
9489,37898,2024-05-12,Damaged,982.17,6
9490,1225,2024-02-11,Wrong Product,1272.62,2
9491,7498,2024-03-27,Wrong Product,452.1,4
9492,25007,2024-09-18,Not as Expected,6115.39,4
9493,33698,2024-05-23,Size Issue,2748.94,3
9494,49924,2024-05-06,Wrong Product,1373.96,7
9495,39320,2024-10-06,Late Delivery,5575.82,6
9496,15747,2024-08-21,Late Delivery,4811.98,7
9497,47588,2024-04-22,Size Issue,5903.3,5
9498,45964,2024-10-25,Not as Expected,2456.34,3
9499,6863,2024-03-20,Late Delivery,4953.56,5
9500,12322,2024-09-07,Size Issue,1624.13,7
9501,16405,2024-12-10,Damaged,6496.43,5
9502,48877,2024-05-19,Damaged,8487.27,6
9503,30461,2024-05-06,Not as Expected,607.11,7
9504,45422,2024-02-28,Late Delivery,2612.33,9
9505,1960,2024-03-02,Not as Expected,746.8,8
9506,33003,2024-03-03,Size Issue,4285.63,4
9507,17400,2024-08-03,Size Issue,6100.75,2
9508,36729,2024-07-14,Late Delivery,7277.2,9
9509,86,2024-01-31,Late Delivery,1595.6,3
9510,42561,2024-08-08,Damaged,3499.46,9
9511,2652,2024-01-27,Late Delivery,6736.04,2
9512,1481,2024-05-14,Size Issue,5246.94,8
9513,35579,2024-09-15,Late Delivery,2951.24,7
9514,44179,2024-04-14,Damaged,7863.86,9
9515,33576,2024-09-29,Wrong Product,5397.52,5
9516,27715,2024-12-07,Not as Expected,4862.86,4
9517,15465,2024-08-02,Damaged,675.95,9
9518,13470,2024-11-22,Wrong Product,6344.45,1
9519,7216,2024-10-16,Not as Expected,3297.53,4
9520,31531,2024-08-18,Size Issue,4476.19,8
9521,8338,2024-12-25,Late Delivery,6106.39,8
9522,16713,2024-10-22,Wrong Product,3961.74,6
9523,49836,2024-05-23,Not as Expected,7349.58,1
9524,5509,2024-12-01,Damaged,286.9,2
9525,26258,2024-04-29,Damaged,2532.01,9
9526,24997,2024-12-03,Size Issue,4020.96,9
9527,27650,2024-12-01,Size Issue,3009.93,3
9528,9297,2024-08-28,Not as Expected,4287.13,2
9529,23494,2024-02-22,Size Issue,724.03,4
9530,38767,2024-11-27,Damaged,2626.25,3
9531,17598,2024-06-29,Size Issue,3778.25,8
9532,28033,2024-12-13,Size Issue,1859.76,2
9533,22881,2024-06-03,Late Delivery,5013.76,9
9534,44457,2024-02-29,Size Issue,5791.63,7
9535,38681,2024-05-24,Late Delivery,3059.07,8
9536,18447,2024-06-26,Late Delivery,4945.58,5
9537,4249,2024-05-08,Not as Expected,1346.95,6
9538,38028,2024-07-02,Damaged,7039.07,4
9539,22103,2024-02-05,Damaged,4141.91,5
9540,27667,2024-08-29,Not as Expected,1359.3,2
9541,49691,2024-07-15,Size Issue,2279.7,9
9542,46750,2024-09-24,Late Delivery,658.75,6
9543,13777,2024-02-15,Not as Expected,2443.16,8
9544,8038,2024-09-29,Damaged,837.99,4
9545,27445,2024-02-27,Late Delivery,6698.7,5
9546,44095,2024-04-13,Not as Expected,5266.88,6
9547,35915,2024-07-30,Wrong Product,2197.19,9
9548,44460,2024-06-01,Damaged,3707.93,6
9549,11755,2024-01-15,Damaged,6143.58,9
9550,3783,2024-07-03,Wrong Product,4076.54,5
9551,18688,2024-09-20,Late Delivery,3521.3,1
9552,39081,2024-12-22,Late Delivery,1937.28,1
9553,17851,2024-08-28,Wrong Product,2133.26,1
9554,30418,2024-10-24,Not as Expected,6376.5,9
9555,48091,2024-08-02,Not as Expected,5219.3,3
9556,33328,2024-02-08,Not as Expected,2351.71,7
9557,5905,2024-12-16,Size Issue,6231.93,9
9558,6037,2024-05-15,Late Delivery,5188.2,2
9559,30725,2024-03-12,Size Issue,1831.11,8
9560,9953,2024-10-27,Not as Expected,2372.51,9
9561,25582,2024-12-24,Wrong Product,4911.98,1
9562,15976,2024-05-19,Damaged,4550.78,1
9563,5528,2024-05-13,Not as Expected,1956.05,9
9564,18227,2024-12-05,Late Delivery,746.77,1
9565,25132,2024-07-22,Not as Expected,1684.95,1
9566,47064,2024-07-26,Damaged,655.44,8
9567,24482,2024-11-17,Not as Expected,4040.66,9
9568,40548,2024-09-03,Wrong Product,5262.55,9
9569,19538,2024-01-12,Not as Expected,8333.47,9
9570,10255,2024-01-17,Wrong Product,6466.3,1
9571,36145,2024-02-11,Wrong Product,2101.1,9
9572,152,2024-02-12,Wrong Product,5361.44,9
9573,23983,2024-05-19,Size Issue,4998.3,7
9574,24291,2024-09-04,Damaged,2673.9,9
9575,9488,2024-06-12,Damaged,3877.59,2
9576,40268,2024-02-13,Late Delivery,2845.99,6
9577,46575,2024-07-01,Late Delivery,4164.15,5
9578,35112,2024-05-21,Wrong Product,3099.1,1
9579,23066,2024-06-08,Not as Expected,5252.34,2
9580,14735,2024-06-16,Damaged,847.36,3
9581,14408,2024-06-17,Wrong Product,5342.47,8
9582,35023,2024-03-09,Damaged,422.29,4
9583,8646,2024-11-07,Not as Expected,4876.8,7
9584,40672,2024-12-28,Damaged,7921.16,1
9585,8865,2024-08-24,Not as Expected,7742.27,9
9586,27254,2024-03-14,Late Delivery,7573.79,8
9587,20435,2024-12-18,Late Delivery,1069.43,2
9588,19927,2024-03-17,Late Delivery,5305.59,2
9589,48103,2024-11-18,Wrong Product,3652.95,4
9590,29922,2024-11-21,Size Issue,3187.34,8
9591,17943,2024-10-28,Wrong Product,2724.35,4
9592,48368,2024-01-13,Wrong Product,3036.41,1
9593,44084,2024-04-16,Late Delivery,5726.56,8
9594,40156,2024-03-27,Damaged,2468.6,5
9595,23215,2024-05-13,Size Issue,3470.17,4
9596,40262,2024-06-04,Size Issue,4610.32,7
9597,40974,2024-10-28,Damaged,3540.27,6
9598,42518,2024-12-31,Wrong Product,5278.2,3
9599,19104,2024-09-30,Not as Expected,579.07,6
9600,23684,2024-10-11,Late Delivery,5793.82,3
9601,25333,2024-05-07,Size Issue,4370.62,8
9602,16744,2024-01-29,Wrong Product,5754.24,4
9603,40936,2024-04-26,Wrong Product,5805.3,7
9604,22546,2024-01-28,Size Issue,581.15,8
9605,19298,2024-03-11,Wrong Product,6973.78,8
9606,24906,2024-03-15,Not as Expected,272.26,9
9607,33370,2024-04-20,Damaged,4561.77,1
9608,46462,2024-04-16,Not as Expected,6574.2,6
9609,20592,2024-12-11,Wrong Product,6063.43,2
9610,36553,2024-12-23,Wrong Product,6814.45,2
9611,44565,2024-08-17,Damaged,4544.14,6
9612,27661,2024-03-28,Not as Expected,4198.25,4
9613,20495,2024-09-17,Late Delivery,1282.69,6
9614,33599,2024-06-17,Size Issue,622.11,1
9615,9631,2024-10-06,Not as Expected,3546.74,2
9616,9911,2024-06-21,Size Issue,6646.0,3
9617,45794,2024-12-12,Damaged,2765.29,4
9618,38982,2024-12-22,Damaged,7473.58,1
9619,24172,2024-09-16,Damaged,1367.78,6
9620,48525,2024-04-12,Damaged,3839.48,1
9621,10438,2024-12-07,Wrong Product,4177.66,9
9622,26699,2024-09-19,Late Delivery,6209.5,5
9623,7710,2024-12-01,Late Delivery,4420.18,6
9624,39372,2024-08-14,Not as Expected,5701.5,4
9625,37507,2025-01-05,Not as Expected,424.85,9
9626,40775,2024-08-01,Damaged,2500.36,2
9627,12402,2024-09-08,Wrong Product,4642.7,8
9628,1351,2024-02-04,Late Delivery,7045.26,7
9629,20701,2024-04-23,Damaged,7316.6,7
9630,29269,2024-05-21,Size Issue,763.41,3
9631,22431,2024-02-05,Late Delivery,4859.32,9
9632,46953,2024-07-18,Wrong Product,5080.99,2
9633,13055,2025-01-11,Wrong Product,4802.49,7
9634,48515,2024-01-22,Not as Expected,540.9,9
9635,48241,2024-09-18,Late Delivery,1642.25,9
9636,1364,2024-06-26,Damaged,3746.66,2
9637,49380,2024-01-29,Damaged,503.46,5
9638,43393,2024-09-26,Size Issue,4182.8,3
9639,33973,2024-05-27,Late Delivery,4733.38,9
9640,10054,2024-04-02,Not as Expected,4223.01,1
9641,39090,2024-07-01,Size Issue,3159.18,4
9642,44333,2024-03-16,Damaged,3567.91,3
9643,8387,2024-06-20,Not as Expected,1305.58,3
9644,17249,2024-11-01,Wrong Product,1227.49,7
9645,44446,2024-12-09,Wrong Product,5684.79,1
9646,15181,2024-05-03,Late Delivery,1395.02,7
9647,20276,2024-04-12,Size Issue,4841.35,4
9648,46975,2024-01-22,Wrong Product,4959.82,5
9649,43529,2024-10-29,Not as Expected,592.39,1
9650,17251,2024-05-24,Size Issue,5472.12,4
9651,26008,2024-05-06,Damaged,6716.77,2
9652,42449,2024-07-15,Damaged,3523.08,1
9653,29259,2024-01-22,Size Issue,2474.2,1
9654,49244,2024-11-21,Damaged,5671.64,2
9655,41382,2024-01-12,Damaged,1490.86,3
9656,43970,2024-02-18,Wrong Product,1420.63,7
9657,42897,2024-07-28,Damaged,3418.91,3
9658,29851,2025-01-06,Not as Expected,6992.65,4
9659,5293,2024-01-29,Damaged,5859.1,9
9660,38705,2024-01-30,Damaged,1193.42,6
9661,23762,2024-10-27,Wrong Product,5704.68,3
9662,46945,2024-10-17,Size Issue,5152.67,3
9663,33371,2024-02-21,Damaged,2840.47,1
9664,29846,2024-06-26,Size Issue,2900.73,4
9665,31548,2024-06-24,Late Delivery,2134.44,4
9666,22040,2024-11-24,Damaged,5431.69,6
9667,9265,2024-11-08,Damaged,1194.72,8
9668,19516,2024-02-18,Damaged,863.96,6
9669,28152,2024-07-17,Damaged,1518.6,4
9670,13054,2024-02-01,Wrong Product,724.72,4
9671,5497,2024-07-16,Wrong Product,390.64,6
9672,42133,2024-01-26,Size Issue,2405.28,6
9673,18326,2024-08-16,Not as Expected,1988.04,8
9674,14514,2024-09-22,Not as Expected,934.91,2
9675,3587,2024-09-27,Not as Expected,1279.83,1
9676,49138,2024-04-15,Wrong Product,6168.99,8
9677,15600,2024-04-27,Late Delivery,3282.93,9
9678,44802,2024-03-29,Damaged,3525.58,4
9679,31788,2025-01-06,Damaged,5551.06,6
9680,21315,2024-05-16,Size Issue,5167.64,6
9681,6913,2024-12-01,Size Issue,3413.14,3
9682,34762,2024-04-15,Wrong Product,984.68,5
9683,32811,2024-09-21,Not as Expected,970.82,4
9684,32093,2024-08-07,Late Delivery,6205.07,7
9685,41125,2024-06-10,Wrong Product,3080.96,3
9686,25508,2024-07-30,Not as Expected,1317.14,6
9687,23391,2024-02-14,Damaged,4875.99,5
9688,36575,2024-03-16,Wrong Product,868.71,3
9689,40355,2024-03-03,Size Issue,3874.32,6
9690,36602,2024-09-23,Damaged,4673.99,7
9691,12918,2024-05-20,Size Issue,758.98,4
9692,1756,2024-10-19,Not as Expected,4266.19,4
9693,13650,2024-07-26,Damaged,6697.53,1
9694,17481,2024-11-01,Not as Expected,1393.26,4
9695,35603,2024-08-18,Not as Expected,1399.02,4
9696,44031,2024-11-13,Size Issue,654.88,3
9697,2167,2024-03-13,Damaged,4244.2,5
9698,1471,2024-08-12,Wrong Product,725.49,4
9699,34452,2025-01-02,Damaged,2585.16,7
9700,40539,2024-09-18,Wrong Product,599.77,5
9701,32122,2024-11-02,Not as Expected,5668.21,2
9702,18328,2024-07-20,Not as Expected,8865.96,5
9703,30713,2024-08-01,Not as Expected,640.46,3
9704,35332,2024-09-28,Size Issue,1832.39,9
9705,41096,2024-10-13,Late Delivery,3492.52,6
9706,47080,2024-10-02,Late Delivery,4501.3,1
9707,14628,2024-03-09,Not as Expected,2364.94,2
9708,23347,2024-06-04,Damaged,2289.96,4
9709,13136,2024-02-29,Not as Expected,5916.28,9
9710,38212,2024-04-03,Wrong Product,5776.42,9
9711,5371,2024-06-29,Size Issue,2286.94,5
9712,14115,2024-04-18,Size Issue,1656.84,2
9713,30602,2024-08-07,Wrong Product,4139.93,3
9714,22933,2024-09-26,Size Issue,4769.16,3
9715,1540,2024-01-30,Not as Expected,6008.41,2
9716,8910,2024-02-08,Damaged,6090.76,7
9717,5583,2024-03-28,Wrong Product,7403.13,9
9718,42543,2024-04-22,Size Issue,1698.7,2
9719,10332,2024-10-19,Damaged,4406.51,2
9720,32314,2024-06-10,Size Issue,4665.88,4
9721,37266,2025-01-07,Damaged,2264.69,1
9722,7366,2024-08-07,Wrong Product,4410.03,3
9723,42400,2024-06-07,Not as Expected,1698.86,6
9724,23615,2024-06-29,Size Issue,2347.38,1
9725,34510,2024-09-01,Late Delivery,2264.81,9
9726,9261,2024-12-27,Not as Expected,6121.86,7
9727,28263,2024-06-03,Not as Expected,6955.36,7
9728,20520,2024-07-03,Damaged,5593.49,1
9729,38390,2024-11-18,Damaged,3248.17,8
9730,17841,2024-06-27,Size Issue,2224.57,9
9731,19504,2024-11-25,Late Delivery,4985.88,7
9732,26999,2024-09-21,Not as Expected,3867.85,2
9733,1632,2024-01-12,Size Issue,252.78,8
9734,46936,2024-08-02,Wrong Product,4742.84,2
9735,27103,2024-04-02,Wrong Product,6093.79,4
9736,41178,2024-12-11,Wrong Product,3800.17,4
9737,23486,2024-12-22,Damaged,4300.7,4
9738,21505,2024-02-25,Not as Expected,4713.2,4
9739,43408,2024-07-14,Wrong Product,5597.82,7
9740,32164,2024-05-14,Not as Expected,2358.17,7
9741,11338,2024-10-25,Wrong Product,4664.7,5
9742,43170,2024-12-23,Late Delivery,507.31,6
9743,45552,2024-11-19,Not as Expected,5349.26,8
9744,11139,2024-11-12,Wrong Product,3750.46,8
9745,9307,2024-04-19,Damaged,4430.41,3
9746,37833,2024-12-23,Wrong Product,4512.59,7
9747,14113,2024-01-10,Size Issue,1943.75,1
9748,27383,2024-09-23,Not as Expected,1501.22,3
9749,35331,2024-04-29,Size Issue,6440.88,9
9750,29920,2024-07-30,Wrong Product,5331.47,7
9751,4635,2024-03-13,Size Issue,5113.24,1
9752,29406,2024-01-09,Late Delivery,2992.41,4
9753,38868,2024-07-14,Size Issue,6890.59,7
9754,11249,2024-03-20,Wrong Product,5223.45,1
9755,25575,2024-05-11,Not as Expected,2147.62,9
9756,39049,2024-01-13,Not as Expected,2560.25,1
9757,6537,2024-12-21,Wrong Product,6510.88,4
9758,3452,2024-06-19,Wrong Product,5863.09,2
9759,31589,2024-02-22,Not as Expected,4465.83,1
9760,42680,2024-04-18,Damaged,4125.3,2
9761,42999,2024-11-24,Damaged,4814.38,2
9762,40227,2024-07-22,Damaged,497.8,9
9763,10519,2024-03-09,Not as Expected,727.27,5
9764,47225,2024-05-24,Size Issue,6754.7,2
9765,12211,2024-06-14,Wrong Product,5914.92,6
9766,25347,2024-12-17,Late Delivery,3982.54,5
9767,15439,2025-01-03,Damaged,2419.27,6
9768,42908,2025-01-02,Not as Expected,614.43,4
9769,37313,2024-04-01,Size Issue,6097.17,8
9770,49089,2024-04-20,Wrong Product,1625.13,5
9771,37541,2024-03-24,Size Issue,2059.61,9
9772,40338,2024-04-04,Not as Expected,2815.76,4
9773,35143,2024-12-27,Size Issue,1789.6,4
9774,1854,2025-01-01,Damaged,1562.57,8
9775,46860,2024-10-15,Damaged,2806.62,5
9776,8737,2024-02-17,Wrong Product,6602.61,2
9777,10183,2024-02-12,Size Issue,2843.18,4
9778,29254,2024-04-22,Wrong Product,4908.78,2
9779,4298,2024-07-22,Size Issue,6704.75,4
9780,23908,2024-06-21,Damaged,5626.75,8
9781,33985,2024-03-16,Late Delivery,7952.46,9
9782,29195,2024-03-23,Size Issue,674.54,9
9783,21093,2024-09-25,Late Delivery,809.92,4
9784,11378,2024-10-03,Damaged,5204.05,7
9785,44220,2024-02-10,Late Delivery,6412.35,4
9786,5073,2024-12-23,Wrong Product,2211.53,2
9787,19904,2024-10-28,Size Issue,6188.23,5
9788,31145,2024-04-29,Not as Expected,1688.25,1
9789,2477,2024-07-10,Wrong Product,3355.14,4
9790,8889,2024-07-27,Damaged,3345.66,9
9791,13333,2024-08-27,Damaged,3109.96,2
9792,15639,2024-10-07,Not as Expected,1467.85,2
9793,35289,2024-04-17,Size Issue,1814.46,2
9794,27319,2024-04-21,Late Delivery,1001.0,5
9795,24154,2024-12-11,Not as Expected,1582.08,6
9796,42857,2024-08-15,Late Delivery,6807.92,9
9797,29438,2025-01-03,Damaged,1112.29,2
9798,16712,2024-12-22,Wrong Product,5183.14,2
9799,48805,2024-02-06,Damaged,7089.76,2
9800,9795,2024-08-31,Not as Expected,5467.24,3
9801,16720,2024-10-10,Not as Expected,1583.3,3
9802,10870,2024-02-12,Late Delivery,1442.75,7
9803,6523,2024-10-19,Late Delivery,1589.06,9
9804,33894,2024-07-04,Late Delivery,3724.86,8
9805,31943,2024-05-26,Damaged,1092.49,6
9806,22069,2024-08-01,Size Issue,4075.63,5
9807,30610,2024-12-03,Damaged,1437.78,9
9808,5414,2024-08-14,Wrong Product,1556.3,3
9809,35756,2024-12-06,Size Issue,2360.76,3
9810,33672,2024-08-31,Late Delivery,2308.64,3
9811,39812,2024-05-09,Late Delivery,4709.3,2
9812,39905,2024-09-04,Size Issue,4867.29,7
9813,13131,2024-08-26,Size Issue,2340.94,4
9814,2174,2024-04-30,Late Delivery,4955.32,2
9815,10649,2024-05-28,Late Delivery,3179.74,1
9816,36821,2024-07-23,Not as Expected,943.37,5
9817,26593,2024-04-07,Size Issue,982.32,1
9818,17525,2024-09-02,Size Issue,3860.1,6
9819,5467,2024-10-16,Not as Expected,5545.66,5
9820,48082,2024-08-06,Wrong Product,1721.27,4
9821,34634,2024-12-30,Size Issue,2179.54,4
9822,48834,2024-04-07,Not as Expected,1506.99,2
9823,8174,2024-10-13,Wrong Product,443.97,1
9824,40770,2024-07-12,Late Delivery,5336.28,2
9825,19897,2024-11-21,Damaged,5423.25,9
9826,24753,2024-03-26,Size Issue,2410.63,1
9827,47992,2024-01-18,Wrong Product,8082.76,1
9828,48003,2024-02-01,Size Issue,5760.84,4
9829,761,2024-09-11,Late Delivery,1223.22,2
9830,40369,2024-11-02,Size Issue,810.22,4
9831,25285,2024-06-24,Not as Expected,5319.6,5
9832,35001,2024-06-04,Damaged,5307.87,8
9833,14781,2024-12-28,Not as Expected,2691.49,8
9834,26775,2024-09-07,Wrong Product,1668.17,8
9835,38201,2024-08-29,Size Issue,451.57,4
9836,14375,2024-12-29,Late Delivery,2246.34,6
9837,18860,2024-09-18,Damaged,5145.59,7
9838,3969,2025-01-01,Size Issue,3963.07,7
9839,36462,2024-07-06,Not as Expected,7640.72,9
9840,15997,2024-09-06,Late Delivery,5573.06,2
9841,29148,2024-11-10,Wrong Product,3188.5,5
9842,27968,2024-08-19,Late Delivery,3219.89,9
9843,6071,2024-11-17,Wrong Product,3271.75,3
9844,4747,2024-03-19,Damaged,3961.91,2
9845,8456,2024-04-04,Size Issue,1486.27,2
9846,41245,2024-10-16,Wrong Product,654.33,6
9847,15419,2024-06-26,Wrong Product,3874.01,8
9848,5046,2024-04-23,Wrong Product,2502.94,7
9849,38232,2024-06-10,Damaged,5994.23,5
9850,29582,2024-02-13,Late Delivery,589.25,9
9851,44721,2024-02-17,Wrong Product,4470.66,9
9852,45589,2024-04-20,Wrong Product,5598.61,5
9853,21579,2024-11-17,Late Delivery,3760.93,6
9854,37822,2024-07-31,Size Issue,2755.8,9
9855,5462,2024-03-23,Wrong Product,390.29,6
9856,9472,2024-04-26,Damaged,3014.07,4
9857,20390,2024-03-15,Late Delivery,2204.01,9
9858,48178,2024-04-07,Damaged,1494.67,9
9859,28914,2024-09-19,Wrong Product,3622.65,7
9860,10894,2024-02-26,Wrong Product,6922.08,7
9861,4025,2024-11-14,Late Delivery,3331.67,7
9862,26594,2024-12-24,Not as Expected,6140.91,8
9863,40925,2024-05-07,Late Delivery,4882.37,4
9864,12623,2024-03-15,Wrong Product,2212.51,4
9865,1289,2024-02-16,Late Delivery,7276.71,9
9866,38945,2024-02-22,Size Issue,392.77,1
9867,5163,2024-02-08,Size Issue,3143.8,3
9868,39383,2024-09-12,Damaged,369.21,2
9869,39238,2024-06-16,Size Issue,5575.96,9
9870,45959,2024-08-18,Wrong Product,741.71,7
9871,21601,2024-05-11,Size Issue,4728.62,8
9872,36098,2024-10-29,Wrong Product,5144.26,3
9873,37246,2024-05-26,Not as Expected,6837.62,2
9874,5954,2024-08-17,Size Issue,6323.82,2
9875,44821,2024-01-17,Not as Expected,3246.28,7
9876,26067,2024-12-17,Late Delivery,4460.79,7
9877,15735,2024-06-08,Not as Expected,6963.2,2
9878,45364,2024-03-30,Not as Expected,973.9,9
9879,23738,2024-07-14,Wrong Product,1980.2,6
9880,46768,2024-01-13,Damaged,6466.1,1
9881,28627,2024-02-05,Not as Expected,5316.58,9
9882,22509,2024-12-17,Late Delivery,2210.6,5
9883,15981,2024-07-06,Late Delivery,5756.47,9
9884,40482,2025-01-06,Damaged,2957.16,4
9885,47800,2024-03-21,Late Delivery,4762.56,1
9886,2471,2024-10-29,Late Delivery,508.44,7
9887,32837,2024-11-16,Wrong Product,2880.68,5
9888,22812,2024-10-17,Not as Expected,652.33,2
9889,44485,2024-07-01,Damaged,7075.53,9
9890,5432,2024-02-11,Late Delivery,4792.66,2
9891,47400,2024-08-10,Wrong Product,3982.69,1
9892,10009,2024-07-27,Damaged,3036.37,2
9893,21957,2024-03-22,Late Delivery,1385.33,8
9894,13447,2024-05-21,Size Issue,3225.26,1
9895,1574,2024-08-20,Damaged,4820.16,9
9896,9605,2024-12-30,Not as Expected,5729.34,7
9897,22473,2024-03-25,Late Delivery,3025.57,5
9898,48233,2024-06-17,Size Issue,4892.87,2
9899,4540,2024-05-05,Late Delivery,6883.0,5
9900,10305,2024-05-10,Damaged,1798.76,5
9901,37631,2024-03-02,Damaged,3549.69,3
9902,35523,2024-04-27,Damaged,240.23,4
9903,40549,2024-08-01,Late Delivery,4142.16,4
9904,13076,2024-01-22,Wrong Product,3443.26,4
9905,46046,2024-09-17,Wrong Product,2018.15,5
9906,5820,2024-11-01,Wrong Product,1694.2,5
9907,35479,2024-11-20,Wrong Product,7127.76,8
9908,21294,2024-08-08,Damaged,1866.37,8
9909,24037,2024-03-12,Late Delivery,7711.54,4
9910,24915,2024-10-04,Not as Expected,4205.73,1
9911,10143,2024-08-01,Late Delivery,5349.92,7
9912,7827,2024-08-21,Wrong Product,4029.87,9
9913,14946,2024-06-14,Not as Expected,2166.94,1
9914,44600,2024-05-17,Size Issue,3872.91,3
9915,17487,2024-11-24,Damaged,1888.6,7
9916,5057,2024-07-26,Not as Expected,1028.36,8
9917,27333,2024-01-14,Not as Expected,5453.39,8
9918,10819,2024-03-08,Not as Expected,6212.32,5
9919,17049,2024-11-07,Damaged,3755.04,2
9920,22588,2024-10-24,Late Delivery,2928.68,1
9921,13057,2024-09-14,Not as Expected,6833.45,7
9922,36858,2024-09-18,Wrong Product,3209.5,9
9923,35026,2024-09-13,Not as Expected,348.57,2
9924,49851,2024-12-21,Damaged,1036.67,2
9925,3322,2024-05-02,Size Issue,694.77,3
9926,14438,2024-03-15,Wrong Product,2221.26,2
9927,34474,2024-09-23,Wrong Product,6410.65,4
9928,33538,2024-10-30,Wrong Product,5104.4,8
9929,6737,2024-01-07,Not as Expected,5998.71,9
9930,18255,2024-03-28,Wrong Product,4949.97,4
9931,39207,2024-04-28,Not as Expected,4879.17,2
9932,5910,2024-01-25,Wrong Product,732.71,6
9933,16580,2024-09-19,Damaged,1333.58,1
9934,16551,2024-09-25,Not as Expected,483.33,5
9935,10512,2024-01-22,Not as Expected,5702.72,8
9936,27596,2024-01-21,Not as Expected,4062.05,9
9937,25452,2024-06-19,Size Issue,560.19,6
9938,32096,2024-06-17,Wrong Product,3849.3,9
9939,48927,2025-01-06,Damaged,4409.74,3
9940,31867,2024-05-15,Wrong Product,2596.44,8
9941,33106,2024-04-07,Wrong Product,5822.05,7
9942,21703,2024-02-28,Damaged,3265.0,9
9943,40107,2024-04-13,Late Delivery,3810.12,1
9944,47442,2024-03-03,Wrong Product,6369.6,3
9945,13574,2024-02-13,Wrong Product,425.77,7
9946,4843,2024-05-01,Wrong Product,2456.77,4
9947,39217,2024-02-13,Late Delivery,2695.83,1
9948,30460,2024-05-08,Wrong Product,1286.16,5
9949,8809,2024-09-20,Size Issue,4506.32,4
9950,7243,2024-10-20,Late Delivery,776.14,3
9951,24150,2024-08-12,Size Issue,374.97,4
9952,17029,2024-12-06,Damaged,4729.31,5
9953,17014,2024-12-13,Wrong Product,1484.75,5
9954,21273,2024-06-08,Size Issue,320.6,2
9955,4847,2024-11-20,Not as Expected,3619.76,7
9956,4272,2024-09-09,Damaged,3127.04,8
9957,7397,2024-01-10,Size Issue,4555.1,8
9958,39649,2024-03-23,Damaged,2490.57,7
9959,48989,2024-06-10,Damaged,4992.1,7
9960,7086,2024-06-05,Damaged,1058.65,3
9961,8804,2024-06-17,Not as Expected,1775.98,6
9962,45262,2024-05-05,Wrong Product,3812.53,5
9963,460,2024-08-20,Wrong Product,3566.58,1
9964,46758,2024-09-24,Damaged,3700.86,4
9965,5788,2024-07-24,Wrong Product,6010.22,2
9966,3760,2024-12-12,Wrong Product,2798.58,6
9967,5511,2024-11-12,Size Issue,809.8,2
9968,36620,2024-03-28,Damaged,5899.55,1
9969,28018,2024-06-27,Damaged,4194.78,6
9970,20028,2024-03-01,Late Delivery,748.85,3
9971,39353,2024-11-18,Damaged,1157.68,4
9972,39939,2024-01-18,Late Delivery,2037.03,1
9973,25594,2024-07-04,Late Delivery,2287.96,6
9974,34537,2024-06-25,Late Delivery,3344.26,6
9975,43456,2024-06-19,Not as Expected,1077.23,6
9976,26944,2024-10-04,Damaged,1848.04,1
9977,17485,2024-12-07,Damaged,2319.25,7
9978,2788,2024-08-26,Damaged,6789.31,5
9979,7050,2024-08-31,Damaged,1213.77,1
9980,45317,2024-12-01,Size Issue,3420.18,1
9981,3035,2024-07-24,Late Delivery,1585.12,3
9982,9451,2024-08-21,Wrong Product,5835.66,4
9983,23874,2024-09-06,Wrong Product,6048.78,9
9984,14056,2024-02-29,Damaged,1004.11,7
9985,29791,2024-08-05,Size Issue,3955.93,2
9986,20634,2024-05-19,Late Delivery,353.43,5
9987,46932,2024-04-12,Damaged,1261.18,3
9988,16448,2024-02-18,Size Issue,5904.39,9
9989,5175,2024-02-16,Not as Expected,3315.9,3
9990,45860,2024-01-24,Damaged,338.02,7
9991,39105,2024-10-17,Size Issue,5650.45,4
9992,3591,2024-05-09,Not as Expected,2931.11,3
9993,12525,2024-04-22,Size Issue,4658.85,1
9994,12341,2024-09-29,Not as Expected,1074.87,9
9995,16012,2024-12-10,Late Delivery,3769.57,3
9996,6329,2024-09-10,Wrong Product,4686.93,9
9997,20636,2024-10-28,Wrong Product,5947.75,6
9998,36446,2024-05-19,Damaged,3579.28,7
9999,49910,2024-04-12,Damaged,3340.08,7
10000,5906,2024-09-06,Wrong Product,2191.26,8
10001,43221,2024-03-09,Size Issue,3120.8,7
10002,4934,2024-05-31,Not as Expected,4861.14,8
10003,45170,2024-08-13,Wrong Product,1990.12,4
10004,30842,2024-07-27,Late Delivery,5788.27,1
10005,48999,2024-08-25,Not as Expected,5088.12,7
10006,9190,2024-10-31,Damaged,1599.34,4
10007,13311,2024-02-09,Late Delivery,6663.19,3
10008,42959,2024-09-07,Not as Expected,2069.29,5
10009,20228,2024-03-13,Not as Expected,4501.18,9
10010,25269,2024-05-24,Wrong Product,3335.75,1
10011,32304,2024-11-15,Late Delivery,5532.94,9
10012,35726,2024-11-06,Damaged,3094.05,1
10013,28266,2024-05-23,Size Issue,3382.96,9
10014,35710,2024-03-01,Damaged,5764.02,7
10015,5323,2024-09-22,Not as Expected,3915.26,1
10016,20771,2024-04-15,Size Issue,2308.88,7
10017,37021,2024-09-26,Damaged,5615.4,5
10018,10466,2024-11-13,Not as Expected,943.76,6
10019,24423,2024-05-04,Damaged,4702.64,8
10020,15954,2024-04-19,Not as Expected,4071.85,4
10021,13129,2024-10-30,Not as Expected,493.82,9
10022,22138,2024-01-23,Size Issue,283.54,7
10023,4486,2024-06-24,Late Delivery,5545.55,2
10024,3788,2024-08-09,Wrong Product,2726.86,9
10025,29461,2024-10-26,Not as Expected,5900.08,3
10026,41190,2024-05-02,Late Delivery,6095.02,7
10027,20648,2024-01-15,Late Delivery,5268.65,4
10028,7743,2024-12-09,Wrong Product,1443.01,2
10029,26015,2024-07-12,Late Delivery,758.95,8
10030,45828,2024-03-19,Damaged,3286.14,7
10031,1152,2024-03-18,Not as Expected,4765.05,9
10032,38873,2024-07-25,Not as Expected,1684.76,3
10033,4185,2024-04-16,Damaged,2113.59,4
10034,29800,2024-12-03,Size Issue,1494.89,4
10035,38446,2024-03-12,Size Issue,2379.25,3
10036,3987,2024-05-07,Damaged,1510.38,3
10037,45266,2024-06-14,Wrong Product,1555.14,7
10038,29579,2024-08-31,Not as Expected,6439.4,6
10039,40347,2024-12-28,Not as Expected,6168.88,5
10040,46359,2024-09-30,Not as Expected,3899.47,4
10041,41244,2024-07-22,Late Delivery,4366.25,5
10042,41298,2024-08-21,Damaged,1894.55,6
10043,43133,2024-12-24,Damaged,6981.62,9
10044,41458,2024-03-08,Wrong Product,1818.13,4
10045,43739,2024-03-25,Size Issue,5024.7,5
10046,38338,2024-05-23,Late Delivery,2630.09,4
10047,38107,2024-07-03,Late Delivery,5461.86,4
10048,37077,2024-02-23,Wrong Product,901.27,8
10049,49411,2024-11-12,Damaged,569.12,1
10050,44931,2024-02-26,Not as Expected,5224.09,4
10051,6729,2024-11-28,Late Delivery,6996.6,7
10052,26445,2024-03-15,Not as Expected,5323.07,8
10053,4806,2024-11-17,Damaged,2968.46,6
10054,1340,2024-05-05,Not as Expected,1830.27,8
10055,16169,2024-11-13,Wrong Product,3288.41,8
10056,42014,2024-05-18,Not as Expected,1917.35,6
10057,43332,2024-12-07,Size Issue,6552.63,7
10058,21975,2024-10-26,Wrong Product,1522.83,6
10059,15533,2024-06-08,Late Delivery,768.88,4
10060,32064,2025-01-09,Damaged,5034.35,2
10061,2198,2024-09-17,Not as Expected,509.41,4
10062,2929,2024-02-25,Damaged,1514.34,3
10063,32423,2024-02-04,Wrong Product,1536.02,2
10064,23686,2024-07-07,Damaged,2290.27,3
10065,23340,2024-11-17,Size Issue,4977.8,9
10066,32555,2024-12-13,Size Issue,2952.43,6
10067,20144,2024-08-03,Late Delivery,2490.11,9
10068,19373,2024-08-04,Not as Expected,5926.38,5
10069,48067,2024-06-13,Damaged,4283.21,4
10070,31940,2024-12-05,Wrong Product,4007.74,3
10071,32138,2024-05-23,Damaged,6451.65,7
10072,9722,2024-04-29,Late Delivery,5870.95,7
10073,20990,2024-07-22,Damaged,6362.11,4
10074,21355,2024-11-10,Not as Expected,516.59,4
10075,48845,2024-12-05,Not as Expected,7267.77,3
10076,22541,2024-03-02,Wrong Product,1789.12,9
10077,14631,2024-01-31,Late Delivery,1388.52,4
10078,5452,2024-06-22,Not as Expected,1096.3,7
10079,25666,2024-04-27,Wrong Product,6649.04,5
10080,21836,2024-07-08,Damaged,636.89,8
10081,15512,2024-03-15,Size Issue,2515.92,2
10082,493,2025-01-03,Not as Expected,6902.68,1
10083,35763,2024-12-15,Late Delivery,2130.16,4
10084,29808,2024-05-23,Size Issue,1441.61,4
10085,12621,2024-04-04,Size Issue,1971.77,4
10086,38113,2024-11-04,Late Delivery,630.0,1
10087,38844,2024-09-11,Not as Expected,1318.33,5
10088,22785,2024-07-03,Size Issue,4614.51,1
10089,8768,2024-05-31,Not as Expected,2481.98,9
10090,48456,2024-04-17,Not as Expected,2957.02,8
10091,40474,2024-09-17,Not as Expected,5240.68,6
10092,922,2024-06-21,Damaged,493.54,4
10093,30274,2024-06-15,Wrong Product,1574.59,4
10094,7659,2024-03-14,Late Delivery,4489.41,9
10095,29588,2024-09-25,Wrong Product,536.22,4
10096,2516,2024-08-29,Not as Expected,4148.09,9
10097,1100,2024-12-04,Not as Expected,1343.57,1
10098,8225,2024-12-27,Not as Expected,3119.31,1
10099,15695,2024-11-17,Wrong Product,4091.4,3
10100,5984,2024-09-15,Damaged,3891.68,9
10101,27355,2024-03-26,Not as Expected,6771.03,2
10102,25833,2024-02-19,Damaged,5447.44,4
10103,43236,2024-11-09,Damaged,3069.64,7
10104,23767,2024-01-22,Not as Expected,6399.81,6
10105,48779,2024-08-19,Wrong Product,1811.54,1
10106,48518,2024-12-17,Late Delivery,2513.43,2
10107,15723,2024-12-23,Wrong Product,721.22,9
10108,19087,2024-09-04,Damaged,800.11,7
10109,5688,2024-04-28,Damaged,1098.91,4
10110,41289,2024-09-22,Damaged,4938.18,7
10111,42059,2024-06-27,Damaged,3558.83,3
10112,45993,2024-01-09,Size Issue,365.2,6
10113,1656,2024-05-29,Damaged,6254.48,8
10114,46335,2024-02-21,Damaged,6648.2,3
10115,4051,2024-12-17,Size Issue,2089.52,7
10116,45043,2024-03-14,Not as Expected,2228.42,8
10117,48691,2024-08-11,Not as Expected,3602.13,3
10118,23350,2024-08-12,Late Delivery,521.21,6
10119,30161,2024-02-09,Not as Expected,6418.92,5
10120,6437,2024-09-07,Damaged,376.74,2
10121,892,2024-05-31,Size Issue,1989.25,4
10122,31003,2024-08-05,Damaged,5729.63,5
10123,22953,2024-12-29,Damaged,4156.34,9
10124,32170,2025-01-01,Late Delivery,6084.9,3
10125,37123,2024-01-22,Damaged,3788.52,4
10126,27934,2024-12-04,Damaged,3172.9,8
10127,35466,2024-04-03,Size Issue,1534.18,9
10128,35612,2024-05-04,Size Issue,2946.84,4
10129,18200,2024-02-11,Damaged,2131.69,9
10130,5934,2024-09-14,Not as Expected,5285.74,5
10131,8379,2024-12-23,Damaged,4884.7,1
10132,41389,2024-05-27,Wrong Product,1100.19,6
10133,49253,2024-05-10,Late Delivery,5273.88,7
10134,47259,2024-06-29,Not as Expected,3452.11,8
10135,1039,2024-05-05,Not as Expected,4140.44,1
10136,5264,2024-01-26,Not as Expected,5410.43,9
10137,30665,2024-03-15,Not as Expected,6585.56,1
10138,29635,2024-09-08,Late Delivery,1025.03,7
10139,37449,2024-05-02,Not as Expected,2329.9,8
10140,1499,2024-08-08,Wrong Product,2828.09,6
10141,46022,2024-02-15,Wrong Product,1050.89,1
10142,20266,2024-08-02,Not as Expected,2382.29,2
10143,21891,2024-06-11,Not as Expected,3806.42,9
10144,20596,2024-06-08,Late Delivery,748.83,9
10145,42388,2024-09-13,Wrong Product,5834.36,7
10146,4760,2024-07-04,Size Issue,6590.2,3
10147,11094,2024-04-20,Size Issue,1004.9,4
10148,37676,2024-08-27,Wrong Product,2578.41,3
10149,11884,2024-01-19,Damaged,5707.94,6
10150,38162,2024-03-31,Wrong Product,933.79,8
10151,42037,2024-08-06,Wrong Product,5012.91,6
10152,24881,2024-09-15,Not as Expected,6796.3,3
10153,48624,2024-07-30,Damaged,6669.92,7
10154,1989,2024-04-13,Not as Expected,4606.21,2
10155,38655,2024-06-06,Late Delivery,4006.18,9
10156,9425,2024-02-03,Damaged,2286.84,8
10157,32726,2024-12-29,Size Issue,847.89,1
10158,15926,2024-04-02,Wrong Product,6318.03,3
10159,39014,2024-10-28,Wrong Product,1792.71,6
10160,23015,2024-12-20,Late Delivery,4344.94,7
10161,40945,2024-10-29,Late Delivery,3511.78,2
10162,39739,2024-03-24,Size Issue,7420.84,5
10163,27278,2024-08-10,Wrong Product,4427.47,9
10164,41609,2024-09-27,Wrong Product,2307.85,4
10165,20516,2024-05-26,Size Issue,5949.41,5
10166,23772,2024-07-22,Not as Expected,5249.11,8
10167,7215,2024-12-17,Not as Expected,5654.71,9
10168,38878,2024-07-16,Size Issue,1182.02,9
10169,27840,2024-09-18,Wrong Product,506.38,4
10170,7057,2024-02-01,Size Issue,5399.19,7
10171,24138,2024-06-14,Wrong Product,3928.13,3
10172,37154,2024-04-04,Wrong Product,1276.35,7
10173,17039,2024-02-22,Wrong Product,1075.16,7
10174,3051,2024-07-15,Late Delivery,1272.97,6
10175,20543,2024-02-05,Not as Expected,2461.53,2
10176,34328,2024-04-18,Wrong Product,917.21,4
10177,14939,2024-09-23,Wrong Product,5699.13,8
10178,27288,2024-12-08,Size Issue,5227.57,9
10179,13485,2024-10-15,Late Delivery,5459.66,5
10180,3311,2024-09-16,Not as Expected,5273.98,8
10181,32220,2024-04-08,Not as Expected,646.41,5
10182,37649,2024-08-10,Size Issue,1100.81,9
10183,5321,2024-04-01,Wrong Product,2244.44,5
10184,18755,2024-09-20,Size Issue,1122.62,8
10185,5537,2024-11-29,Damaged,3914.06,2
10186,20734,2024-04-12,Size Issue,882.45,5
10187,27605,2024-06-29,Late Delivery,1623.79,7
10188,48797,2024-12-07,Damaged,1530.42,9
10189,3641,2024-10-11,Damaged,5154.5,8
10190,36225,2024-09-14,Damaged,7933.31,1
10191,202,2024-07-26,Damaged,6592.07,2
10192,48899,2024-12-28,Size Issue,6262.91,8
10193,12218,2024-03-30,Not as Expected,2963.17,1
10194,49785,2024-09-03,Size Issue,1490.82,9
10195,13060,2024-09-30,Wrong Product,1903.76,5
10196,34447,2024-10-11,Damaged,3608.66,3
10197,48376,2024-12-25,Wrong Product,2710.45,8
10198,43014,2024-06-02,Size Issue,2944.3,3
10199,16280,2024-05-06,Damaged,3399.81,3
10200,6055,2024-07-09,Size Issue,3810.64,2
10201,16493,2024-08-05,Size Issue,7477.94,6
10202,10437,2024-06-03,Size Issue,1143.05,8
10203,15435,2024-05-28,Late Delivery,915.91,2
10204,17281,2024-03-03,Damaged,4811.46,1
10205,42161,2024-05-08,Size Issue,3785.87,1
10206,42677,2024-04-07,Damaged,1600.43,3
10207,41727,2024-10-03,Late Delivery,4835.22,2
10208,43415,2024-07-09,Wrong Product,1544.94,6
10209,24646,2024-06-17,Late Delivery,6848.49,2
10210,31193,2024-03-20,Late Delivery,4590.06,3
10211,6709,2024-02-17,Damaged,2365.95,6
10212,14855,2024-06-01,Damaged,1342.84,7
10213,29674,2024-03-16,Not as Expected,4832.21,5
10214,5299,2024-07-12,Damaged,4688.78,9
10215,14953,2024-05-04,Not as Expected,1109.2,1
10216,42670,2024-11-02,Size Issue,4490.21,1
10217,36182,2024-08-22,Damaged,4930.38,4
10218,22161,2024-12-02,Damaged,3866.73,3
10219,22061,2024-03-16,Size Issue,2693.8,1
10220,33957,2024-12-31,Size Issue,320.3,4
10221,15654,2024-09-23,Wrong Product,4439.03,1
10222,42344,2024-04-26,Damaged,1432.12,6
10223,17702,2024-09-25,Late Delivery,6023.13,8
10224,23782,2024-04-18,Wrong Product,3390.4,9
10225,1822,2024-07-24,Late Delivery,2979.74,3
10226,8371,2024-12-07,Not as Expected,571.9,5
10227,27251,2024-07-09,Size Issue,976.54,4
10228,13600,2024-04-20,Not as Expected,2713.53,5
10229,15352,2024-11-13,Not as Expected,6415.09,2
10230,21874,2024-12-27,Not as Expected,987.22,4
10231,25719,2024-03-26,Late Delivery,4859.81,2
10232,19868,2024-02-10,Size Issue,1444.21,4
10233,38684,2024-09-04,Damaged,506.15,2
10234,31805,2024-03-17,Late Delivery,3490.62,5
10235,45729,2024-03-18,Late Delivery,5996.15,9
10236,35438,2024-04-09,Wrong Product,1257.76,6
10237,12756,2024-09-13,Wrong Product,1601.66,2
10238,3771,2024-11-16,Damaged,3413.99,8
10239,16184,2024-06-10,Size Issue,1062.1,3
10240,28501,2024-04-02,Not as Expected,5888.8,6
10241,45498,2024-02-05,Size Issue,3378.77,4
10242,9902,2024-10-10,Wrong Product,970.6,6
10243,7038,2024-04-06,Not as Expected,388.88,6
10244,39382,2024-08-02,Wrong Product,6073.74,1
10245,16955,2024-02-07,Not as Expected,4712.6,3
10246,42320,2024-03-31,Not as Expected,4646.68,3
10247,20915,2024-12-23,Size Issue,5389.32,5
10248,17413,2024-04-08,Late Delivery,1162.01,6
10249,42419,2024-11-06,Not as Expected,2691.32,6
10250,36448,2024-08-14,Damaged,2256.79,4
10251,41573,2024-10-27,Wrong Product,2167.17,6
10252,15385,2024-10-18,Damaged,561.52,4
10253,49378,2024-04-21,Size Issue,3581.54,4
10254,17434,2024-12-15,Not as Expected,4601.59,8
10255,39629,2024-12-07,Not as Expected,5996.33,1
10256,31052,2024-09-30,Not as Expected,924.64,7
10257,3002,2024-09-08,Damaged,2144.83,9
10258,41992,2024-11-04,Size Issue,1988.11,5
10259,23879,2024-06-23,Wrong Product,4165.39,4
10260,47374,2024-11-11,Not as Expected,3262.03,7
10261,44189,2024-07-15,Size Issue,1696.6,1
10262,12236,2024-07-15,Size Issue,5691.95,5
10263,42985,2024-06-02,Not as Expected,3565.3,5
10264,18331,2024-08-20,Not as Expected,6529.08,7
10265,25065,2024-09-24,Wrong Product,2250.96,6
10266,28640,2024-01-15,Wrong Product,2933.91,3
10267,35288,2024-12-29,Damaged,4476.27,6
10268,15740,2024-07-10,Wrong Product,1381.19,3
10269,27421,2024-12-27,Not as Expected,6419.43,4
10270,26635,2024-04-21,Not as Expected,4089.17,1
10271,33178,2024-01-18,Late Delivery,4309.07,7
10272,49393,2024-08-26,Late Delivery,2095.52,1
10273,23508,2024-02-23,Late Delivery,5554.44,6
10274,2163,2024-03-23,Wrong Product,3791.58,3
10275,17473,2024-09-14,Size Issue,3390.42,1
10276,39758,2024-04-10,Late Delivery,3754.76,8
10277,47544,2024-08-08,Wrong Product,1712.09,5
10278,14313,2024-01-11,Damaged,3684.0,6
10279,45618,2024-04-26,Size Issue,1463.58,8
10280,24733,2024-03-03,Late Delivery,5832.22,6
10281,42830,2024-11-06,Late Delivery,3368.47,1
10282,18569,2024-01-22,Not as Expected,4878.67,9
10283,3412,2024-12-25,Damaged,3488.38,6
10284,19582,2025-01-05,Wrong Product,4495.58,7
10285,44998,2024-04-03,Size Issue,1530.63,2
10286,48714,2025-01-01,Not as Expected,2281.42,2
10287,189,2024-11-16,Late Delivery,1550.55,9
10288,4574,2024-05-07,Not as Expected,8001.04,6
10289,46595,2024-07-16,Late Delivery,5708.42,5
10290,43823,2024-05-20,Wrong Product,1149.24,4
10291,31097,2024-03-07,Damaged,1390.41,3
10292,31871,2024-04-25,Size Issue,6871.07,3
10293,10765,2024-02-03,Damaged,5816.55,6
10294,6810,2024-12-27,Wrong Product,2078.64,3
10295,25729,2024-12-26,Wrong Product,7630.9,6
10296,40812,2024-09-24,Wrong Product,2849.06,7
10297,43487,2024-02-02,Not as Expected,976.29,6
10298,28892,2024-05-28,Late Delivery,2020.0,9
10299,14065,2024-05-01,Size Issue,5209.1,1
10300,20269,2024-09-09,Wrong Product,2870.16,6
10301,6789,2024-04-17,Size Issue,2343.02,4
10302,23056,2024-02-18,Wrong Product,3707.03,6
10303,32994,2024-01-15,Not as Expected,680.22,7
10304,18340,2024-02-11,Size Issue,2857.18,6
10305,12547,2024-02-28,Damaged,926.4,6
10306,14361,2024-09-30,Size Issue,1494.69,7
10307,12433,2024-01-18,Not as Expected,1159.9,8
10308,19626,2024-05-07,Wrong Product,4482.85,9
10309,122,2024-12-22,Wrong Product,5658.39,4
10310,36069,2024-05-24,Not as Expected,2490.32,5
10311,44860,2024-06-28,Late Delivery,896.58,3
10312,10141,2024-12-19,Late Delivery,2723.5,2
10313,15702,2024-06-24,Wrong Product,3536.69,2
10314,5398,2024-01-12,Wrong Product,1184.36,4
10315,30669,2024-12-01,Wrong Product,4310.53,7
10316,39108,2024-10-20,Not as Expected,2395.46,8
10317,30201,2024-11-21,Size Issue,4617.07,6
10318,10174,2024-10-19,Late Delivery,889.9,1
10319,24399,2024-07-31,Late Delivery,2542.43,4
10320,14031,2024-05-08,Damaged,1162.62,5
10321,20060,2024-02-27,Size Issue,3873.16,3
10322,36590,2024-05-20,Size Issue,4820.83,8
10323,27307,2024-06-20,Damaged,2296.07,9
10324,16856,2024-08-31,Not as Expected,5436.01,5
10325,20937,2024-11-28,Not as Expected,5475.63,7
10326,12810,2024-02-24,Damaged,2279.1,4
10327,15494,2024-04-17,Not as Expected,3948.62,8
10328,25411,2024-06-30,Wrong Product,2460.17,2
10329,47139,2024-04-03,Damaged,5475.28,5
10330,49917,2024-01-15,Damaged,5847.33,3
10331,30335,2024-10-10,Late Delivery,926.18,1
10332,9892,2024-06-06,Size Issue,6135.17,2
10333,22372,2024-11-06,Wrong Product,4532.78,4
10334,33389,2024-11-12,Damaged,5096.89,2
10335,5139,2024-03-09,Late Delivery,3433.42,2
10336,4995,2024-10-27,Size Issue,5818.85,7
10337,48952,2024-07-18,Size Issue,2837.77,5
10338,16879,2024-12-05,Damaged,4831.83,2
10339,958,2024-11-16,Wrong Product,5969.51,7
10340,14588,2024-03-20,Wrong Product,6559.09,5
10341,7446,2024-10-14,Size Issue,4315.66,7
10342,42452,2024-11-21,Not as Expected,6263.74,7
10343,2347,2024-04-01,Damaged,3656.82,1
10344,17381,2024-03-07,Not as Expected,4572.19,9
10345,16502,2024-11-04,Wrong Product,3358.1,9
10346,33140,2024-11-06,Late Delivery,3140.16,1
10347,49708,2024-11-05,Not as Expected,723.14,3
10348,20614,2024-01-23,Size Issue,1123.1,1
10349,14274,2024-05-09,Size Issue,3312.93,9
10350,29038,2024-12-21,Wrong Product,2528.96,3
10351,49158,2024-11-22,Wrong Product,5089.46,2
10352,1968,2024-01-16,Size Issue,5659.06,4
10353,39756,2024-02-03,Late Delivery,4450.09,4
10354,47716,2024-01-16,Wrong Product,1522.13,6
10355,47689,2024-04-14,Wrong Product,2518.79,2
10356,41691,2024-04-18,Late Delivery,6529.29,7
10357,38139,2024-06-29,Size Issue,5583.55,1
10358,44697,2024-05-18,Not as Expected,963.88,4
10359,38570,2024-05-11,Not as Expected,4155.94,6
10360,46955,2024-02-24,Late Delivery,6162.62,7
10361,32630,2024-12-23,Size Issue,3787.51,6
10362,16941,2024-05-28,Late Delivery,2774.96,1
10363,1232,2024-06-11,Size Issue,6169.82,4
10364,8270,2024-02-06,Damaged,3125.92,6
10365,27878,2024-10-09,Wrong Product,2453.54,8
10366,29182,2024-10-26,Damaged,410.71,1
10367,173,2024-04-08,Not as Expected,2143.68,3
10368,39828,2024-02-20,Not as Expected,2853.55,5
10369,27794,2024-02-26,Size Issue,5210.83,4
10370,7436,2024-11-28,Size Issue,1050.53,5
10371,46420,2024-08-13,Damaged,2458.86,7
10372,5769,2024-10-24,Late Delivery,749.71,3
10373,29113,2024-04-24,Not as Expected,1009.33,5
10374,7140,2024-05-01,Size Issue,3657.85,6
10375,6988,2024-09-28,Late Delivery,579.59,9
10376,43172,2024-05-09,Size Issue,6666.28,3
10377,44743,2024-03-08,Late Delivery,710.41,1
10378,49230,2024-12-14,Damaged,1132.87,6
10379,44731,2024-07-04,Not as Expected,1257.67,5
10380,1921,2024-07-08,Wrong Product,2128.49,1
10381,13981,2025-01-01,Late Delivery,560.74,2
10382,7610,2024-09-17,Late Delivery,1680.45,3
10383,33318,2024-10-11,Size Issue,5809.1,8
10384,28488,2024-10-31,Wrong Product,6183.86,3
10385,2269,2024-12-05,Late Delivery,1705.84,9
10386,1943,2024-03-06,Late Delivery,503.86,2
10387,1870,2024-02-19,Late Delivery,5676.53,2
10388,19486,2024-11-11,Damaged,2574.7,5
10389,15436,2024-01-16,Not as Expected,1668.0,1
10390,43158,2024-06-17,Late Delivery,5690.43,3
10391,27393,2024-01-20,Not as Expected,1467.66,7
10392,42342,2024-06-03,Size Issue,2767.7,3
10393,47276,2024-07-30,Damaged,6046.06,8
10394,21523,2024-02-12,Late Delivery,6645.83,7
10395,23216,2024-08-18,Not as Expected,4487.77,3
10396,49816,2024-03-16,Not as Expected,1356.38,2
10397,25074,2024-09-18,Wrong Product,4407.43,5
10398,42397,2024-07-31,Late Delivery,2687.87,3
10399,44790,2024-12-31,Late Delivery,1466.86,2
10400,34689,2024-07-01,Late Delivery,3443.47,7
10401,10540,2024-04-25,Late Delivery,5993.41,4
10402,165,2024-02-23,Late Delivery,4075.22,9
10403,30378,2024-02-01,Wrong Product,6142.13,5
10404,35135,2024-01-24,Wrong Product,1234.39,4
10405,19954,2024-01-17,Late Delivery,4600.62,6
10406,4770,2024-10-04,Late Delivery,904.34,5
10407,2379,2024-03-16,Wrong Product,2562.21,7
10408,29769,2024-09-28,Late Delivery,7698.48,5
10409,15283,2024-02-22,Not as Expected,360.61,7
10410,17270,2024-10-18,Wrong Product,4584.52,7
10411,46332,2024-04-25,Not as Expected,4624.18,6
10412,4147,2024-01-22,Not as Expected,6174.1,3
10413,24387,2024-06-15,Wrong Product,3122.29,8
10414,49810,2024-10-12,Wrong Product,5312.72,3
10415,28733,2025-01-03,Late Delivery,3028.54,4
10416,49633,2024-07-08,Wrong Product,618.04,7
10417,33749,2024-05-15,Wrong Product,5646.43,8
10418,24243,2024-02-03,Damaged,5784.9,5
10419,17496,2024-02-13,Not as Expected,5523.53,2
10420,35470,2024-03-31,Damaged,2962.74,5
10421,9710,2024-07-27,Damaged,5881.0,9
10422,11121,2024-01-21,Damaged,4179.02,7
10423,10826,2025-01-01,Late Delivery,7443.24,9
10424,36967,2024-05-01,Not as Expected,2802.01,4
10425,26715,2024-04-29,Size Issue,482.23,2
10426,30930,2024-10-18,Late Delivery,6981.94,6
10427,439,2024-10-26,Late Delivery,3832.29,6
10428,23847,2024-04-22,Wrong Product,3942.84,4
10429,22551,2024-12-01,Damaged,745.03,2
10430,5956,2024-08-01,Late Delivery,3767.04,9
10431,22486,2024-06-27,Not as Expected,1759.65,8
10432,5235,2024-04-27,Not as Expected,243.65,4
10433,13225,2024-04-23,Late Delivery,3248.13,2
10434,49586,2024-07-19,Not as Expected,2306.39,8
10435,31924,2024-11-30,Not as Expected,5171.61,4
10436,3418,2024-03-12,Late Delivery,2181.4,2
10437,28432,2024-12-23,Size Issue,1416.8,3
10438,32009,2024-07-11,Size Issue,3156.56,9
10439,27507,2024-05-20,Wrong Product,1039.24,5
10440,39922,2024-02-07,Size Issue,2873.09,7
10441,41241,2024-03-30,Not as Expected,2869.31,4
10442,44047,2024-12-24,Wrong Product,3984.78,1
10443,36484,2024-05-25,Late Delivery,846.54,3
10444,5192,2024-09-11,Damaged,359.98,1
10445,31929,2024-05-18,Damaged,2220.06,9
10446,47628,2024-03-06,Wrong Product,4556.15,4
10447,30385,2024-08-31,Damaged,7256.51,1
10448,38294,2024-04-30,Late Delivery,4929.69,5
10449,38116,2024-11-04,Damaged,6006.83,4
10450,7006,2024-08-11,Wrong Product,705.29,3
10451,32228,2024-03-18,Damaged,4165.11,2
10452,1087,2024-03-29,Late Delivery,4461.39,7
10453,17303,2024-04-16,Not as Expected,3298.81,1
10454,21964,2024-12-31,Late Delivery,1368.13,6
10455,2822,2024-07-25,Size Issue,1506.75,4
10456,12496,2024-10-08,Not as Expected,4622.06,6
10457,17417,2024-03-06,Wrong Product,5497.29,3
10458,46277,2024-11-27,Size Issue,528.54,1
10459,45826,2024-11-15,Size Issue,5327.75,7
10460,5616,2024-06-02,Wrong Product,1262.99,8
10461,49885,2024-06-15,Wrong Product,1753.81,8
10462,23659,2024-05-03,Late Delivery,2750.76,7
10463,23628,2024-03-23,Damaged,2731.73,5
10464,45220,2024-03-31,Damaged,1896.54,6
10465,11739,2024-01-18,Not as Expected,4295.59,2
10466,6742,2024-06-04,Wrong Product,5520.18,7
10467,4796,2024-11-12,Size Issue,6498.66,6
10468,18664,2024-11-18,Damaged,6263.22,3
10469,33393,2024-02-04,Size Issue,6558.24,9
10470,5176,2024-09-29,Not as Expected,2647.86,9
10471,12421,2024-09-10,Wrong Product,2967.75,5
10472,4056,2024-08-26,Late Delivery,2581.23,7
10473,5614,2024-07-31,Size Issue,2671.88,3
10474,46431,2024-05-30,Late Delivery,2235.74,3
10475,20858,2024-06-28,Late Delivery,2039.53,1
10476,2075,2024-01-12,Late Delivery,2488.45,9
10477,16743,2024-02-28,Wrong Product,367.14,2
10478,139,2024-12-05,Not as Expected,1878.97,8
10479,5361,2024-03-08,Damaged,593.28,9
10480,17021,2024-08-24,Size Issue,4533.32,1
10481,19890,2024-03-19,Wrong Product,3139.76,7
10482,8211,2024-11-29,Damaged,4014.4,5
10483,1077,2024-04-15,Wrong Product,391.55,4
10484,34518,2024-04-20,Not as Expected,5631.47,1
10485,41979,2024-03-13,Wrong Product,6047.75,2
10486,42942,2024-03-06,Wrong Product,5058.37,4
10487,23188,2024-06-22,Damaged,611.1,1
10488,1539,2024-11-03,Wrong Product,5798.07,6
10489,46725,2024-11-19,Wrong Product,819.0,5
10490,29956,2024-10-05,Damaged,3291.71,2
10491,4826,2024-07-12,Wrong Product,1793.96,9
10492,37062,2024-04-19,Late Delivery,5270.25,7
10493,5339,2024-06-06,Wrong Product,1184.06,5
10494,3320,2024-06-20,Damaged,4363.2,4
10495,45921,2024-05-14,Size Issue,6148.36,2
10496,17733,2024-08-12,Damaged,6324.27,6
10497,35098,2024-04-10,Late Delivery,1357.48,4
10498,2457,2024-02-19,Not as Expected,5943.8,2
10499,38115,2024-08-29,Not as Expected,3042.65,8
10500,2229,2024-08-14,Damaged,1750.51,6
10501,30826,2024-02-24,Damaged,996.04,4
10502,6549,2024-05-09,Damaged,3128.94,9
10503,40039,2024-10-15,Wrong Product,6234.57,3
10504,16917,2024-02-08,Size Issue,937.08,6
10505,43072,2024-09-26,Late Delivery,2223.13,3
10506,34310,2024-12-25,Late Delivery,5275.12,4
10507,29768,2024-02-20,Size Issue,1536.48,1
10508,9302,2024-07-23,Not as Expected,4007.09,7
10509,25332,2024-09-14,Late Delivery,4914.02,8
10510,10025,2024-06-01,Late Delivery,1659.62,4
10511,27653,2024-06-06,Damaged,617.02,8
10512,29972,2024-04-01,Late Delivery,7859.29,8
10513,41810,2024-10-29,Size Issue,3735.06,2
10514,38279,2024-09-07,Late Delivery,3507.38,5
10515,28027,2024-11-12,Damaged,3277.38,4
10516,19647,2024-11-07,Wrong Product,654.37,7
10517,11301,2024-07-16,Late Delivery,7294.66,5
10518,12670,2024-01-30,Size Issue,4612.95,3
10519,18198,2024-10-29,Size Issue,684.6,4
10520,43819,2024-10-18,Late Delivery,3764.29,3
10521,32907,2024-12-16,Not as Expected,4088.63,6
10522,17345,2024-12-04,Late Delivery,1615.26,4
10523,17787,2025-01-05,Wrong Product,3850.86,6
10524,30352,2024-07-15,Damaged,2730.82,6
10525,33408,2024-11-07,Size Issue,676.2,7
10526,39147,2024-01-18,Size Issue,1646.49,3
10527,13989,2024-04-04,Size Issue,420.82,3
10528,27055,2024-09-04,Late Delivery,4930.4,7
10529,42589,2024-04-08,Wrong Product,285.7,3
10530,40093,2024-03-03,Not as Expected,5994.49,7
10531,29559,2024-07-18,Damaged,4833.45,2
10532,34631,2024-12-25,Damaged,5468.05,4
10533,31355,2024-02-22,Damaged,3704.33,4
10534,654,2024-03-06,Damaged,1572.29,1
10535,44316,2024-04-17,Damaged,1199.09,7
10536,44224,2024-03-27,Size Issue,5121.38,6
10537,6425,2024-03-01,Damaged,5036.44,8
10538,26056,2024-03-06,Not as Expected,5216.89,8
10539,17706,2024-03-15,Not as Expected,1341.9,6
10540,4956,2024-02-05,Damaged,618.73,7
10541,19994,2024-06-28,Late Delivery,3008.51,8
10542,48394,2024-03-30,Late Delivery,7151.01,8
10543,16474,2024-08-07,Wrong Product,4723.14,3
10544,21109,2024-03-10,Damaged,1712.79,9
10545,15471,2024-02-07,Size Issue,1438.5,5
10546,31469,2024-06-22,Damaged,2522.79,6
10547,20571,2024-02-24,Not as Expected,2487.33,8
10548,9968,2024-06-30,Damaged,1223.34,1
10549,39423,2024-01-13,Not as Expected,5457.22,2
10550,11812,2024-07-23,Not as Expected,1937.65,5
10551,18411,2024-06-12,Wrong Product,5392.23,6
10552,12102,2024-06-07,Not as Expected,4211.59,6
10553,33918,2024-06-07,Wrong Product,1303.56,9
10554,60,2024-06-15,Not as Expected,5071.69,6
10555,45643,2024-04-24,Late Delivery,2978.71,8
10556,49522,2024-09-20,Late Delivery,7838.12,1
10557,44439,2024-04-27,Size Issue,2049.52,3
10558,46603,2024-07-19,Size Issue,4702.39,5
10559,17437,2024-07-24,Size Issue,4003.04,7
10560,4774,2024-07-14,Size Issue,6575.78,2
10561,33141,2024-07-05,Damaged,1686.73,1
10562,14942,2024-10-16,Late Delivery,4281.79,6
10563,7338,2024-11-16,Damaged,7113.83,3
10564,23677,2024-10-23,Late Delivery,5815.33,5
10565,35225,2024-06-29,Wrong Product,3257.99,7
10566,14283,2024-07-03,Not as Expected,2844.27,2
10567,15307,2024-02-11,Damaged,3197.49,5
10568,31551,2024-12-18,Not as Expected,2295.74,1
10569,27048,2024-02-15,Late Delivery,1858.22,2
10570,36040,2024-11-12,Damaged,7185.79,4
10571,23880,2024-02-11,Damaged,6224.64,1
10572,48822,2024-03-19,Late Delivery,4376.92,9
10573,6250,2024-11-30,Not as Expected,6079.85,9
10574,2084,2024-02-01,Late Delivery,3489.64,7
10575,35836,2024-07-24,Damaged,1911.58,3
10576,10310,2024-06-23,Wrong Product,1710.14,1
10577,21414,2024-08-03,Not as Expected,7703.2,9
10578,30843,2024-12-18,Damaged,2274.45,9
10579,31247,2024-05-10,Late Delivery,5368.65,7
10580,26250,2024-03-31,Damaged,1081.31,9
10581,19166,2024-03-21,Size Issue,3294.47,6
10582,29003,2024-05-21,Not as Expected,5786.47,1
10583,8380,2024-06-02,Damaged,3622.53,1
10584,17181,2024-08-08,Wrong Product,5449.68,5
10585,27481,2024-03-06,Wrong Product,7941.81,5
10586,5428,2024-06-19,Damaged,5352.66,6
10587,46207,2024-07-20,Damaged,3556.95,2
10588,33061,2024-08-10,Size Issue,877.23,5
10589,23593,2024-09-01,Not as Expected,290.52,2
10590,23647,2024-09-22,Size Issue,4161.99,7
10591,34506,2024-09-30,Size Issue,4805.85,3
10592,44355,2024-12-03,Damaged,1265.57,4
10593,9217,2024-07-06,Size Issue,6348.86,5
10594,20563,2024-10-03,Damaged,2094.92,1
10595,49634,2024-10-18,Not as Expected,5810.45,3
10596,48701,2024-09-19,Late Delivery,1629.12,5
10597,22777,2024-10-30,Late Delivery,5686.72,7
10598,19588,2024-04-18,Size Issue,2873.33,2
10599,12064,2024-11-18,Damaged,4820.09,2
10600,24364,2024-10-08,Late Delivery,2254.91,5
10601,6545,2024-02-14,Not as Expected,6197.66,1
10602,25532,2024-09-17,Size Issue,753.82,9
10603,9839,2024-05-04,Damaged,3491.63,5
10604,30450,2024-10-07,Damaged,4188.61,4
10605,4685,2024-10-15,Wrong Product,6301.82,5
10606,12793,2024-10-24,Wrong Product,4264.62,9
10607,6313,2024-03-06,Size Issue,4624.5,3
10608,41686,2024-09-26,Damaged,1736.54,5
10609,31164,2024-02-15,Damaged,3281.21,5
10610,28009,2024-06-26,Damaged,602.18,5
10611,48243,2024-06-27,Wrong Product,7598.56,6
10612,37086,2024-09-13,Damaged,2013.76,4
10613,6719,2024-08-20,Size Issue,3347.1,6
10614,25846,2024-09-16,Wrong Product,1474.08,1
10615,1196,2024-11-13,Size Issue,260.45,8
10616,18147,2024-12-28,Late Delivery,4315.82,2
10617,3674,2024-06-21,Damaged,2466.1,2
10618,42882,2024-06-02,Wrong Product,1135.59,6
10619,41180,2025-01-10,Damaged,6292.68,8
10620,48689,2024-09-05,Wrong Product,4404.22,4
10621,1649,2024-03-27,Not as Expected,1820.93,4
10622,35883,2024-08-26,Size Issue,3681.61,9
10623,17035,2024-08-15,Not as Expected,1060.47,4
10624,23599,2024-06-10,Size Issue,1149.35,3
10625,4,2024-12-24,Wrong Product,2296.84,4
10626,20094,2024-12-21,Damaged,4528.0,8
10627,39465,2024-05-04,Wrong Product,493.06,6
10628,38356,2024-04-28,Not as Expected,4104.43,4
10629,14014,2024-09-16,Not as Expected,6874.04,3
10630,25942,2024-07-07,Wrong Product,6441.04,1
10631,27938,2024-06-28,Not as Expected,1730.63,5
10632,10611,2024-09-26,Not as Expected,4504.89,8
10633,536,2024-12-15,Wrong Product,2059.36,2
10634,35943,2024-10-08,Late Delivery,6456.62,6
10635,47733,2024-05-16,Wrong Product,1106.35,8
10636,46761,2024-06-05,Wrong Product,5484.92,1
10637,42888,2024-09-10,Wrong Product,1766.78,2
10638,22735,2024-09-10,Not as Expected,3956.72,3
10639,25670,2024-05-27,Damaged,2153.07,9
10640,1743,2025-01-03,Damaged,823.37,1
10641,33334,2024-12-15,Size Issue,3456.84,6
10642,46679,2024-07-04,Size Issue,385.82,3
10643,29387,2024-10-08,Wrong Product,5914.45,3
10644,24089,2024-11-22,Late Delivery,3259.88,8
10645,15792,2024-12-02,Size Issue,4724.05,6
10646,14669,2024-09-27,Damaged,5202.52,8
10647,46754,2024-11-10,Size Issue,5227.1,4
10648,42074,2024-06-18,Size Issue,680.28,1
10649,31775,2024-04-16,Size Issue,1750.26,8
10650,30405,2024-11-10,Size Issue,4376.58,6
10651,36319,2024-04-07,Late Delivery,6338.02,2
10652,36759,2024-06-21,Late Delivery,3198.69,3
10653,1840,2024-11-10,Damaged,5693.16,4
10654,13928,2024-05-01,Size Issue,6874.98,4
10655,34562,2024-08-17,Wrong Product,3461.83,9
10656,25484,2024-03-26,Damaged,1556.13,2
10657,4573,2024-12-07,Wrong Product,4723.6,6
10658,33142,2024-12-14,Size Issue,3841.19,9
10659,7813,2024-12-03,Damaged,2658.74,5
10660,48862,2024-07-23,Late Delivery,5290.01,6
10661,49744,2024-07-04,Wrong Product,2962.78,4
10662,49055,2024-02-11,Damaged,6786.72,6
10663,34306,2024-09-08,Wrong Product,1172.05,6
10664,33170,2024-09-22,Damaged,3551.99,3
10665,41980,2024-11-12,Size Issue,4986.91,9
10666,26619,2024-07-20,Wrong Product,4066.42,4
10667,18897,2024-04-25,Damaged,6002.5,8
10668,17370,2024-09-07,Not as Expected,538.41,1
10669,18424,2024-12-14,Damaged,2276.29,1
10670,10184,2024-09-25,Late Delivery,683.24,7
10671,23601,2025-01-08,Late Delivery,4483.27,3
10672,32544,2024-12-23,Damaged,2736.84,5
10673,17384,2025-01-04,Late Delivery,4136.67,1
10674,42402,2024-12-08,Size Issue,2176.55,4
10675,34017,2024-08-28,Wrong Product,1480.77,9
10676,22722,2024-08-08,Late Delivery,1262.55,3
10677,39497,2024-02-15,Wrong Product,2367.66,6
10678,30207,2024-12-29,Wrong Product,6165.62,9
10679,20675,2024-06-14,Late Delivery,2072.92,8
10680,9318,2024-12-20,Not as Expected,1001.96,9
10681,24590,2024-09-06,Not as Expected,3825.24,8
10682,3741,2024-09-30,Size Issue,2574.76,7
10683,5443,2024-07-11,Late Delivery,4396.92,6
10684,32976,2024-04-02,Size Issue,2945.21,5
10685,5388,2024-06-23,Damaged,5841.83,7
10686,49555,2024-07-16,Late Delivery,854.69,8
10687,41119,2024-04-24,Damaged,1057.48,6
10688,5484,2024-03-28,Not as Expected,6696.22,7
10689,34932,2024-03-18,Wrong Product,7133.3,9
10690,7376,2024-10-29,Not as Expected,4118.22,7
10691,36195,2024-01-24,Damaged,2073.74,5
10692,10078,2024-08-22,Not as Expected,4314.39,9
10693,2544,2024-11-02,Not as Expected,2752.8,2
10694,22912,2024-01-26,Damaged,2996.55,7
10695,15704,2024-03-08,Size Issue,5053.92,1
10696,30495,2024-04-18,Size Issue,7397.49,1
10697,18665,2024-07-16,Late Delivery,3371.71,2
10698,32759,2024-11-11,Size Issue,1971.62,8
10699,13688,2024-07-17,Size Issue,6800.9,5
10700,29261,2024-07-29,Damaged,5100.61,4
10701,33731,2024-06-04,Size Issue,4625.95,4
10702,16844,2024-07-14,Late Delivery,3600.55,5
10703,49795,2024-10-27,Wrong Product,2488.07,4
10704,18832,2024-12-04,Wrong Product,1525.93,9
10705,34126,2024-08-09,Late Delivery,2639.78,2
10706,35433,2024-08-28,Damaged,6181.35,1
10707,30980,2024-12-20,Not as Expected,510.49,5
10708,26388,2024-09-27,Damaged,6253.39,9
10709,25684,2024-11-12,Late Delivery,4588.77,3
10710,7105,2024-04-21,Not as Expected,4329.63,7
10711,31829,2024-07-12,Size Issue,640.58,1
10712,22480,2024-05-17,Wrong Product,2528.37,2
10713,34253,2024-12-05,Damaged,1703.51,1
10714,26323,2024-04-05,Late Delivery,804.2,4
10715,11339,2024-06-27,Not as Expected,4874.85,6
10716,15480,2024-07-24,Not as Expected,1641.44,6
10717,43392,2024-09-01,Late Delivery,8110.3,2
10718,48287,2024-11-11,Size Issue,6998.62,5
10719,38137,2024-08-28,Damaged,787.6,3
10720,3368,2024-10-06,Damaged,5576.67,5
10721,34979,2024-04-19,Size Issue,4246.88,4
10722,11719,2024-08-12,Not as Expected,5338.08,7
10723,24218,2024-10-17,Size Issue,2478.4,4
10724,44331,2024-02-06,Not as Expected,4785.85,3
10725,49749,2024-10-26,Damaged,1672.56,6
10726,40364,2024-03-29,Damaged,5078.45,4
10727,49175,2024-02-24,Not as Expected,5574.53,6
10728,34330,2024-06-21,Size Issue,3916.85,8
10729,11718,2024-11-04,Damaged,805.48,2
10730,23803,2024-04-01,Size Issue,4021.39,7
10731,16028,2024-07-04,Size Issue,365.16,8
10732,27787,2024-07-11,Not as Expected,6001.54,9
10733,38261,2024-05-31,Late Delivery,546.74,9
10734,20901,2024-04-24,Not as Expected,2408.01,4
10735,21009,2024-04-24,Wrong Product,5229.57,6
10736,48767,2024-02-24,Not as Expected,2981.09,6
10737,7828,2024-04-04,Late Delivery,1200.9,7
10738,23701,2024-07-11,Size Issue,560.36,8
10739,40649,2024-12-07,Damaged,5726.39,5
10740,33980,2024-12-02,Damaged,5307.68,7
10741,15582,2024-01-27,Wrong Product,947.29,1
10742,1110,2024-11-03,Wrong Product,4584.8,5
10743,46859,2024-12-11,Damaged,5210.67,6
10744,47098,2024-11-29,Late Delivery,2233.02,1
10745,31197,2024-07-05,Not as Expected,487.39,4
10746,16777,2024-06-03,Wrong Product,483.35,9
10747,44675,2024-09-30,Not as Expected,6241.88,4
10748,327,2024-05-26,Late Delivery,2761.62,5
10749,40557,2024-03-15,Late Delivery,4567.01,7
10750,41469,2024-03-25,Late Delivery,5454.71,7
10751,17427,2024-09-25,Damaged,4476.22,8
10752,36724,2024-08-28,Size Issue,5060.08,5
10753,29462,2024-09-12,Damaged,6645.13,7
10754,32626,2024-09-17,Size Issue,2993.13,5
10755,8024,2024-05-29,Damaged,455.5,7
10756,16592,2024-10-12,Damaged,1929.97,6
10757,26476,2024-05-05,Damaged,5102.36,8
10758,6153,2024-05-06,Damaged,5392.01,6
10759,19918,2024-12-28,Wrong Product,5107.51,9
10760,3647,2024-10-22,Not as Expected,4053.59,5
10761,45109,2024-06-22,Wrong Product,750.1,6
10762,5308,2024-07-17,Size Issue,7093.61,6
10763,45629,2024-02-18,Size Issue,3331.59,6
10764,34002,2024-02-10,Late Delivery,718.28,9
10765,32526,2024-05-01,Size Issue,1477.19,4
10766,6176,2024-04-18,Size Issue,5541.09,7
10767,46041,2024-03-20,Size Issue,6148.9,5
10768,8296,2024-02-25,Late Delivery,3501.21,8
10769,11411,2024-09-13,Not as Expected,1508.39,7
10770,49978,2024-12-12,Wrong Product,1691.57,9
10771,5729,2024-12-22,Late Delivery,7729.14,1
10772,9119,2024-03-14,Not as Expected,2347.94,7
10773,8247,2024-01-15,Damaged,4597.87,7
10774,34657,2024-08-27,Not as Expected,5567.41,1
10775,4551,2024-07-25,Size Issue,1945.96,8
10776,34612,2024-10-18,Late Delivery,5211.24,6
10777,42719,2024-11-28,Wrong Product,1854.54,6
10778,33436,2024-10-22,Damaged,3586.39,1
10779,30109,2024-03-28,Wrong Product,5466.45,9
10780,19015,2024-05-24,Wrong Product,4966.08,3
10781,28549,2024-06-13,Wrong Product,1115.38,8
10782,39763,2024-01-24,Late Delivery,603.53,6
10783,11499,2024-12-04,Not as Expected,2771.34,7
10784,11524,2024-05-20,Not as Expected,4373.01,3
10785,43131,2024-06-26,Wrong Product,643.03,8
10786,13015,2024-01-16,Wrong Product,4758.76,1
10787,17876,2024-05-13,Size Issue,1888.39,8
10788,32465,2024-04-19,Late Delivery,5146.97,1
10789,35892,2024-04-18,Damaged,2722.75,5
10790,32201,2024-06-16,Size Issue,1400.3,5
10791,37141,2024-12-28,Damaged,4819.61,9
10792,15020,2024-11-06,Late Delivery,7526.32,1
10793,44977,2024-05-28,Damaged,631.74,4
10794,41764,2024-10-01,Late Delivery,2842.74,9
10795,12614,2024-12-25,Late Delivery,6139.51,2
10796,49734,2024-02-11,Late Delivery,2948.16,2
10797,4565,2024-09-23,Size Issue,5025.84,6
10798,28026,2024-08-05,Not as Expected,5899.98,2
10799,2494,2024-04-10,Late Delivery,1381.0,2
10800,34431,2024-06-25,Damaged,8430.51,9
10801,37187,2024-08-23,Not as Expected,4074.99,7
10802,23475,2024-03-15,Late Delivery,4308.01,8
10803,17523,2024-10-04,Damaged,1536.79,9
10804,28059,2024-06-23,Wrong Product,1101.49,4
10805,4428,2024-10-20,Damaged,3003.16,1
10806,26662,2024-08-18,Late Delivery,7645.07,1
10807,37389,2024-02-20,Size Issue,6914.65,6
10808,19821,2024-08-18,Wrong Product,6650.5,7
10809,24240,2024-05-09,Wrong Product,3371.34,1
10810,18020,2024-09-04,Size Issue,2485.42,6
10811,49602,2024-05-19,Size Issue,2398.72,7
10812,22018,2024-06-24,Damaged,5221.09,4
10813,25404,2024-08-16,Damaged,4232.83,5
10814,45737,2024-08-14,Size Issue,7247.23,2
10815,46383,2024-03-24,Not as Expected,1251.12,5
10816,40215,2024-04-11,Damaged,1226.4,1
10817,48494,2024-11-22,Late Delivery,1662.86,5
10818,45965,2024-04-30,Wrong Product,3153.83,9
10819,26967,2024-06-21,Wrong Product,4280.48,6
10820,8143,2024-12-11,Size Issue,4939.28,5
10821,12509,2024-08-05,Late Delivery,1728.07,2
10822,21673,2024-05-28,Size Issue,2140.03,3
10823,41752,2024-04-17,Not as Expected,2632.86,8
10824,2019,2024-12-16,Not as Expected,4488.8,7
10825,39089,2024-12-09,Damaged,4339.81,4
10826,42842,2024-12-15,Wrong Product,3340.37,2
10827,36873,2024-06-26,Late Delivery,641.48,8
10828,21670,2024-08-04,Wrong Product,5352.87,9
10829,18713,2024-02-21,Wrong Product,2060.12,5
10830,12281,2024-08-27,Wrong Product,454.27,4
10831,4367,2024-06-04,Size Issue,2773.96,4
10832,49685,2024-12-26,Late Delivery,3384.03,5
10833,43977,2024-06-05,Late Delivery,7382.14,4
10834,21556,2024-12-24,Damaged,6578.28,6
10835,38962,2024-03-04,Not as Expected,4934.77,3
10836,21235,2024-02-14,Late Delivery,1685.03,3
10837,37538,2024-05-15,Not as Expected,4563.01,6
10838,15859,2024-07-06,Damaged,835.54,7
10839,31320,2024-11-24,Late Delivery,4612.33,7
10840,17514,2024-12-24,Size Issue,3177.5,7
10841,1976,2024-03-08,Damaged,3961.81,9
10842,18707,2024-09-27,Size Issue,1897.38,9
10843,14076,2024-05-21,Wrong Product,5406.53,2
10844,22187,2024-08-24,Not as Expected,2487.53,5
10845,30413,2024-05-10,Late Delivery,540.86,1
10846,19358,2024-06-10,Damaged,5173.15,4
10847,25387,2024-01-10,Wrong Product,4187.09,9
10848,40815,2024-02-02,Wrong Product,3782.71,8
10849,26283,2024-12-06,Damaged,729.05,7
10850,39977,2024-04-28,Late Delivery,2646.49,4
10851,44486,2024-03-25,Wrong Product,6393.48,2
10852,4791,2024-08-16,Size Issue,1445.6,3
10853,10597,2024-10-08,Not as Expected,4856.84,1
10854,6027,2024-06-27,Size Issue,6864.02,6
10855,15896,2024-03-09,Wrong Product,745.07,3
10856,19232,2024-05-21,Size Issue,6467.92,6
10857,25696,2024-09-16,Damaged,4880.0,8
10858,22270,2024-06-19,Wrong Product,643.08,4
10859,42478,2024-12-30,Damaged,1133.68,4
10860,25824,2024-04-17,Not as Expected,3123.13,3
10861,27066,2024-08-29,Size Issue,6682.23,6
10862,49550,2024-06-17,Size Issue,6253.18,4
10863,3426,2024-02-02,Wrong Product,3253.75,2
10864,1674,2024-07-10,Size Issue,1622.16,8
10865,39349,2024-04-17,Damaged,4349.08,5
10866,23557,2024-07-02,Size Issue,1047.62,4
10867,36215,2024-04-21,Wrong Product,1267.41,3
10868,61,2024-06-27,Late Delivery,7355.26,2
10869,23083,2024-08-22,Late Delivery,7365.77,1
10870,26855,2024-11-06,Wrong Product,1816.02,8
10871,15863,2024-09-24,Size Issue,5725.59,8
10872,27615,2024-01-13,Not as Expected,988.84,7
10873,19073,2024-05-29,Late Delivery,905.56,8
10874,7160,2024-11-17,Late Delivery,5923.19,8
10875,44048,2024-05-15,Wrong Product,6960.87,4
10876,26266,2024-04-08,Wrong Product,5256.26,3
10877,4054,2024-06-05,Wrong Product,2049.5,1
10878,9476,2024-09-13,Wrong Product,5057.43,4
10879,35086,2024-01-19,Not as Expected,1290.19,8
10880,38229,2024-08-08,Not as Expected,7922.91,9
10881,34756,2024-02-08,Not as Expected,3952.95,8
10882,12309,2024-07-05,Late Delivery,3742.28,3
10883,28363,2025-01-01,Not as Expected,1267.07,1
10884,22308,2024-04-14,Late Delivery,5348.44,2
10885,4659,2024-11-29,Damaged,4090.86,7
10886,2408,2024-09-04,Not as Expected,5974.92,8
10887,48310,2024-07-27,Damaged,4419.11,2
10888,45319,2024-11-06,Late Delivery,4592.22,2
10889,28076,2024-10-01,Not as Expected,4807.77,1
10890,14042,2024-11-20,Wrong Product,3648.14,2
10891,33222,2024-09-14,Not as Expected,590.9,9
10892,443,2024-09-23,Wrong Product,2887.49,3
10893,28544,2025-01-06,Late Delivery,4052.34,2
10894,44618,2024-02-14,Not as Expected,5848.32,6
10895,25854,2024-12-04,Late Delivery,5375.6,6
10896,32504,2024-07-01,Size Issue,4979.35,5
10897,11471,2024-10-24,Late Delivery,6182.55,1
10898,32921,2024-06-23,Late Delivery,679.12,6
10899,42722,2024-05-28,Size Issue,2654.64,3
10900,43829,2024-07-22,Wrong Product,1743.16,7
10901,25653,2024-04-01,Wrong Product,6520.64,4
10902,12089,2024-02-26,Size Issue,4346.79,5
10903,3815,2024-10-17,Wrong Product,4660.95,8
10904,17958,2024-12-29,Damaged,2070.52,9
10905,20061,2024-02-23,Not as Expected,5244.2,3
10906,29432,2024-11-17,Wrong Product,6199.09,9
10907,49245,2025-01-03,Damaged,1483.61,5
10908,13546,2024-10-15,Wrong Product,364.22,8
10909,29450,2024-06-01,Damaged,1333.79,6
10910,22814,2024-11-27,Size Issue,4559.63,6
10911,46803,2024-01-23,Damaged,5755.26,8
10912,29378,2024-06-22,Not as Expected,7033.7,1
10913,48892,2024-01-12,Damaged,1913.62,9
10914,37640,2024-09-25,Wrong Product,6484.08,8
10915,265,2024-07-16,Size Issue,394.88,1
10916,49595,2024-10-19,Not as Expected,6209.58,7
10917,20688,2024-07-14,Not as Expected,674.24,2
10918,36512,2024-08-19,Size Issue,523.6,2
10919,28045,2024-09-22,Wrong Product,3282.08,8
10920,37485,2024-10-07,Size Issue,3501.24,1
10921,2187,2024-02-16,Not as Expected,4861.11,7
10922,37941,2024-06-08,Damaged,5675.86,9
10923,25287,2024-11-09,Damaged,2323.38,6
10924,2819,2024-05-07,Not as Expected,1455.75,7
10925,44668,2024-04-16,Wrong Product,5192.66,5
10926,20109,2024-12-14,Late Delivery,6535.34,6
10927,41555,2024-04-16,Size Issue,5110.35,1
10928,48045,2024-05-31,Damaged,6940.25,1
10929,7735,2024-05-01,Not as Expected,5397.76,8
10930,21439,2024-12-31,Not as Expected,4213.27,3
10931,43218,2024-09-24,Damaged,1645.92,1
10932,44484,2024-08-24,Late Delivery,5828.95,9
10933,28129,2024-08-20,Wrong Product,2022.96,3
10934,3932,2024-12-25,Not as Expected,896.22,9
10935,32072,2024-11-01,Damaged,697.82,2
10936,28384,2024-06-19,Not as Expected,3638.44,8
10937,28216,2024-07-20,Late Delivery,5577.43,6
10938,44294,2024-12-04,Not as Expected,5566.51,1
10939,29433,2024-07-24,Late Delivery,6107.36,3
10940,47059,2024-06-03,Late Delivery,2948.36,9
10941,46056,2024-08-14,Size Issue,2373.26,9
10942,18972,2024-06-18,Late Delivery,3507.81,3
10943,43918,2024-08-23,Damaged,1533.84,9
10944,33852,2024-05-17,Damaged,2352.14,6
10945,29760,2024-09-24,Wrong Product,4001.07,1
10946,42253,2024-07-21,Damaged,3514.37,3
10947,13330,2024-10-06,Damaged,5848.03,1
10948,26836,2024-02-20,Size Issue,2798.33,5
10949,45398,2024-11-07,Damaged,6039.44,4
10950,12336,2024-12-20,Wrong Product,951.18,1
10951,3147,2024-06-16,Damaged,1230.63,7
10952,31598,2024-05-17,Late Delivery,4479.66,4
10953,7340,2024-02-13,Late Delivery,377.06,1
10954,3367,2024-03-08,Wrong Product,384.34,6
10955,20380,2024-01-23,Wrong Product,3658.12,5
10956,29379,2024-02-17,Wrong Product,3320.2,8
10957,28671,2024-10-21,Damaged,3481.22,1
10958,19724,2024-12-22,Wrong Product,3434.71,2
10959,19093,2024-01-31,Not as Expected,5289.15,6
10960,14009,2024-09-06,Late Delivery,757.48,3
10961,2456,2024-11-12,Not as Expected,2473.2,6
10962,33383,2024-05-30,Size Issue,3106.05,7
10963,15689,2024-12-03,Not as Expected,6565.58,6
10964,44810,2024-01-29,Damaged,3645.09,7
10965,7391,2024-09-08,Damaged,6214.42,9
10966,37423,2024-05-13,Size Issue,4182.68,2
10967,23857,2024-11-02,Late Delivery,4356.61,7
10968,28000,2024-05-17,Not as Expected,1182.66,9
10969,6862,2024-04-21,Size Issue,835.77,3
10970,22723,2024-02-23,Wrong Product,1752.04,3
10971,16663,2024-03-14,Not as Expected,1955.91,2
10972,22971,2024-01-13,Size Issue,6286.65,7
10973,15593,2024-11-10,Late Delivery,7245.49,7
10974,30225,2024-09-07,Not as Expected,7098.11,4
10975,41489,2024-01-25,Damaged,6010.51,7
10976,8435,2024-07-25,Late Delivery,894.89,4
10977,10405,2024-06-07,Late Delivery,6968.99,7
10978,38821,2024-10-04,Size Issue,1341.43,6
10979,40316,2024-06-25,Wrong Product,625.33,9
10980,40457,2024-01-18,Late Delivery,2818.57,5
10981,3690,2024-10-18,Late Delivery,1512.45,7
10982,43614,2024-11-09,Size Issue,3660.01,5
10983,38181,2024-06-12,Wrong Product,4754.12,2
10984,7354,2024-03-22,Late Delivery,1603.95,7
10985,21045,2024-01-26,Damaged,2356.88,2
10986,30302,2024-02-13,Damaged,1042.98,3
10987,43327,2024-10-10,Damaged,1509.04,5
10988,1654,2024-06-19,Damaged,6141.18,9
10989,38097,2024-06-04,Late Delivery,5409.92,9
10990,17957,2024-09-17,Size Issue,6700.64,3
10991,49871,2024-09-20,Late Delivery,2556.0,1
10992,46715,2024-05-18,Late Delivery,3389.69,1
10993,14777,2024-06-15,Damaged,3856.55,6
10994,44033,2024-02-13,Size Issue,3501.75,7
10995,31720,2024-02-27,Late Delivery,5138.67,1
10996,23037,2024-12-31,Damaged,6239.21,7
10997,47993,2024-09-24,Late Delivery,5743.19,3
10998,34162,2024-05-21,Wrong Product,1477.85,8
10999,7947,2024-07-16,Not as Expected,7568.48,3
11000,4967,2024-07-31,Late Delivery,1932.37,8
