customer_id,city,state,signup_date,acquisition_channel
1,Pune,DL,2023-11-24,Google Ads
2,Hyderabad,TN,2023-02-27,Google Ads
3,Chennai,GJ,2023-01-13,Organic
4,Pune,TN,2023-05-21,Instagram
5,Bangalore,KA,2023-05-06,Facebook Ads
6,Ahmedabad,MH,2023-04-25,Google Ads
7,Chennai,TS,2023-03-13,Facebook Ads
8,Chennai,TN,2023-02-22,Referral
9,Pune,TS,2023-12-13,Referral
10,Delhi,MH,2023-10-07,Instagram
11,Bangalore,WB,2023-02-14,Google Ads
12,Pune,MH,2023-10-30,Organic
13,Bangalore,TS,2023-08-05,Google Ads
14,Bangalore,DL,2023-01-17,Facebook Ads
15,Ahmedabad,WB,2023-01-16,Referral
16,Chennai,GJ,2023-02-17,Facebook Ads
17,Hyderabad,GJ,2023-04-22,Instagram
18,Ahmedabad,DL,2023-04-30,Referral
19,Ahmedabad,TN,2023-09-16,Organic
20,Bangalore,WB,2023-11-05,Referral
21,Kolkata,TS,2023-01-14,Google Ads
22,Chennai,WB,2023-10-15,Google Ads
23,Delhi,TN,2023-04-12,Referral
24,Ahmedabad,KA,2023-11-29,Instagram
25,Hyderabad,MH,2023-12-26,Google Ads
26,Kolkata,DL,2023-10-07,Google Ads
27,Kolkata,TN,2023-08-03,Organic
28,Delhi,KA,2023-04-23,Referral
29,Ahmedabad,WB,2023-08-18,Google Ads
30,Hyderabad,WB,2023-10-29,Instagram
31,Chennai,TN,2023-05-23,Facebook Ads
32,Mumbai,TS,2023-01-04,Referral
33,Hyderabad,WB,2023-03-23,Organic
34,Delhi,TS,2023-12-24,Google Ads
35,Kolkata,TS,2023-08-05,Instagram
36,Chennai,MH,2023-06-24,Referral
37,Hyderabad,TS,2023-05-23,Instagram
38,Mumbai,MH,2023-03-21,Instagram
39,Mumbai,MH,2023-04-21,Organic
40,Bangalore,KA,2023-06-22,Referral
41,Bangalore,KA,2023-02-22,Google Ads
42,Pune,WB,2023-02-17,Organic
43,Delhi,WB,2023-07-14,Google Ads
44,Ahmedabad,TS,2023-02-19,Facebook Ads
45,Hyderabad,MH,2023-07-03,Instagram
46,Hyderabad,MH,2023-06-26,Facebook Ads
47,Ahmedabad,MH,2023-11-06,Instagram
48,Pune,TS,2023-05-16,Organic
49,Kolkata,MH,2023-01-23,Google Ads
50,Kolkata,GJ,2023-08-24,Google Ads
51,Pune,TS,2023-10-02,Organic
52,Kolkata,DL,2023-03-05,Referral
53,Bangalore,DL,2023-07-13,Facebook Ads
54,Hyderabad,TN,2023-02-10,Facebook Ads
55,Pune,TS,2023-10-10,Google Ads
56,Hyderabad,MH,2023-05-31,Google Ads
57,Ahmedabad,WB,2023-11-18,Google Ads
58,Mumbai,KA,2023-11-13,Organic
59,Bangalore,TN,2023-07-05,Referral
60,Chennai,WB,2023-10-23,Facebook Ads
61,Bangalore,DL,2023-04-09,Instagram
62,Pune,TS,2023-12-27,Organic
63,Chennai,TN,2023-02-05,Facebook Ads
64,Mumbai,TS,2023-01-24,Referral
65,Pune,DL,2023-12-05,Organic
66,Delhi,TN,2023-04-27,Facebook Ads
67,Hyderabad,DL,2023-05-29,Organic
68,Mumbai,MH,2023-02-10,Facebook Ads
69,Hyderabad,DL,2023-04-30,Facebook Ads
70,Kolkata,MH,2023-02-21,Referral
71,Delhi,MH,2023-07-14,Instagram
72,Delhi,TS,2023-05-23,Referral
73,Mumbai,KA,2023-08-21,Facebook Ads
74,Delhi,DL,2023-11-22,Organic
75,Chennai,WB,2023-07-06,Referral
76,Delhi,MH,2023-03-25,Instagram
77,Hyderabad,GJ,2023-07-09,Facebook Ads
78,Hyderabad,KA,2023-07-01,Referral
79,Pune,MH,2023-04-18,Referral
80,Hyderabad,TN,2023-12-10,Referral
81,Pune,TN,2023-05-17,Referral
82,Hyderabad,MH,2023-12-26,Organic
83,Chennai,KA,2023-12-16,Instagram
84,Ahmedabad,MH,2023-11-28,Instagram
85,Pune,TN,2023-02-06,Facebook Ads
86,Bangalore,GJ,2023-11-08,Google Ads
87,Kolkata,DL,2023-11-22,Organic
88,Mumbai,KA,2023-03-29,Facebook Ads
89,Hyderabad,TS,2023-10-01,Facebook Ads
90,Delhi,DL,2023-05-06,Referral
91,Ahmedabad,DL,2023-03-25,Google Ads
92,Hyderabad,DL,2023-08-25,Google Ads
93,Delhi,TS,2023-07-14,Organic
94,Kolkata,GJ,2023-05-19,Google Ads
95,Kolkata,MH,2023-11-24,Facebook Ads
96,Kolkata,GJ,2023-12-19,Google Ads
97,Delhi,GJ,2023-10-13,Google Ads
98,Hyderabad,GJ,2023-04-23,Instagram
99,Kolkata,WB,2023-12-17,Facebook Ads
100,Chennai,MH,2023-06-16,Google Ads
101,Pune,TN,2023-01-29,Google Ads
102,Delhi,MH,2023-04-28,Referral
103,Delhi,KA,2023-01-17,Google Ads
104,Hyderabad,GJ,2023-06-11,Google Ads
105,Delhi,MH,2023-07-25,Instagram
106,Delhi,KA,2023-05-18,Facebook Ads
107,Kolkata,MH,2023-02-03,Organic
108,Hyderabad,TN,2023-04-19,Facebook Ads
109,Kolkata,TS,2023-10-18,Referral
110,Pune,MH,2023-06-11,Facebook Ads
111,Ahmedabad,DL,2023-04-19,Google Ads
112,Pune,MH,2023-12-02,Referral
113,Ahmedabad,DL,2023-09-13,Facebook Ads
114,Kolkata,TS,2023-07-22,Referral
115,Pune,MH,2023-11-26,Organic
116,Hyderabad,MH,2023-08-23,Facebook Ads
117,Mumbai,MH,2023-03-15,Google Ads
118,Kolkata,KA,2023-05-16,Referral
119,Ahmedabad,TS,2023-03-13,Instagram
120,Chennai,GJ,2023-05-07,Referral
121,Ahmedabad,MH,2023-10-15,Instagram
122,Chennai,MH,2023-10-03,Google Ads
123,Delhi,TS,2023-05-15,Organic
124,Pune,TN,2023-10-27,Instagram
125,Chennai,DL,2023-08-08,Organic
126,Ahmedabad,MH,2023-10-26,Referral
127,Delhi,DL,2023-07-24,Google Ads
128,Mumbai,DL,2023-07-05,Instagram
129,Hyderabad,GJ,2023-04-23,Referral
130,Hyderabad,TS,2023-03-12,Facebook Ads
131,Hyderabad,TS,2023-09-18,Referral
132,Chennai,KA,2023-09-10,Organic
133,Mumbai,DL,2023-02-16,Google Ads
134,Chennai,KA,2023-01-25,Google Ads
135,Pune,GJ,2023-02-26,Referral
136,Chennai,DL,2023-03-20,Facebook Ads
137,Mumbai,KA,2023-11-18,Organic
138,Mumbai,KA,2023-03-23,Referral
139,Pune,TN,2023-12-15,Referral
140,Mumbai,KA,2023-08-05,Google Ads
141,Ahmedabad,TS,2023-11-02,Organic
142,Mumbai,KA,2023-02-02,Facebook Ads
143,Hyderabad,DL,2023-07-17,Google Ads
144,Ahmedabad,KA,2023-07-15,Referral
145,Ahmedabad,MH,2023-11-02,Google Ads
146,Pune,WB,2023-08-28,Google Ads
147,Bangalore,DL,2023-09-28,Instagram
148,Bangalore,MH,2023-05-09,Google Ads
149,Mumbai,GJ,2023-10-11,Google Ads
150,Ahmedabad,DL,2023-01-06,Organic
151,Bangalore,TS,2023-12-15,Google Ads
152,Bangalore,WB,2023-02-28,Facebook Ads
153,Mumbai,WB,2023-12-16,Referral
154,Bangalore,TS,2023-10-02,Organic
155,Chennai,WB,2023-05-17,Google Ads
156,Delhi,TS,2023-11-25,Facebook Ads
157,Pune,MH,2023-06-24,Referral
158,Delhi,GJ,2023-02-27,Organic
159,Mumbai,TN,2023-05-31,Facebook Ads
160,Hyderabad,DL,2023-08-11,Google Ads
161,Pune,TS,2023-03-22,Instagram
162,Mumbai,DL,2023-08-21,Instagram
163,Ahmedabad,GJ,2023-01-02,Organic
164,Hyderabad,MH,2023-05-15,Facebook Ads
165,Delhi,TN,2023-09-14,Referral
166,Mumbai,GJ,2023-04-02,Facebook Ads
167,Ahmedabad,MH,2023-09-17,Instagram
168,Pune,WB,2023-02-24,Organic
169,Pune,DL,2023-11-17,Google Ads
170,Kolkata,MH,2023-06-02,Facebook Ads
171,Ahmedabad,TN,2023-11-24,Instagram
172,Chennai,WB,2023-09-17,Referral
173,Bangalore,GJ,2023-11-08,Organic
174,Hyderabad,TN,2023-04-12,Google Ads
175,Ahmedabad,WB,2023-03-20,Facebook Ads
176,Kolkata,MH,2023-07-11,Referral
177,Bangalore,TS,2023-03-24,Google Ads
178,Bangalore,DL,2023-10-04,Instagram
179,Mumbai,KA,2023-09-29,Instagram
180,Bangalore,KA,2023-01-01,Referral
181,Chennai,MH,2023-11-03,Instagram
182,Pune,GJ,2023-06-15,Organic
183,Kolkata,DL,2023-09-08,Referral
184,Bangalore,GJ,2023-01-10,Instagram
185,Mumbai,DL,2023-02-27,Facebook Ads
186,Chennai,MH,2023-07-05,Instagram
187,Delhi,DL,2023-06-07,Organic
188,Pune,TS,2023-05-03,Google Ads
189,Pune,GJ,2023-01-30,Google Ads
190,Kolkata,MH,2023-05-04,Instagram
191,Pune,TS,2023-10-18,Google Ads
192,Bangalore,DL,2023-02-10,Instagram
193,Mumbai,MH,2023-02-13,Organic
194,Pune,DL,2023-09-06,Google Ads
195,Pune,GJ,2023-02-05,Facebook Ads
196,Delhi,MH,2023-09-30,Instagram
197,Delhi,DL,2023-03-06,Google Ads
198,Hyderabad,GJ,2023-03-07,Organic
199,Chennai,TS,2023-12-04,Organic
200,Bangalore,MH,2023-09-01,Facebook Ads
201,Pune,TS,2023-10-09,Organic
202,Ahmedabad,DL,2023-03-26,Organic
203,Pune,MH,2023-05-16,Google Ads
204,Mumbai,KA,2023-09-28,Instagram
205,Hyderabad,TS,2023-11-07,Referral
206,Chennai,TS,2023-08-05,Organic
207,Ahmedabad,GJ,2023-04-19,Organic
208,Hyderabad,WB,2023-10-04,Referral
209,Kolkata,KA,2023-12-20,Organic
210,Chennai,DL,2023-04-13,Google Ads
211,Pune,MH,2024-01-01,Google Ads
212,Pune,MH,2023-06-09,Referral
213,Chennai,WB,2023-07-24,Organic
214,Pune,DL,2023-12-10,Organic
215,Bangalore,TN,2023-11-29,Instagram
216,Chennai,MH,2023-07-11,Organic
217,Hyderabad,TS,2023-08-13,Google Ads
218,Chennai,TN,2023-09-22,Facebook Ads
219,Ahmedabad,TS,2023-08-20,Facebook Ads
220,Pune,TS,2023-03-03,Facebook Ads
221,Bangalore,TN,2023-05-07,Facebook Ads
222,Bangalore,MH,2023-04-26,Organic
223,Kolkata,GJ,2023-02-02,Organic
224,Hyderabad,TN,2023-06-23,Instagram
225,Delhi,DL,2023-01-11,Organic
226,Delhi,WB,2023-10-29,Facebook Ads
227,Chennai,WB,2023-10-11,Referral
228,Kolkata,TN,2023-04-28,Referral
229,Mumbai,DL,2023-10-29,Google Ads
230,Chennai,GJ,2023-04-23,Google Ads
231,Kolkata,WB,2023-01-04,Organic
232,Hyderabad,DL,2023-02-06,Referral
233,Hyderabad,GJ,2023-12-29,Facebook Ads
234,Hyderabad,DL,2023-11-20,Facebook Ads
235,Hyderabad,TS,2023-01-31,Facebook Ads
236,Hyderabad,WB,2023-04-28,Organic
237,Kolkata,GJ,2023-02-04,Organic
238,Kolkata,WB,2023-01-17,Instagram
239,Bangalore,TS,2023-06-19,Facebook Ads
240,Ahmedabad,TN,2023-02-06,Facebook Ads
241,Delhi,TS,2023-09-21,Organic
242,Pune,WB,2023-05-02,Organic
243,Hyderabad,WB,2023-05-23,Instagram
244,Mumbai,MH,2023-12-09,Instagram
245,Pune,GJ,2023-09-06,Google Ads
246,Kolkata,TN,2023-04-20,Referral
247,Mumbai,TS,2023-10-04,Facebook Ads
248,Mumbai,GJ,2023-03-09,Facebook Ads
249,Mumbai,MH,2023-10-20,Instagram
250,Bangalore,GJ,2023-10-23,Instagram
251,Kolkata,MH,2023-08-31,Google Ads
252,Mumbai,TN,2023-05-05,Referral
253,Hyderabad,TS,2023-08-31,Google Ads
254,Chennai,TS,2023-07-28,Referral
255,Mumbai,DL,2023-04-08,Facebook Ads
256,Bangalore,WB,2023-02-18,Google Ads
257,Pune,KA,2023-02-19,Instagram
258,Kolkata,MH,2023-12-04,Google Ads
259,Ahmedabad,GJ,2023-08-09,Google Ads
260,Bangalore,TN,2023-07-01,Facebook Ads
261,Mumbai,KA,2023-08-05,Instagram
262,Kolkata,GJ,2023-07-30,Instagram
263,Chennai,KA,2023-08-28,Organic
264,Mumbai,TN,2023-01-28,Organic
265,Bangalore,TS,2023-12-11,Organic
266,Delhi,TN,2023-12-01,Facebook Ads
267,Hyderabad,GJ,2023-11-27,Google Ads
268,Ahmedabad,KA,2023-02-20,Instagram
269,Pune,WB,2023-02-01,Instagram
270,Bangalore,MH,2023-07-26,Google Ads
271,Kolkata,MH,2023-06-23,Instagram
272,Ahmedabad,WB,2023-02-25,Google Ads
273,Ahmedabad,WB,2023-05-08,Facebook Ads
274,Ahmedabad,TS,2023-04-09,Facebook Ads
275,Mumbai,GJ,2023-04-08,Facebook Ads
276,Hyderabad,MH,2023-10-02,Google Ads
277,Mumbai,TN,2023-08-18,Google Ads
278,Kolkata,MH,2023-03-13,Referral
279,Mumbai,WB,2023-08-05,Instagram
280,Delhi,TN,2023-04-04,Instagram
281,Hyderabad,MH,2023-05-23,Referral
282,Hyderabad,WB,2023-08-25,Referral
283,Kolkata,GJ,2023-05-08,Facebook Ads
284,Pune,MH,2023-02-08,Referral
285,Delhi,TS,2023-08-15,Google Ads
286,Bangalore,MH,2023-10-09,Organic
287,Mumbai,MH,2023-02-20,Google Ads
288,Chennai,WB,2023-01-26,Referral
289,Mumbai,MH,2023-11-30,Instagram
290,Ahmedabad,TS,2023-10-04,Google Ads
291,Mumbai,DL,2023-01-08,Instagram
292,Bangalore,TN,2023-02-17,Google Ads
293,Mumbai,TN,2023-05-02,Instagram
294,Delhi,KA,2023-03-27,Google Ads
295,Delhi,TS,2023-07-28,Instagram
296,Hyderabad,MH,2023-09-06,Organic
297,Kolkata,GJ,2023-09-04,Facebook Ads
298,Pune,GJ,2023-04-20,Google Ads
299,Chennai,KA,2023-07-25,Organic
300,Ahmedabad,WB,2023-01-31,Facebook Ads
301,Mumbai,MH,2023-03-26,Google Ads
302,Mumbai,KA,2023-07-14,Organic
303,Bangalore,MH,2023-01-02,Organic
304,Kolkata,TN,2023-07-19,Organic
305,Delhi,MH,2023-05-16,Referral
306,Chennai,KA,2023-08-21,Instagram
307,Hyderabad,MH,2023-05-27,Facebook Ads
308,Delhi,TS,2023-08-05,Instagram
309,Ahmedabad,KA,2023-12-23,Instagram
310,Kolkata,WB,2023-10-12,Instagram
311,Ahmedabad,WB,2023-12-05,Organic
312,Pune,WB,2023-09-07,Instagram
313,Hyderabad,MH,2023-03-21,Referral
314,Pune,GJ,2023-04-08,Google Ads
315,Bangalore,GJ,2023-06-01,Organic
316,Ahmedabad,TN,2023-04-22,Facebook Ads
317,Bangalore,KA,2023-01-30,Google Ads
318,Mumbai,TS,2023-10-24,Google Ads
319,Pune,KA,2023-10-05,Google Ads
320,Kolkata,TN,2023-02-01,Instagram
321,Ahmedabad,MH,2023-06-10,Instagram
322,Chennai,TN,2023-01-30,Organic
323,Hyderabad,WB,2023-01-26,Instagram
324,Delhi,MH,2023-10-27,Instagram
325,Kolkata,MH,2023-09-02,Instagram
326,Kolkata,MH,2023-09-15,Organic
327,Bangalore,WB,2023-09-29,Organic
328,Pune,DL,2023-03-22,Referral
329,Ahmedabad,TN,2023-01-30,Referral
330,Ahmedabad,TN,2023-09-18,Referral
331,Mumbai,TS,2023-02-11,Referral
332,Mumbai,KA,2023-04-06,Google Ads
333,Hyderabad,MH,2023-02-05,Google Ads
334,Bangalore,GJ,2023-11-01,Referral
335,Kolkata,MH,2023-02-04,Referral
336,Ahmedabad,MH,2023-12-12,Facebook Ads
337,Chennai,TS,2023-05-01,Google Ads
338,Bangalore,TS,2023-07-26,Facebook Ads
339,Hyderabad,MH,2023-03-03,Facebook Ads
340,Hyderabad,GJ,2023-10-19,Instagram
341,Bangalore,KA,2023-05-07,Organic
342,Hyderabad,MH,2023-10-24,Google Ads
343,Bangalore,MH,2023-11-01,Referral
344,Delhi,WB,2023-01-21,Referral
345,Bangalore,GJ,2023-11-14,Organic
346,Pune,KA,2023-02-11,Google Ads
347,Bangalore,TN,2023-08-03,Referral
348,Hyderabad,WB,2023-12-03,Referral
349,Ahmedabad,DL,2023-10-26,Instagram
350,Pune,GJ,2023-10-17,Facebook Ads
351,Hyderabad,KA,2023-09-25,Referral
352,Mumbai,TS,2023-06-11,Google Ads
353,Mumbai,WB,2023-05-14,Organic
354,Ahmedabad,KA,2023-04-15,Instagram
355,Ahmedabad,MH,2023-12-09,Google Ads
356,Pune,MH,2023-06-10,Instagram
357,Delhi,DL,2023-05-03,Facebook Ads
358,Ahmedabad,TN,2023-05-16,Referral
359,Mumbai,MH,2023-07-22,Google Ads
360,Bangalore,MH,2023-03-09,Organic
361,Hyderabad,MH,2023-12-10,Facebook Ads
362,Mumbai,DL,2023-11-27,Facebook Ads
363,Mumbai,TN,2023-06-03,Instagram
364,Delhi,TS,2023-08-23,Facebook Ads
365,Pune,WB,2023-06-11,Google Ads
366,Pune,GJ,2023-02-07,Instagram
367,Kolkata,TN,2023-01-05,Facebook Ads
368,Delhi,GJ,2023-08-23,Organic
369,Bangalore,KA,2023-11-15,Google Ads
370,Pune,MH,2023-10-16,Organic
371,Hyderabad,KA,2023-02-21,Organic
372,Ahmedabad,TS,2023-02-07,Instagram
373,Delhi,KA,2023-10-03,Referral
374,Ahmedabad,TN,2023-04-20,Instagram
375,Mumbai,KA,2023-09-17,Google Ads
376,Hyderabad,TS,2023-05-16,Google Ads
377,Hyderabad,TS,2023-03-09,Instagram
378,Mumbai,TS,2023-06-28,Referral
379,Delhi,TN,2023-02-05,Instagram
380,Mumbai,TS,2023-05-06,Google Ads
381,Ahmedabad,MH,2023-07-09,Referral
382,Kolkata,MH,2023-05-26,Google Ads
383,Hyderabad,TS,2023-03-22,Referral
384,Chennai,KA,2023-08-13,Referral
385,Chennai,WB,2023-10-06,Instagram
386,Ahmedabad,KA,2023-12-27,Instagram
387,Bangalore,WB,2023-06-04,Instagram
388,Pune,KA,2023-11-10,Referral
389,Mumbai,TN,2023-12-01,Referral
390,Mumbai,KA,2023-09-28,Google Ads
391,Bangalore,TN,2023-01-05,Organic
392,Bangalore,TN,2023-12-08,Instagram
393,Ahmedabad,TS,2023-10-11,Google Ads
394,Ahmedabad,MH,2023-06-03,Google Ads
395,Bangalore,WB,2023-12-06,Facebook Ads
396,Hyderabad,TS,2023-02-23,Instagram
397,Ahmedabad,TS,2023-03-10,Google Ads
398,Kolkata,MH,2023-05-16,Facebook Ads
399,Ahmedabad,TN,2023-03-01,Instagram
400,Mumbai,TN,2023-02-24,Referral
401,Ahmedabad,WB,2023-10-11,Facebook Ads
402,Hyderabad,KA,2023-03-21,Referral
403,Bangalore,KA,2023-05-20,Organic
404,Mumbai,GJ,2023-05-25,Organic
405,Ahmedabad,TS,2023-11-06,Organic
406,Hyderabad,GJ,2023-04-18,Organic
407,Kolkata,DL,2023-06-25,Google Ads
408,Ahmedabad,DL,2023-04-15,Organic
409,Hyderabad,GJ,2023-12-18,Google Ads
410,Kolkata,KA,2023-11-21,Google Ads
411,Bangalore,DL,2023-05-16,Instagram
412,Ahmedabad,MH,2023-09-16,Google Ads
413,Kolkata,KA,2023-09-08,Google Ads
414,Mumbai,TN,2023-05-09,Organic
415,Bangalore,TS,2023-01-27,Google Ads
416,Mumbai,MH,2023-02-17,Referral
417,Chennai,TS,2023-11-21,Organic
418,Delhi,GJ,2023-08-05,Facebook Ads
419,Ahmedabad,KA,2023-05-22,Organic
420,Kolkata,GJ,2023-01-23,Google Ads
421,Delhi,MH,2023-01-02,Referral
422,Delhi,KA,2023-06-20,Organic
423,Kolkata,TS,2023-03-08,Referral
424,Bangalore,MH,2023-11-23,Facebook Ads
425,Ahmedabad,MH,2023-05-15,Facebook Ads
426,Chennai,MH,2023-03-24,Instagram
427,Mumbai,WB,2023-08-15,Instagram
428,Hyderabad,KA,2023-10-10,Organic
429,Mumbai,DL,2023-12-28,Instagram
430,Hyderabad,DL,2023-08-07,Referral
431,Mumbai,KA,2023-10-15,Instagram
432,Kolkata,KA,2023-01-05,Referral
433,Chennai,WB,2023-02-27,Instagram
434,Ahmedabad,DL,2023-02-08,Instagram
435,Hyderabad,KA,2023-12-20,Instagram
436,Ahmedabad,KA,2023-03-18,Google Ads
437,Ahmedabad,GJ,2023-10-07,Google Ads
438,Ahmedabad,WB,2023-01-19,Instagram
439,Pune,WB,2023-07-09,Referral
440,Bangalore,TS,2023-10-26,Organic
441,Mumbai,WB,2023-10-10,Facebook Ads
442,Ahmedabad,MH,2023-03-17,Google Ads
443,Mumbai,DL,2023-08-09,Instagram
444,Ahmedabad,TS,2023-03-07,Facebook Ads
445,Hyderabad,MH,2023-01-22,Google Ads
446,Bangalore,KA,2023-06-07,Organic
447,Bangalore,GJ,2023-07-06,Referral
448,Kolkata,GJ,2023-01-21,Instagram
449,Pune,KA,2023-07-03,Organic
450,Kolkata,TS,2023-04-18,Google Ads
451,Kolkata,WB,2023-12-16,Instagram
452,Kolkata,MH,2023-05-08,Facebook Ads
453,Kolkata,GJ,2023-12-08,Referral
454,Kolkata,MH,2023-02-22,Google Ads
455,Chennai,KA,2023-07-01,Referral
456,Bangalore,MH,2023-10-14,Instagram
457,Kolkata,TN,2023-07-28,Organic
458,Ahmedabad,TS,2023-11-14,Referral
459,Bangalore,MH,2023-03-21,Facebook Ads
460,Bangalore,TS,2023-05-02,Google Ads
461,Delhi,DL,2023-03-25,Facebook Ads
462,Chennai,WB,2023-04-01,Referral
463,Kolkata,WB,2023-07-31,Organic
464,Mumbai,TS,2023-01-13,Organic
465,Hyderabad,KA,2023-04-02,Facebook Ads
466,Pune,KA,2023-06-20,Instagram
467,Ahmedabad,TN,2023-07-30,Instagram
468,Mumbai,TN,2023-12-09,Organic
469,Chennai,WB,2023-05-08,Facebook Ads
470,Hyderabad,TN,2023-05-17,Facebook Ads
471,Chennai,GJ,2023-03-23,Facebook Ads
472,Ahmedabad,GJ,2023-12-26,Referral
473,Bangalore,MH,2023-02-25,Instagram
474,Hyderabad,TN,2023-07-15,Instagram
475,Bangalore,MH,2023-01-20,Referral
476,Ahmedabad,TN,2023-08-29,Google Ads
477,Mumbai,WB,2023-04-24,Referral
478,Ahmedabad,WB,2023-04-13,Facebook Ads
479,Mumbai,MH,2023-08-24,Referral
480,Hyderabad,TS,2023-06-29,Facebook Ads
481,Hyderabad,WB,2023-06-06,Organic
482,Kolkata,TS,2023-04-27,Facebook Ads
483,Chennai,KA,2023-04-25,Instagram
484,Kolkata,GJ,2023-01-13,Referral
485,Chennai,MH,2023-12-04,Facebook Ads
486,Kolkata,MH,2023-04-09,Google Ads
487,Bangalore,WB,2023-07-24,Organic
488,Hyderabad,DL,2023-06-18,Google Ads
489,Mumbai,KA,2023-05-23,Google Ads
490,Chennai,TS,2023-02-05,Google Ads
491,Ahmedabad,WB,2023-05-23,Organic
492,Chennai,MH,2023-06-29,Organic
493,Mumbai,MH,2023-11-25,Organic
494,Kolkata,TN,2023-09-18,Organic
495,Chennai,MH,2023-07-24,Google Ads
496,Pune,DL,2023-12-14,Instagram
497,Bangalore,TS,2023-10-02,Instagram
498,Hyderabad,KA,2023-06-19,Organic
499,Mumbai,MH,2023-01-15,Referral
500,Hyderabad,MH,2023-03-01,Facebook Ads
501,Pune,DL,2023-05-14,Referral
502,Chennai,MH,2023-04-02,Referral
503,Chennai,WB,2023-10-25,Referral
504,Ahmedabad,TN,2023-05-16,Instagram
505,Pune,KA,2023-01-20,Facebook Ads
506,Mumbai,MH,2023-02-25,Referral
507,Ahmedabad,TS,2023-11-02,Organic
508,Bangalore,WB,2023-08-11,Instagram
509,Ahmedabad,WB,2023-06-26,Organic
510,Delhi,KA,2023-06-10,Organic
511,Mumbai,WB,2023-08-12,Referral
512,Delhi,TS,2023-11-07,Organic
513,Pune,MH,2023-09-19,Facebook Ads
514,Kolkata,KA,2023-03-01,Organic
515,Delhi,GJ,2023-07-17,Referral
516,Bangalore,WB,2023-10-23,Organic
517,Ahmedabad,WB,2023-04-08,Instagram
518,Kolkata,TS,2023-05-11,Instagram
519,Ahmedabad,TN,2023-01-23,Instagram
520,Delhi,TN,2023-12-29,Google Ads
521,Ahmedabad,MH,2023-08-12,Instagram
522,Pune,WB,2023-01-01,Instagram
523,Kolkata,GJ,2023-09-24,Google Ads
524,Pune,MH,2023-10-03,Instagram
525,Delhi,KA,2023-12-18,Referral
526,Pune,WB,2023-12-10,Instagram
527,Bangalore,DL,2023-04-11,Instagram
528,Delhi,KA,2023-07-06,Google Ads
529,Delhi,MH,2023-08-09,Referral
530,Delhi,TN,2023-02-05,Organic
531,Mumbai,GJ,2023-12-07,Facebook Ads
532,Ahmedabad,WB,2023-06-19,Referral
533,Mumbai,TS,2023-11-16,Organic
534,Mumbai,DL,2023-06-10,Referral
535,Bangalore,WB,2023-12-06,Organic
536,Kolkata,GJ,2023-03-05,Organic
537,Ahmedabad,MH,2023-06-03,Referral
538,Pune,MH,2023-09-17,Google Ads
539,Chennai,DL,2023-06-08,Referral
540,Delhi,MH,2023-12-08,Referral
541,Pune,WB,2023-07-29,Organic
542,Delhi,MH,2023-06-17,Facebook Ads
543,Bangalore,DL,2023-07-26,Organic
544,Delhi,MH,2023-12-23,Instagram
545,Mumbai,MH,2023-06-01,Referral
546,Ahmedabad,DL,2023-10-11,Referral
547,Chennai,DL,2023-03-07,Google Ads
548,Hyderabad,MH,2023-04-09,Organic
549,Delhi,MH,2023-08-04,Google Ads
550,Pune,GJ,2023-12-07,Referral
551,Mumbai,TN,2023-07-14,Organic
552,Hyderabad,DL,2023-12-13,Organic
553,Chennai,WB,2023-03-31,Instagram
554,Hyderabad,KA,2023-11-12,Instagram
555,Mumbai,TS,2023-10-19,Facebook Ads
556,Ahmedabad,MH,2023-06-04,Instagram
557,Ahmedabad,MH,2023-07-27,Organic
558,Kolkata,TS,2023-10-08,Instagram
559,Ahmedabad,TN,2023-01-01,Facebook Ads
560,Kolkata,TS,2023-06-05,Referral
561,Hyderabad,DL,2023-05-27,Instagram
562,Bangalore,TS,2023-04-18,Organic
563,Pune,MH,2023-08-09,Referral
564,Pune,TS,2023-10-24,Organic
565,Hyderabad,KA,2023-11-07,Referral
566,Delhi,WB,2023-12-02,Organic
567,Delhi,DL,2023-06-14,Instagram
568,Ahmedabad,TS,2023-08-27,Instagram
569,Pune,MH,2023-08-15,Facebook Ads
570,Pune,MH,2023-08-15,Referral
571,Kolkata,WB,2023-12-12,Facebook Ads
572,Bangalore,DL,2023-04-20,Google Ads
573,Mumbai,MH,2023-09-19,Instagram
574,Delhi,TN,2023-08-31,Referral
575,Pune,KA,2023-03-28,Facebook Ads
576,Kolkata,GJ,2023-12-04,Facebook Ads
577,Chennai,TN,2023-02-13,Google Ads
578,Kolkata,GJ,2023-05-26,Facebook Ads
579,Delhi,KA,2023-09-21,Organic
580,Delhi,TS,2023-12-06,Instagram
581,Kolkata,DL,2023-11-21,Facebook Ads
582,Mumbai,TS,2023-11-14,Facebook Ads
583,Hyderabad,KA,2023-06-21,Google Ads
584,Delhi,KA,2023-02-17,Organic
585,Kolkata,KA,2023-05-01,Facebook Ads
586,Pune,GJ,2023-12-11,Instagram
587,Kolkata,WB,2023-06-08,Instagram
588,Bangalore,MH,2023-04-26,Facebook Ads
589,Hyderabad,DL,2023-04-12,Organic
590,Chennai,TS,2023-03-17,Instagram
591,Mumbai,TS,2023-01-13,Instagram
592,Ahmedabad,TN,2023-01-24,Organic
593,Chennai,GJ,2023-05-06,Organic
594,Hyderabad,KA,2023-09-01,Facebook Ads
595,Hyderabad,MH,2023-11-09,Referral
596,Hyderabad,KA,2023-02-07,Google Ads
597,Chennai,KA,2023-08-22,Referral
598,Pune,MH,2023-08-01,Referral
599,Hyderabad,TS,2023-11-19,Instagram
600,Kolkata,TN,2023-10-22,Organic
601,Chennai,MH,2023-04-10,Instagram
602,Ahmedabad,MH,2023-12-23,Google Ads
603,Hyderabad,GJ,2023-07-16,Facebook Ads
604,Kolkata,WB,2023-09-11,Google Ads
605,Pune,DL,2023-07-24,Instagram
606,Bangalore,GJ,2023-05-05,Instagram
607,Pune,MH,2023-03-17,Instagram
608,Ahmedabad,MH,2023-12-02,Instagram
609,Hyderabad,TS,2023-12-19,Referral
610,Ahmedabad,WB,2023-01-03,Facebook Ads
611,Chennai,WB,2023-02-24,Referral
612,Delhi,WB,2023-08-06,Instagram
613,Hyderabad,KA,2023-04-23,Organic
614,Delhi,DL,2023-04-01,Referral
615,Kolkata,TS,2023-12-23,Instagram
616,Bangalore,TS,2023-09-23,Instagram
617,Mumbai,WB,2023-08-26,Facebook Ads
618,Ahmedabad,TS,2023-01-26,Google Ads
619,Pune,DL,2023-10-13,Referral
620,Bangalore,DL,2023-05-08,Referral
621,Hyderabad,TN,2023-03-04,Referral
622,Delhi,MH,2023-08-22,Instagram
623,Pune,MH,2023-03-10,Facebook Ads
624,Delhi,TN,2023-08-26,Instagram
625,Chennai,MH,2023-12-08,Instagram
626,Delhi,MH,2023-09-29,Organic
627,Chennai,DL,2023-10-14,Facebook Ads
628,Kolkata,DL,2023-11-01,Referral
629,Pune,MH,2023-06-12,Google Ads
630,Pune,DL,2023-08-15,Referral
631,Mumbai,TN,2023-11-10,Instagram
632,Hyderabad,WB,2023-09-16,Facebook Ads
633,Chennai,WB,2023-08-07,Facebook Ads
634,Mumbai,TS,2023-10-08,Facebook Ads
635,Delhi,GJ,2023-08-17,Organic
636,Delhi,GJ,2023-03-23,Referral
637,Mumbai,WB,2023-09-01,Organic
638,Pune,KA,2023-08-19,Google Ads
639,Delhi,TN,2023-05-13,Instagram
640,Ahmedabad,DL,2023-05-07,Organic
641,Kolkata,MH,2023-11-23,Organic
642,Kolkata,WB,2023-05-22,Instagram
643,Ahmedabad,TN,2023-09-24,Facebook Ads
644,Mumbai,WB,2023-09-06,Instagram
645,Ahmedabad,MH,2023-11-17,Referral
646,Chennai,DL,2023-05-03,Instagram
647,Chennai,MH,2023-05-21,Facebook Ads
648,Mumbai,DL,2023-08-14,Instagram
649,Ahmedabad,TN,2023-02-09,Organic
650,Chennai,TS,2024-01-01,Google Ads
651,Pune,WB,2023-05-27,Organic
652,Ahmedabad,WB,2023-05-01,Google Ads
653,Pune,KA,2023-05-20,Instagram
654,Chennai,MH,2023-06-21,Referral
655,Kolkata,MH,2023-06-13,Instagram
656,Chennai,WB,2023-10-04,Facebook Ads
657,Pune,TN,2023-02-11,Instagram
658,Bangalore,TS,2023-03-12,Google Ads
659,Hyderabad,MH,2023-03-19,Organic
660,Delhi,TN,2023-04-29,Referral
661,Ahmedabad,MH,2023-07-16,Instagram
662,Bangalore,KA,2023-12-22,Instagram
663,Chennai,WB,2023-03-20,Organic
664,Kolkata,TN,2023-12-28,Referral
665,Mumbai,MH,2023-04-20,Instagram
666,Chennai,DL,2023-02-02,Instagram
667,Kolkata,TS,2023-08-01,Google Ads
668,Hyderabad,MH,2023-07-28,Google Ads
669,Chennai,TN,2023-06-19,Facebook Ads
670,Pune,TS,2023-10-05,Organic
671,Mumbai,WB,2023-08-27,Referral
672,Kolkata,DL,2023-08-01,Instagram
673,Kolkata,KA,2023-02-01,Instagram
674,Kolkata,MH,2023-04-16,Facebook Ads
675,Hyderabad,KA,2023-08-04,Instagram
676,Chennai,DL,2023-07-19,Organic
677,Hyderabad,TS,2023-10-27,Facebook Ads
678,Ahmedabad,WB,2023-12-23,Organic
679,Delhi,TN,2023-01-11,Facebook Ads
680,Delhi,DL,2023-10-22,Instagram
681,Ahmedabad,MH,2023-07-14,Facebook Ads
682,Chennai,TS,2023-09-02,Google Ads
683,Pune,KA,2023-01-04,Referral
684,Hyderabad,MH,2023-06-30,Instagram
685,Mumbai,DL,2023-06-02,Referral
686,Kolkata,KA,2023-07-19,Instagram
687,Kolkata,TS,2023-08-03,Referral
688,Chennai,KA,2023-10-03,Google Ads
689,Pune,DL,2023-10-07,Referral
690,Delhi,TS,2023-11-05,Facebook Ads
691,Delhi,MH,2023-04-23,Referral
692,Kolkata,DL,2023-09-07,Instagram
693,Chennai,TN,2023-04-23,Organic
694,Hyderabad,GJ,2023-05-20,Referral
695,Delhi,WB,2023-08-12,Referral
696,Hyderabad,DL,2023-09-06,Referral
697,Pune,TS,2023-01-15,Instagram
698,Delhi,MH,2023-07-19,Referral
699,Delhi,WB,2023-06-22,Instagram
700,Bangalore,DL,2023-12-09,Instagram
701,Delhi,MH,2023-12-14,Organic
702,Ahmedabad,MH,2023-07-27,Facebook Ads
703,Mumbai,MH,2023-03-26,Instagram
704,Ahmedabad,TN,2023-08-28,Google Ads
705,Chennai,MH,2023-03-07,Referral
706,Chennai,KA,2023-11-15,Google Ads
707,Hyderabad,GJ,2023-10-01,Referral
708,Ahmedabad,MH,2023-01-14,Organic
709,Ahmedabad,WB,2023-07-21,Instagram
710,Ahmedabad,MH,2023-10-31,Facebook Ads
711,Pune,TS,2023-10-16,Instagram
712,Delhi,GJ,2023-12-06,Referral
713,Mumbai,TS,2023-01-14,Facebook Ads
714,Hyderabad,KA,2023-02-12,Instagram
715,Ahmedabad,MH,2023-11-26,Facebook Ads
716,Ahmedabad,MH,2023-08-08,Referral
717,Bangalore,MH,2023-03-11,Organic
718,Hyderabad,DL,2023-08-25,Organic
719,Ahmedabad,TN,2023-04-04,Instagram
720,Hyderabad,WB,2023-01-26,Google Ads
721,Delhi,GJ,2023-05-14,Referral
722,Bangalore,TN,2023-07-14,Instagram
723,Hyderabad,MH,2023-06-17,Instagram
724,Mumbai,TN,2023-04-19,Organic
725,Mumbai,DL,2023-08-21,Facebook Ads
726,Chennai,TN,2023-06-17,Referral
727,Bangalore,GJ,2023-06-22,Facebook Ads
728,Bangalore,KA,2023-07-14,Referral
729,Chennai,DL,2023-05-23,Google Ads
730,Hyderabad,KA,2023-08-04,Organic
731,Bangalore,MH,2023-05-10,Google Ads
732,Mumbai,DL,2023-02-11,Instagram
733,Mumbai,MH,2023-08-29,Organic
734,Ahmedabad,MH,2023-01-10,Instagram
735,Delhi,TN,2023-10-04,Google Ads
736,Bangalore,KA,2023-01-27,Referral
737,Hyderabad,MH,2023-06-29,Instagram
738,Chennai,KA,2023-04-25,Facebook Ads
739,Chennai,KA,2023-11-29,Referral
740,Hyderabad,DL,2023-02-05,Referral
741,Pune,TS,2023-11-30,Google Ads
742,Kolkata,TN,2023-01-21,Google Ads
743,Delhi,MH,2023-01-16,Organic
744,Chennai,KA,2023-05-07,Organic
745,Bangalore,WB,2023-04-13,Facebook Ads
746,Delhi,TS,2023-01-11,Referral
747,Bangalore,MH,2023-11-15,Facebook Ads
748,Pune,WB,2023-03-20,Facebook Ads
749,Mumbai,TN,2023-05-03,Google Ads
750,Delhi,TN,2023-03-06,Facebook Ads
751,Ahmedabad,KA,2023-08-31,Facebook Ads
752,Chennai,KA,2023-12-09,Instagram
753,Delhi,GJ,2023-02-28,Organic
754,Delhi,GJ,2023-10-16,Organic
755,Delhi,MH,2023-04-22,Referral
756,Kolkata,DL,2023-08-27,Organic
757,Delhi,TS,2023-12-25,Referral
758,Bangalore,MH,2023-05-12,Instagram
759,Mumbai,TS,2023-07-08,Organic
760,Pune,KA,2023-03-27,Instagram
761,Hyderabad,TN,2023-11-07,Organic
762,Delhi,KA,2023-11-07,Organic
763,Chennai,TN,2023-02-28,Instagram
764,Delhi,GJ,2023-03-25,Facebook Ads
765,Chennai,MH,2023-06-09,Facebook Ads
766,Bangalore,GJ,2023-02-25,Facebook Ads
767,Chennai,TN,2023-10-24,Facebook Ads
768,Ahmedabad,KA,2023-01-14,Organic
769,Hyderabad,GJ,2023-06-09,Google Ads
770,Mumbai,MH,2023-10-22,Instagram
771,Chennai,TS,2023-12-13,Google Ads
772,Chennai,WB,2023-07-12,Google Ads
773,Mumbai,TN,2023-07-23,Referral
774,Hyderabad,TN,2023-04-12,Facebook Ads
775,Delhi,MH,2023-02-08,Organic
776,Chennai,MH,2023-10-31,Facebook Ads
777,Mumbai,MH,2023-12-20,Facebook Ads
778,Ahmedabad,MH,2023-11-18,Google Ads
779,Ahmedabad,WB,2023-05-05,Referral
780,Bangalore,DL,2023-02-22,Facebook Ads
781,Mumbai,MH,2023-12-23,Instagram
782,Bangalore,WB,2023-06-04,Instagram
783,Ahmedabad,GJ,2023-12-17,Facebook Ads
784,Hyderabad,MH,2023-11-04,Google Ads
785,Delhi,TN,2023-03-03,Google Ads
786,Mumbai,TS,2023-10-17,Organic
787,Pune,MH,2023-01-22,Referral
788,Ahmedabad,DL,2023-06-27,Google Ads
789,Ahmedabad,KA,2023-09-30,Organic
790,Pune,GJ,2023-08-08,Instagram
791,Kolkata,WB,2023-12-05,Instagram
792,Ahmedabad,GJ,2023-07-09,Instagram
793,Chennai,GJ,2023-02-05,Facebook Ads
794,Hyderabad,MH,2023-09-17,Referral
795,Mumbai,MH,2023-11-28,Organic
796,Pune,DL,2023-06-24,Referral
797,Chennai,TS,2023-01-07,Facebook Ads
798,Pune,MH,2023-08-04,Organic
799,Mumbai,MH,2023-09-08,Organic
800,Bangalore,TS,2023-02-24,Google Ads
801,Mumbai,DL,2023-08-10,Referral
802,Kolkata,WB,2023-07-05,Referral
803,Mumbai,GJ,2023-11-22,Google Ads
804,Mumbai,WB,2023-08-24,Instagram
805,Kolkata,MH,2023-12-29,Facebook Ads
806,Hyderabad,TS,2023-03-20,Referral
807,Ahmedabad,MH,2023-08-11,Google Ads
808,Mumbai,MH,2023-04-01,Organic
809,Kolkata,KA,2023-09-25,Google Ads
810,Chennai,WB,2023-11-30,Instagram
811,Bangalore,MH,2023-05-19,Facebook Ads
812,Bangalore,TN,2023-11-12,Instagram
813,Mumbai,KA,2023-10-03,Organic
814,Hyderabad,MH,2023-09-05,Organic
815,Hyderabad,DL,2023-08-27,Organic
816,Chennai,WB,2023-08-12,Organic
817,Mumbai,TN,2023-10-31,Google Ads
818,Bangalore,KA,2023-05-18,Organic
819,Hyderabad,WB,2023-06-15,Organic
820,Mumbai,TS,2023-05-06,Google Ads
821,Pune,DL,2023-02-14,Organic
822,Hyderabad,KA,2023-05-23,Instagram
823,Kolkata,TS,2023-08-19,Instagram
824,Pune,MH,2023-05-05,Referral
825,Ahmedabad,MH,2023-08-26,Instagram
826,Hyderabad,TS,2023-10-19,Facebook Ads
827,Bangalore,KA,2023-11-09,Facebook Ads
828,Delhi,GJ,2023-12-09,Facebook Ads
829,Pune,KA,2023-07-14,Google Ads
830,Ahmedabad,GJ,2023-06-22,Instagram
831,Chennai,MH,2023-01-15,Facebook Ads
832,Chennai,MH,2023-09-11,Referral
833,Bangalore,GJ,2023-06-16,Google Ads
834,Hyderabad,GJ,2023-04-04,Referral
835,Mumbai,TS,2023-09-07,Instagram
836,Hyderabad,TS,2023-04-19,Organic
837,Bangalore,MH,2023-07-01,Referral
838,Chennai,TS,2023-05-13,Organic
839,Hyderabad,WB,2023-06-24,Google Ads
840,Chennai,MH,2023-05-24,Referral
841,Pune,DL,2023-11-02,Referral
842,Ahmedabad,GJ,2023-12-26,Google Ads
843,Mumbai,KA,2023-05-22,Google Ads
844,Pune,DL,2023-10-12,Facebook Ads
845,Chennai,GJ,2023-01-06,Instagram
846,Chennai,WB,2023-09-22,Referral
847,Delhi,GJ,2023-04-08,Referral
848,Delhi,GJ,2023-02-13,Google Ads
849,Pune,GJ,2023-05-04,Google Ads
850,Kolkata,MH,2023-07-28,Instagram
851,Pune,WB,2023-09-08,Google Ads
852,Delhi,TN,2023-10-12,Organic
853,Chennai,TN,2023-05-04,Organic
854,Bangalore,TN,2023-12-20,Organic
855,Pune,MH,2023-09-01,Organic
856,Chennai,TS,2023-11-27,Instagram
857,Bangalore,WB,2023-12-31,Referral
858,Bangalore,DL,2023-09-09,Organic
859,Delhi,MH,2023-08-18,Google Ads
860,Pune,DL,2023-01-09,Organic
861,Hyderabad,DL,2023-02-17,Instagram
862,Mumbai,DL,2023-05-31,Google Ads
863,Delhi,MH,2023-04-24,Organic
864,Delhi,TN,2023-07-27,Referral
865,Hyderabad,DL,2023-12-21,Google Ads
866,Mumbai,MH,2023-05-05,Google Ads
867,Chennai,MH,2023-06-06,Referral
868,Kolkata,TS,2023-12-06,Google Ads
869,Pune,MH,2023-10-25,Organic
870,Kolkata,TN,2023-07-08,Google Ads
871,Chennai,DL,2023-08-31,Organic
872,Ahmedabad,MH,2023-10-11,Referral
873,Delhi,MH,2023-09-29,Facebook Ads
874,Mumbai,MH,2023-06-26,Referral
875,Delhi,KA,2023-08-06,Organic
876,Bangalore,KA,2023-10-09,Instagram
877,Delhi,KA,2023-06-19,Referral
878,Delhi,MH,2023-06-30,Instagram
879,Chennai,TN,2023-12-26,Instagram
880,Chennai,DL,2023-08-21,Organic
881,Chennai,WB,2023-05-19,Organic
882,Kolkata,WB,2023-06-06,Facebook Ads
883,Bangalore,WB,2023-05-09,Google Ads
884,Ahmedabad,TN,2023-04-29,Referral
885,Ahmedabad,TS,2023-03-03,Organic
886,Chennai,GJ,2023-04-09,Referral
887,Mumbai,MH,2023-06-11,Instagram
888,Kolkata,MH,2023-03-03,Google Ads
889,Hyderabad,KA,2023-10-02,Facebook Ads
890,Mumbai,KA,2023-12-20,Referral
891,Pune,MH,2023-04-05,Google Ads
892,Pune,WB,2023-04-09,Facebook Ads
893,Mumbai,MH,2023-04-21,Referral
894,Chennai,GJ,2023-09-05,Google Ads
895,Hyderabad,WB,2023-05-22,Organic
896,Hyderabad,KA,2023-10-29,Referral
897,Kolkata,DL,2023-09-26,Google Ads
898,Hyderabad,TS,2023-11-02,Facebook Ads
899,Pune,MH,2023-05-25,Google Ads
900,Bangalore,TS,2023-02-21,Organic
901,Chennai,TS,2023-04-10,Referral
902,Hyderabad,TS,2023-06-01,Referral
903,Kolkata,KA,2023-04-27,Referral
904,Pune,MH,2023-07-04,Organic
905,Bangalore,KA,2023-04-02,Facebook Ads
906,Delhi,TS,2023-06-04,Referral
907,Delhi,KA,2023-01-08,Facebook Ads
908,Bangalore,TS,2023-12-29,Google Ads
909,Pune,TN,2023-10-01,Facebook Ads
910,Kolkata,WB,2023-03-06,Facebook Ads
911,Bangalore,MH,2023-05-21,Referral
912,Chennai,TN,2023-01-24,Instagram
913,Chennai,DL,2023-01-28,Instagram
914,Delhi,KA,2023-10-11,Organic
915,Hyderabad,DL,2023-05-30,Organic
916,Kolkata,MH,2023-12-24,Instagram
917,Delhi,KA,2023-03-06,Google Ads
918,Hyderabad,GJ,2023-11-23,Referral
919,Hyderabad,GJ,2023-09-09,Referral
920,Ahmedabad,WB,2023-02-22,Google Ads
921,Chennai,TN,2023-01-07,Google Ads
922,Pune,WB,2023-10-21,Instagram
923,Mumbai,MH,2023-05-26,Organic
924,Pune,TS,2023-08-29,Google Ads
925,Mumbai,WB,2023-09-03,Organic
926,Bangalore,WB,2023-08-14,Facebook Ads
927,Chennai,GJ,2023-06-24,Referral
928,Hyderabad,TS,2023-04-05,Instagram
929,Kolkata,GJ,2023-01-27,Referral
930,Mumbai,KA,2023-05-10,Instagram
931,Pune,TS,2023-09-02,Facebook Ads
932,Hyderabad,TN,2023-02-28,Referral
933,Mumbai,WB,2023-02-03,Facebook Ads
934,Mumbai,GJ,2023-07-25,Instagram
935,Ahmedabad,TS,2023-09-09,Google Ads
936,Mumbai,MH,2023-02-07,Referral
937,Kolkata,MH,2023-10-23,Facebook Ads
938,Chennai,WB,2023-11-19,Referral
939,Kolkata,TN,2023-12-18,Referral
940,Delhi,DL,2023-01-28,Referral
941,Hyderabad,GJ,2023-03-19,Organic
942,Chennai,TN,2023-03-18,Facebook Ads
943,Ahmedabad,MH,2023-10-16,Facebook Ads
944,Chennai,MH,2023-06-05,Referral
945,Chennai,MH,2023-02-13,Google Ads
946,Pune,WB,2023-05-08,Referral
947,Chennai,MH,2023-03-02,Organic
948,Ahmedabad,KA,2023-10-13,Instagram
949,Kolkata,GJ,2023-08-02,Organic
950,Chennai,MH,2023-11-07,Google Ads
951,Bangalore,KA,2023-11-02,Referral
952,Hyderabad,KA,2023-11-13,Facebook Ads
953,Chennai,MH,2023-04-26,Referral
954,Hyderabad,GJ,2023-09-25,Google Ads
955,Bangalore,WB,2023-07-14,Facebook Ads
956,Bangalore,TN,2023-08-19,Organic
957,Hyderabad,KA,2023-08-15,Instagram
958,Mumbai,DL,2023-06-02,Instagram
959,Delhi,MH,2023-10-29,Referral
960,Pune,MH,2023-08-08,Organic
961,Mumbai,MH,2023-06-06,Google Ads
962,Mumbai,TN,2023-10-19,Instagram
963,Kolkata,MH,2023-11-14,Organic
964,Pune,MH,2023-01-31,Referral
965,Pune,MH,2023-11-09,Facebook Ads
966,Mumbai,KA,2023-02-20,Referral
967,Chennai,TN,2023-04-17,Referral
968,Kolkata,TS,2023-11-17,Organic
969,Kolkata,DL,2023-04-19,Instagram
970,Bangalore,GJ,2023-05-16,Organic
971,Ahmedabad,KA,2023-12-05,Facebook Ads
972,Pune,MH,2023-02-11,Organic
973,Mumbai,GJ,2023-03-22,Google Ads
974,Bangalore,KA,2023-05-03,Referral
975,Hyderabad,DL,2023-03-30,Instagram
976,Delhi,MH,2023-10-10,Facebook Ads
977,Ahmedabad,DL,2023-02-08,Referral
978,Ahmedabad,GJ,2023-03-22,Organic
979,Ahmedabad,TS,2023-01-02,Google Ads
980,Kolkata,KA,2023-07-29,Organic
981,Hyderabad,WB,2023-08-19,Referral
982,Ahmedabad,KA,2023-12-19,Facebook Ads
983,Hyderabad,MH,2023-11-01,Instagram
984,Chennai,TN,2023-08-29,Referral
985,Ahmedabad,TN,2023-05-30,Facebook Ads
986,Delhi,MH,2023-01-17,Referral
987,Hyderabad,MH,2023-04-29,Google Ads
988,Hyderabad,TN,2023-05-28,Organic
989,Delhi,DL,2023-12-28,Instagram
990,Ahmedabad,GJ,2023-05-25,Facebook Ads
991,Delhi,GJ,2023-12-26,Instagram
992,Hyderabad,TN,2023-08-21,Instagram
993,Delhi,TN,2023-02-06,Instagram
994,Hyderabad,MH,2023-12-18,Facebook Ads
995,Hyderabad,MH,2023-04-30,Facebook Ads
996,Chennai,TS,2023-05-16,Instagram
997,Mumbai,TN,2023-11-17,Organic
998,Hyderabad,WB,2023-10-29,Referral
999,Ahmedabad,TN,2023-12-05,Instagram
1000,Bangalore,TS,2023-04-12,Google Ads
1001,Kolkata,MH,2023-08-06,Instagram
1002,Pune,TS,2023-02-28,Facebook Ads
1003,Mumbai,MH,2023-10-06,Referral
1004,Mumbai,DL,2023-04-26,Google Ads
1005,Mumbai,MH,2023-11-28,Referral
1006,Chennai,DL,2023-03-18,Referral
1007,Hyderabad,DL,2023-05-17,Google Ads
1008,Chennai,MH,2023-03-14,Instagram
1009,Hyderabad,WB,2023-02-06,Instagram
1010,Ahmedabad,KA,2023-01-31,Instagram
1011,Chennai,MH,2023-03-26,Organic
1012,Chennai,TN,2023-06-07,Instagram
1013,Kolkata,WB,2023-11-01,Google Ads
1014,Bangalore,WB,2023-10-19,Organic
1015,Chennai,TN,2023-05-28,Instagram
1016,Kolkata,KA,2023-08-13,Organic
1017,Delhi,WB,2023-03-05,Google Ads
1018,Bangalore,DL,2023-08-28,Instagram
1019,Ahmedabad,GJ,2023-12-19,Facebook Ads
1020,Chennai,KA,2023-06-05,Google Ads
1021,Pune,MH,2023-12-25,Referral
1022,Mumbai,TN,2023-07-26,Referral
1023,Delhi,KA,2023-05-20,Google Ads
1024,Delhi,MH,2023-09-14,Referral
1025,Ahmedabad,GJ,2023-10-04,Google Ads
1026,Kolkata,KA,2023-09-10,Facebook Ads
1027,Delhi,DL,2023-08-13,Google Ads
1028,Bangalore,GJ,2023-02-11,Instagram
1029,Chennai,MH,2023-11-03,Instagram
1030,Chennai,TS,2023-01-21,Organic
1031,Pune,TN,2023-08-10,Referral
1032,Ahmedabad,GJ,2023-06-15,Referral
1033,Mumbai,TN,2023-11-06,Google Ads
1034,Kolkata,KA,2023-05-09,Referral
1035,Mumbai,WB,2023-01-14,Instagram
1036,Delhi,MH,2023-02-16,Facebook Ads
1037,Ahmedabad,TS,2023-04-28,Google Ads
1038,Pune,MH,2023-12-12,Referral
1039,Mumbai,TN,2023-10-22,Instagram
1040,Bangalore,MH,2023-10-28,Organic
1041,Chennai,TS,2023-01-11,Referral
1042,Delhi,WB,2023-12-11,Facebook Ads
1043,Pune,KA,2023-05-18,Facebook Ads
1044,Mumbai,DL,2023-10-23,Referral
1045,Kolkata,MH,2023-01-21,Referral
1046,Bangalore,GJ,2023-03-31,Instagram
1047,Bangalore,DL,2023-08-29,Referral
1048,Mumbai,TN,2023-09-23,Organic
1049,Chennai,KA,2023-11-30,Instagram
1050,Mumbai,MH,2023-08-15,Google Ads
1051,Delhi,KA,2023-05-23,Organic
1052,Mumbai,MH,2023-04-03,Instagram
1053,Bangalore,GJ,2023-10-27,Instagram
1054,Pune,WB,2023-08-12,Facebook Ads
1055,Mumbai,KA,2023-11-22,Instagram
1056,Chennai,MH,2023-09-09,Organic
1057,Ahmedabad,MH,2023-02-16,Referral
1058,Pune,DL,2023-08-29,Organic
1059,Kolkata,KA,2023-06-28,Google Ads
1060,Hyderabad,MH,2023-07-29,Instagram
1061,Mumbai,DL,2023-06-20,Instagram
1062,Chennai,GJ,2023-06-14,Instagram
1063,Pune,TS,2023-12-10,Instagram
1064,Chennai,GJ,2023-02-23,Facebook Ads
1065,Kolkata,MH,2023-03-24,Facebook Ads
1066,Bangalore,DL,2023-06-18,Referral
1067,Chennai,DL,2023-07-30,Instagram
1068,Pune,MH,2023-12-22,Google Ads
1069,Chennai,TN,2023-09-11,Referral
1070,Chennai,TN,2023-05-28,Instagram
1071,Chennai,WB,2023-12-06,Facebook Ads
1072,Delhi,TN,2023-07-25,Google Ads
1073,Delhi,DL,2023-10-09,Referral
1074,Bangalore,WB,2023-01-19,Google Ads
1075,Mumbai,GJ,2023-08-21,Instagram
1076,Chennai,MH,2023-02-15,Organic
1077,Kolkata,GJ,2023-06-11,Google Ads
1078,Mumbai,KA,2023-05-10,Google Ads
1079,Kolkata,MH,2023-06-15,Facebook Ads
1080,Mumbai,MH,2023-03-01,Instagram
1081,Bangalore,DL,2023-07-26,Google Ads
1082,Chennai,DL,2023-09-21,Instagram
1083,Chennai,WB,2023-01-01,Facebook Ads
1084,Hyderabad,MH,2023-12-03,Instagram
1085,Kolkata,TS,2023-10-05,Facebook Ads
1086,Mumbai,DL,2023-08-25,Facebook Ads
1087,Mumbai,TS,2023-07-31,Referral
1088,Ahmedabad,GJ,2023-01-28,Instagram
1089,Ahmedabad,TS,2023-04-07,Organic
1090,Delhi,TN,2023-09-23,Referral
1091,Hyderabad,MH,2023-07-05,Facebook Ads
1092,Pune,MH,2023-11-15,Organic
1093,Ahmedabad,MH,2023-09-13,Google Ads
1094,Pune,TS,2023-11-17,Google Ads
1095,Delhi,MH,2023-08-15,Referral
1096,Delhi,GJ,2023-01-27,Organic
1097,Delhi,MH,2023-04-15,Instagram
1098,Kolkata,TN,2023-05-17,Organic
1099,Kolkata,MH,2023-10-09,Referral
1100,Bangalore,DL,2023-03-09,Instagram
1101,Bangalore,TS,2023-05-28,Instagram
1102,Delhi,MH,2023-08-13,Google Ads
1103,Hyderabad,GJ,2023-12-24,Organic
1104,Mumbai,MH,2023-09-06,Instagram
1105,Kolkata,KA,2023-03-04,Referral
1106,Hyderabad,MH,2023-01-15,Google Ads
1107,Chennai,TS,2023-11-19,Instagram
1108,Kolkata,TN,2023-11-08,Organic
1109,Kolkata,MH,2023-05-03,Google Ads
1110,Bangalore,TN,2023-12-30,Organic
1111,Mumbai,TS,2023-03-23,Organic
1112,Mumbai,MH,2023-06-09,Organic
1113,Ahmedabad,DL,2023-10-10,Google Ads
1114,Pune,MH,2023-01-08,Instagram
1115,Pune,DL,2023-10-10,Facebook Ads
1116,Pune,TN,2023-07-28,Instagram
1117,Pune,TN,2023-02-17,Google Ads
1118,Chennai,TS,2023-04-26,Facebook Ads
1119,Chennai,DL,2023-02-28,Facebook Ads
1120,Kolkata,TN,2023-08-25,Facebook Ads
1121,Delhi,DL,2023-03-02,Referral
1122,Bangalore,TN,2023-11-28,Google Ads
1123,Bangalore,MH,2023-03-20,Referral
1124,Pune,MH,2023-09-13,Facebook Ads
1125,Kolkata,GJ,2023-05-30,Referral
1126,Ahmedabad,KA,2023-09-18,Referral
1127,Hyderabad,GJ,2023-12-28,Google Ads
1128,Delhi,MH,2023-05-20,Organic
1129,Kolkata,WB,2023-08-01,Referral
1130,Delhi,GJ,2023-09-05,Referral
1131,Delhi,MH,2023-08-30,Facebook Ads
1132,Delhi,WB,2023-05-05,Facebook Ads
1133,Kolkata,TN,2023-08-22,Facebook Ads
1134,Pune,KA,2023-10-10,Instagram
1135,Bangalore,KA,2023-03-16,Referral
1136,Bangalore,TN,2023-07-16,Facebook Ads
1137,Pune,TN,2023-04-08,Google Ads
1138,Delhi,DL,2023-11-03,Instagram
1139,Hyderabad,TN,2023-09-18,Organic
1140,Mumbai,TS,2023-03-11,Referral
1141,Kolkata,GJ,2023-02-05,Referral
1142,Mumbai,TN,2023-05-22,Google Ads
1143,Ahmedabad,TS,2023-08-01,Organic
1144,Pune,TN,2023-06-24,Organic
1145,Hyderabad,DL,2023-09-17,Instagram
1146,Kolkata,TS,2023-05-17,Referral
1147,Pune,GJ,2023-01-02,Facebook Ads
1148,Delhi,MH,2023-05-25,Google Ads
1149,Bangalore,TS,2023-06-02,Google Ads
1150,Mumbai,MH,2023-10-28,Google Ads
1151,Chennai,DL,2023-10-24,Google Ads
1152,Chennai,WB,2023-12-04,Facebook Ads
1153,Hyderabad,GJ,2023-09-08,Facebook Ads
1154,Delhi,TS,2023-03-18,Instagram
1155,Ahmedabad,MH,2023-08-17,Referral
1156,Mumbai,MH,2023-10-03,Facebook Ads
1157,Delhi,GJ,2023-09-05,Instagram
1158,Mumbai,GJ,2023-06-26,Organic
1159,Hyderabad,MH,2023-06-20,Referral
1160,Hyderabad,TN,2023-10-10,Facebook Ads
1161,Ahmedabad,MH,2023-10-06,Organic
1162,Chennai,TN,2023-07-13,Instagram
1163,Delhi,WB,2023-08-22,Facebook Ads
1164,Kolkata,DL,2023-06-14,Facebook Ads
1165,Chennai,KA,2023-04-07,Organic
1166,Delhi,TN,2023-12-24,Facebook Ads
1167,Chennai,MH,2023-05-03,Google Ads
1168,Kolkata,MH,2023-10-20,Facebook Ads
1169,Bangalore,MH,2023-07-16,Referral
1170,Bangalore,MH,2023-04-30,Organic
1171,Ahmedabad,DL,2023-07-30,Referral
1172,Bangalore,TS,2023-01-23,Instagram
1173,Bangalore,TS,2023-06-12,Referral
1174,Pune,MH,2023-08-31,Google Ads
1175,Mumbai,MH,2023-12-28,Google Ads
1176,Pune,TN,2023-07-15,Referral
1177,Pune,DL,2023-07-17,Instagram
1178,Ahmedabad,MH,2023-12-06,Facebook Ads
1179,Pune,TN,2023-11-30,Google Ads
1180,Bangalore,DL,2023-03-19,Referral
1181,Kolkata,MH,2023-09-11,Referral
1182,Ahmedabad,TS,2023-01-19,Referral
1183,Ahmedabad,DL,2023-03-06,Facebook Ads
1184,Hyderabad,MH,2023-09-15,Organic
1185,Ahmedabad,WB,2023-10-30,Instagram
1186,Hyderabad,KA,2023-06-19,Organic
1187,Ahmedabad,DL,2023-02-21,Instagram
1188,Mumbai,KA,2023-08-14,Instagram
1189,Bangalore,DL,2023-02-21,Referral
1190,Ahmedabad,KA,2023-09-27,Google Ads
1191,Bangalore,WB,2023-08-22,Referral
1192,Bangalore,TS,2023-01-08,Facebook Ads
1193,Chennai,GJ,2023-03-15,Instagram
1194,Ahmedabad,TN,2023-07-29,Google Ads
1195,Delhi,KA,2023-12-02,Instagram
1196,Chennai,WB,2023-03-21,Instagram
1197,Delhi,KA,2023-02-08,Referral
1198,Bangalore,TS,2023-08-29,Google Ads
1199,Bangalore,KA,2023-05-16,Google Ads
1200,Chennai,WB,2023-06-23,Instagram
1201,Chennai,MH,2023-11-16,Google Ads
1202,Delhi,WB,2023-12-21,Google Ads
1203,Hyderabad,GJ,2023-07-23,Referral
1204,Delhi,GJ,2023-11-29,Organic
1205,Chennai,GJ,2023-02-11,Facebook Ads
1206,Kolkata,MH,2023-06-18,Organic
1207,Chennai,TS,2023-12-12,Google Ads
1208,Kolkata,MH,2023-10-01,Instagram
1209,Mumbai,MH,2023-07-14,Facebook Ads
1210,Chennai,TS,2023-06-12,Facebook Ads
1211,Mumbai,MH,2023-11-17,Instagram
1212,Hyderabad,KA,2023-09-07,Facebook Ads
1213,Delhi,MH,2023-10-05,Instagram
1214,Kolkata,WB,2023-01-19,Facebook Ads
1215,Delhi,MH,2023-11-13,Organic
1216,Mumbai,KA,2023-02-05,Facebook Ads
1217,Kolkata,WB,2023-05-01,Referral
1218,Delhi,TS,2023-11-20,Instagram
1219,Chennai,MH,2023-12-17,Facebook Ads
1220,Bangalore,WB,2023-05-28,Instagram
1221,Mumbai,KA,2023-04-27,Referral
1222,Delhi,MH,2023-02-16,Facebook Ads
1223,Mumbai,MH,2023-08-11,Facebook Ads
1224,Pune,GJ,2023-02-20,Referral
1225,Mumbai,MH,2023-11-21,Referral
1226,Kolkata,WB,2023-12-27,Referral
1227,Pune,GJ,2023-02-21,Instagram
1228,Ahmedabad,KA,2023-08-16,Referral
1229,Kolkata,GJ,2023-03-27,Instagram
1230,Bangalore,DL,2023-12-22,Organic
1231,Pune,TS,2023-06-03,Facebook Ads
1232,Ahmedabad,GJ,2023-01-15,Facebook Ads
1233,Chennai,TS,2023-01-24,Google Ads
1234,Mumbai,KA,2023-06-16,Organic
1235,Delhi,DL,2023-01-29,Referral
1236,Hyderabad,MH,2023-05-31,Referral
1237,Mumbai,MH,2023-07-03,Organic
1238,Ahmedabad,TN,2023-07-11,Referral
1239,Mumbai,TN,2023-08-09,Google Ads
1240,Bangalore,MH,2023-03-16,Instagram
1241,Chennai,KA,2023-05-06,Facebook Ads
1242,Hyderabad,DL,2023-09-29,Organic
1243,Pune,DL,2023-07-30,Facebook Ads
1244,Pune,TS,2023-10-17,Instagram
1245,Pune,MH,2023-12-16,Organic
1246,Ahmedabad,WB,2023-04-03,Instagram
1247,Kolkata,GJ,2023-03-29,Referral
1248,Kolkata,DL,2023-03-31,Referral
1249,Delhi,MH,2023-02-10,Referral
1250,Hyderabad,WB,2023-11-09,Instagram
1251,Pune,TN,2023-07-15,Instagram
1252,Kolkata,WB,2023-11-14,Instagram
1253,Ahmedabad,MH,2023-12-16,Facebook Ads
1254,Delhi,MH,2023-05-04,Instagram
1255,Chennai,MH,2023-09-12,Referral
1256,Delhi,WB,2023-10-26,Google Ads
1257,Kolkata,GJ,2023-03-15,Instagram
1258,Bangalore,KA,2023-04-29,Google Ads
1259,Ahmedabad,DL,2023-08-25,Referral
1260,Bangalore,MH,2023-11-23,Instagram
1261,Pune,KA,2023-05-11,Facebook Ads
1262,Bangalore,WB,2023-08-24,Facebook Ads
1263,Pune,DL,2023-05-11,Google Ads
1264,Pune,TS,2023-12-08,Facebook Ads
1265,Kolkata,KA,2023-01-05,Facebook Ads
1266,Bangalore,KA,2023-08-27,Facebook Ads
1267,Pune,WB,2023-05-28,Referral
1268,Hyderabad,TN,2023-12-13,Facebook Ads
1269,Chennai,WB,2023-10-07,Organic
1270,Delhi,KA,2023-03-22,Instagram
1271,Delhi,DL,2023-02-07,Facebook Ads
1272,Kolkata,GJ,2023-08-15,Facebook Ads
1273,Bangalore,TN,2023-06-26,Facebook Ads
1274,Bangalore,WB,2023-10-28,Organic
1275,Pune,GJ,2023-06-03,Facebook Ads
1276,Ahmedabad,MH,2023-11-24,Facebook Ads
1277,Mumbai,WB,2023-08-06,Instagram
1278,Pune,KA,2023-12-20,Organic
1279,Chennai,GJ,2023-05-09,Organic
1280,Hyderabad,KA,2023-08-22,Facebook Ads
1281,Delhi,TS,2023-06-04,Organic
1282,Pune,GJ,2023-04-12,Google Ads
1283,Mumbai,GJ,2023-07-16,Organic
1284,Mumbai,WB,2023-09-05,Organic
1285,Pune,KA,2023-02-24,Organic
1286,Kolkata,MH,2023-05-02,Referral
1287,Delhi,MH,2023-07-15,Referral
1288,Kolkata,TN,2023-10-20,Referral
1289,Hyderabad,MH,2023-07-03,Organic
1290,Mumbai,TN,2023-10-22,Google Ads
1291,Mumbai,MH,2023-06-01,Organic
1292,Chennai,GJ,2023-12-25,Facebook Ads
1293,Hyderabad,GJ,2023-06-01,Google Ads
1294,Mumbai,WB,2023-01-12,Referral
1295,Hyderabad,TS,2023-12-04,Instagram
1296,Delhi,KA,2023-07-22,Google Ads
1297,Bangalore,KA,2023-05-21,Referral
1298,Mumbai,KA,2023-01-05,Google Ads
1299,Chennai,WB,2023-10-17,Google Ads
1300,Delhi,TN,2023-12-18,Organic
1301,Pune,GJ,2023-01-26,Facebook Ads
1302,Hyderabad,MH,2023-11-07,Instagram
1303,Pune,KA,2023-09-12,Referral
1304,Kolkata,MH,2023-05-27,Google Ads
1305,Delhi,KA,2023-04-28,Instagram
1306,Pune,GJ,2023-11-07,Google Ads
1307,Ahmedabad,WB,2023-06-30,Facebook Ads
1308,Ahmedabad,MH,2023-04-23,Instagram
1309,Mumbai,TS,2023-11-22,Referral
1310,Hyderabad,MH,2023-04-08,Google Ads
1311,Bangalore,MH,2023-11-14,Facebook Ads
1312,Delhi,KA,2023-05-09,Instagram
1313,Mumbai,KA,2023-12-14,Google Ads
1314,Chennai,DL,2023-12-04,Google Ads
1315,Kolkata,TN,2023-12-15,Referral
1316,Hyderabad,MH,2023-03-12,Facebook Ads
1317,Delhi,DL,2023-11-18,Organic
1318,Ahmedabad,MH,2023-02-19,Google Ads
1319,Delhi,TS,2023-11-18,Instagram
1320,Bangalore,TN,2023-11-27,Referral
1321,Ahmedabad,MH,2023-01-21,Referral
1322,Bangalore,KA,2023-06-08,Google Ads
1323,Chennai,MH,2023-08-14,Google Ads
1324,Kolkata,MH,2023-01-18,Google Ads
1325,Chennai,KA,2023-10-24,Organic
1326,Mumbai,GJ,2023-07-06,Google Ads
1327,Mumbai,TN,2023-03-09,Facebook Ads
1328,Chennai,GJ,2023-02-16,Instagram
1329,Kolkata,GJ,2023-06-01,Google Ads
1330,Chennai,KA,2023-06-17,Organic
1331,Kolkata,TS,2023-08-01,Instagram
1332,Kolkata,MH,2023-03-31,Referral
1333,Pune,WB,2023-04-13,Google Ads
1334,Ahmedabad,KA,2023-03-09,Instagram
1335,Hyderabad,TS,2023-10-04,Referral
1336,Kolkata,WB,2023-07-07,Organic
1337,Bangalore,MH,2023-09-29,Facebook Ads
1338,Kolkata,GJ,2023-09-14,Google Ads
1339,Kolkata,TN,2023-05-20,Facebook Ads
1340,Kolkata,TN,2023-03-26,Organic
1341,Pune,MH,2023-05-12,Instagram
1342,Ahmedabad,MH,2023-09-04,Instagram
1343,Pune,MH,2023-06-01,Organic
1344,Mumbai,TS,2023-06-23,Organic
1345,Pune,GJ,2023-02-28,Google Ads
1346,Bangalore,TS,2023-08-28,Referral
1347,Bangalore,MH,2023-02-08,Facebook Ads
1348,Pune,DL,2023-03-14,Facebook Ads
1349,Ahmedabad,DL,2023-04-26,Instagram
1350,Chennai,WB,2023-12-13,Instagram
1351,Hyderabad,WB,2023-12-12,Google Ads
1352,Ahmedabad,DL,2023-07-23,Organic
1353,Pune,MH,2023-10-13,Facebook Ads
1354,Kolkata,MH,2023-07-07,Google Ads
1355,Delhi,WB,2023-02-16,Instagram
1356,Hyderabad,KA,2023-07-22,Instagram
1357,Hyderabad,MH,2023-01-08,Facebook Ads
1358,Bangalore,DL,2023-05-16,Instagram
1359,Hyderabad,TS,2023-10-02,Instagram
1360,Pune,MH,2023-03-05,Referral
1361,Kolkata,GJ,2023-08-21,Organic
1362,Kolkata,MH,2023-07-08,Instagram
1363,Mumbai,KA,2023-12-11,Referral
1364,Kolkata,WB,2023-12-11,Google Ads
1365,Ahmedabad,MH,2023-05-15,Instagram
1366,Kolkata,TN,2023-10-27,Google Ads
1367,Bangalore,MH,2023-07-15,Instagram
1368,Kolkata,DL,2023-11-23,Facebook Ads
1369,Mumbai,GJ,2023-07-10,Referral
1370,Delhi,GJ,2023-02-25,Referral
1371,Pune,GJ,2023-12-12,Facebook Ads
1372,Bangalore,TN,2023-04-30,Organic
1373,Ahmedabad,GJ,2023-08-30,Referral
1374,Delhi,GJ,2023-01-13,Google Ads
1375,Bangalore,WB,2023-11-14,Referral
1376,Chennai,TS,2023-10-15,Organic
1377,Hyderabad,MH,2023-06-17,Google Ads
1378,Chennai,TN,2023-11-09,Google Ads
1379,Kolkata,MH,2023-04-24,Facebook Ads
1380,Delhi,DL,2023-11-28,Instagram
1381,Kolkata,WB,2023-02-02,Facebook Ads
1382,Hyderabad,MH,2023-11-22,Instagram
1383,Bangalore,TS,2023-08-26,Facebook Ads
1384,Hyderabad,WB,2023-12-25,Instagram
1385,Mumbai,MH,2023-06-04,Referral
1386,Hyderabad,TN,2023-11-29,Google Ads
1387,Mumbai,DL,2023-07-29,Instagram
1388,Hyderabad,DL,2023-03-01,Referral
1389,Pune,WB,2023-03-13,Organic
1390,Mumbai,MH,2023-01-24,Facebook Ads
1391,Delhi,TN,2023-01-20,Organic
1392,Kolkata,MH,2023-06-05,Referral
1393,Ahmedabad,MH,2023-09-10,Organic
1394,Kolkata,GJ,2023-03-01,Organic
1395,Chennai,TN,2023-02-19,Referral
1396,Kolkata,MH,2023-05-01,Google Ads
1397,Bangalore,WB,2023-10-03,Instagram
1398,Pune,WB,2023-03-11,Facebook Ads
1399,Hyderabad,GJ,2023-07-18,Instagram
1400,Chennai,KA,2023-08-21,Facebook Ads
1401,Bangalore,WB,2023-07-09,Instagram
1402,Bangalore,DL,2023-12-10,Organic
1403,Mumbai,MH,2023-12-23,Google Ads
1404,Kolkata,TN,2023-10-04,Organic
1405,Delhi,WB,2023-08-03,Google Ads
1406,Ahmedabad,MH,2023-10-28,Referral
1407,Delhi,GJ,2023-03-21,Facebook Ads
1408,Chennai,WB,2023-08-01,Facebook Ads
1409,Pune,TN,2023-12-02,Referral
1410,Delhi,TS,2023-02-20,Instagram
1411,Hyderabad,TN,2023-09-08,Referral
1412,Delhi,TN,2023-11-12,Referral
1413,Chennai,TN,2023-07-28,Google Ads
1414,Ahmedabad,WB,2023-05-24,Referral
1415,Delhi,KA,2023-01-17,Facebook Ads
1416,Hyderabad,TN,2023-12-20,Organic
1417,Mumbai,GJ,2023-07-09,Google Ads
1418,Pune,DL,2023-04-22,Google Ads
1419,Chennai,DL,2023-08-16,Instagram
1420,Mumbai,GJ,2023-08-16,Organic
1421,Mumbai,MH,2023-05-01,Google Ads
1422,Mumbai,KA,2023-07-05,Referral
1423,Bangalore,MH,2023-02-20,Google Ads
1424,Pune,GJ,2023-12-18,Google Ads
1425,Ahmedabad,DL,2023-07-08,Google Ads
1426,Kolkata,MH,2023-10-06,Instagram
1427,Pune,DL,2023-11-27,Google Ads
1428,Bangalore,TS,2023-07-03,Google Ads
1429,Kolkata,TN,2023-02-01,Instagram
1430,Pune,MH,2023-07-23,Organic
1431,Mumbai,DL,2023-05-22,Facebook Ads
1432,Chennai,WB,2023-04-08,Instagram
1433,Kolkata,WB,2023-03-04,Instagram
1434,Hyderabad,MH,2023-08-21,Google Ads
1435,Hyderabad,MH,2023-02-16,Google Ads
1436,Delhi,MH,2023-12-06,Facebook Ads
1437,Kolkata,TN,2023-04-19,Google Ads
1438,Chennai,TN,2023-11-25,Referral
1439,Ahmedabad,TS,2023-11-24,Google Ads
1440,Bangalore,GJ,2023-11-02,Google Ads
1441,Mumbai,GJ,2023-01-11,Referral
1442,Delhi,KA,2023-01-26,Facebook Ads
1443,Hyderabad,MH,2023-06-20,Referral
1444,Bangalore,TN,2023-05-05,Instagram
1445,Bangalore,GJ,2023-03-06,Referral
1446,Mumbai,MH,2023-10-17,Organic
1447,Ahmedabad,TN,2023-04-16,Instagram
1448,Ahmedabad,DL,2023-02-05,Google Ads
1449,Kolkata,MH,2023-10-11,Instagram
1450,Hyderabad,DL,2023-04-17,Facebook Ads
1451,Ahmedabad,MH,2023-10-28,Facebook Ads
1452,Chennai,KA,2023-04-21,Referral
1453,Ahmedabad,TS,2023-04-30,Instagram
1454,Bangalore,WB,2023-06-18,Google Ads
1455,Mumbai,GJ,2023-03-17,Facebook Ads
1456,Chennai,WB,2023-11-02,Google Ads
1457,Kolkata,WB,2023-01-02,Organic
1458,Hyderabad,DL,2023-05-22,Facebook Ads
1459,Kolkata,MH,2023-03-16,Referral
1460,Bangalore,TN,2023-03-08,Organic
1461,Chennai,WB,2023-10-04,Instagram
1462,Chennai,KA,2023-05-09,Google Ads
1463,Chennai,WB,2023-03-31,Facebook Ads
1464,Bangalore,MH,2023-02-26,Organic
1465,Bangalore,DL,2023-12-05,Organic
1466,Kolkata,MH,2023-01-14,Facebook Ads
1467,Delhi,MH,2023-03-09,Instagram
1468,Kolkata,MH,2023-01-08,Instagram
1469,Hyderabad,MH,2023-07-03,Referral
1470,Mumbai,MH,2023-05-02,Instagram
1471,Chennai,GJ,2023-10-29,Referral
1472,Delhi,TS,2023-06-15,Organic
1473,Mumbai,TS,2023-01-09,Facebook Ads
1474,Delhi,TN,2023-03-31,Instagram
1475,Ahmedabad,DL,2023-05-16,Referral
1476,Ahmedabad,KA,2023-01-27,Organic
1477,Pune,KA,2023-03-06,Instagram
1478,Ahmedabad,KA,2023-08-04,Google Ads
1479,Kolkata,GJ,2023-09-27,Organic
1480,Ahmedabad,MH,2023-02-28,Instagram
1481,Bangalore,TS,2023-02-02,Organic
1482,Chennai,DL,2023-09-01,Facebook Ads
1483,Kolkata,MH,2023-08-18,Facebook Ads
1484,Mumbai,MH,2023-07-05,Facebook Ads
1485,Pune,TS,2023-09-20,Google Ads
1486,Pune,TS,2023-10-31,Facebook Ads
1487,Pune,WB,2023-02-25,Google Ads
1488,Mumbai,WB,2023-08-20,Facebook Ads
1489,Mumbai,GJ,2023-09-15,Organic
1490,Mumbai,DL,2023-04-24,Instagram
1491,Mumbai,MH,2023-11-11,Instagram
1492,Pune,DL,2023-01-23,Facebook Ads
1493,Pune,DL,2023-12-04,Instagram
1494,Delhi,GJ,2023-09-24,Facebook Ads
1495,Kolkata,GJ,2023-06-04,Facebook Ads
1496,Chennai,MH,2023-08-23,Referral
1497,Ahmedabad,TN,2023-11-26,Referral
1498,Ahmedabad,GJ,2023-01-16,Referral
1499,Bangalore,DL,2023-02-01,Google Ads
1500,Pune,WB,2023-09-03,Referral
1501,Bangalore,TN,2023-07-25,Facebook Ads
1502,Kolkata,MH,2023-08-07,Organic
1503,Kolkata,TN,2023-12-18,Referral
1504,Bangalore,KA,2023-02-25,Referral
1505,Pune,MH,2023-09-09,Organic
1506,Bangalore,TN,2023-12-31,Facebook Ads
1507,Ahmedabad,DL,2023-08-16,Google Ads
1508,Delhi,MH,2023-02-07,Referral
1509,Ahmedabad,MH,2023-02-11,Organic
1510,Hyderabad,DL,2023-06-14,Facebook Ads
1511,Pune,MH,2023-11-08,Instagram
1512,Pune,WB,2023-03-17,Google Ads
1513,Chennai,KA,2023-02-03,Organic
1514,Mumbai,WB,2023-03-06,Organic
1515,Hyderabad,DL,2023-05-21,Organic
1516,Kolkata,DL,2023-11-16,Referral
1517,Pune,DL,2023-11-21,Instagram
1518,Bangalore,TS,2023-10-27,Google Ads
1519,Hyderabad,KA,2023-10-08,Facebook Ads
1520,Chennai,MH,2023-12-31,Facebook Ads
1521,Kolkata,GJ,2023-06-16,Instagram
1522,Mumbai,DL,2023-07-15,Organic
1523,Mumbai,DL,2023-11-02,Organic
1524,Chennai,MH,2023-09-29,Organic
1525,Chennai,GJ,2023-05-31,Organic
1526,Bangalore,WB,2023-08-21,Organic
1527,Pune,WB,2023-09-16,Instagram
1528,Mumbai,DL,2023-11-06,Referral
1529,Kolkata,MH,2023-08-09,Google Ads
1530,Hyderabad,TS,2023-02-20,Organic
1531,Kolkata,WB,2023-12-26,Referral
1532,Delhi,MH,2023-02-28,Facebook Ads
1533,Delhi,TS,2023-12-02,Instagram
1534,Chennai,DL,2023-11-30,Referral
1535,Bangalore,KA,2023-10-10,Organic
1536,Delhi,TN,2023-04-21,Organic
1537,Mumbai,TN,2023-08-09,Organic
1538,Kolkata,DL,2023-08-20,Referral
1539,Kolkata,WB,2023-04-27,Organic
1540,Chennai,MH,2023-07-31,Referral
1541,Pune,KA,2023-06-23,Organic
1542,Pune,MH,2023-08-21,Facebook Ads
1543,Hyderabad,TS,2023-07-24,Facebook Ads
1544,Chennai,DL,2023-08-01,Google Ads
1545,Ahmedabad,KA,2023-02-18,Organic
1546,Hyderabad,GJ,2023-06-10,Organic
1547,Ahmedabad,KA,2023-08-07,Referral
1548,Pune,WB,2023-06-10,Referral
1549,Chennai,GJ,2023-12-07,Organic
1550,Ahmedabad,TS,2023-05-11,Google Ads
1551,Chennai,GJ,2023-07-11,Organic
1552,Chennai,KA,2023-03-20,Referral
1553,Pune,WB,2023-12-18,Organic
1554,Hyderabad,GJ,2023-08-31,Referral
1555,Hyderabad,MH,2023-02-04,Organic
1556,Chennai,WB,2023-02-16,Instagram
1557,Delhi,MH,2023-02-13,Referral
1558,Bangalore,MH,2023-02-17,Google Ads
1559,Pune,GJ,2023-08-10,Instagram
1560,Bangalore,GJ,2023-02-19,Organic
1561,Bangalore,MH,2023-07-10,Referral
1562,Hyderabad,MH,2023-03-08,Instagram
1563,Hyderabad,KA,2023-10-12,Google Ads
1564,Delhi,WB,2023-01-31,Referral
1565,Bangalore,MH,2023-10-28,Instagram
1566,Bangalore,MH,2023-10-15,Instagram
1567,Chennai,MH,2023-10-15,Instagram
1568,Hyderabad,TS,2023-06-18,Facebook Ads
1569,Bangalore,KA,2023-12-10,Organic
1570,Kolkata,WB,2023-03-04,Referral
1571,Delhi,WB,2023-07-30,Referral
1572,Ahmedabad,TN,2023-07-01,Referral
1573,Kolkata,WB,2023-12-07,Instagram
1574,Kolkata,KA,2023-08-05,Organic
1575,Ahmedabad,TS,2023-01-27,Google Ads
1576,Pune,WB,2023-05-28,Referral
1577,Pune,TN,2023-11-04,Organic
1578,Delhi,KA,2023-06-09,Organic
1579,Kolkata,MH,2023-06-30,Facebook Ads
1580,Bangalore,DL,2023-02-23,Referral
1581,Hyderabad,DL,2023-10-23,Instagram
1582,Delhi,MH,2023-09-17,Organic
1583,Chennai,MH,2023-04-19,Organic
1584,Ahmedabad,WB,2023-03-21,Google Ads
1585,Kolkata,GJ,2023-12-03,Facebook Ads
1586,Delhi,DL,2023-09-04,Organic
1587,Mumbai,MH,2023-04-25,Organic
1588,Mumbai,DL,2023-02-25,Instagram
1589,Pune,MH,2023-06-29,Instagram
1590,Ahmedabad,WB,2023-10-12,Google Ads
1591,Hyderabad,WB,2023-07-08,Google Ads
1592,Bangalore,MH,2023-02-28,Google Ads
1593,Hyderabad,MH,2023-05-23,Instagram
1594,Hyderabad,MH,2023-10-21,Instagram
1595,Hyderabad,WB,2023-04-26,Facebook Ads
1596,Ahmedabad,GJ,2023-08-08,Referral
1597,Hyderabad,WB,2023-10-15,Referral
1598,Chennai,KA,2023-11-15,Facebook Ads
1599,Ahmedabad,GJ,2023-11-11,Referral
1600,Chennai,MH,2023-12-12,Instagram
1601,Ahmedabad,KA,2023-11-26,Referral
1602,Pune,MH,2023-10-13,Instagram
1603,Delhi,TS,2023-01-14,Facebook Ads
1604,Mumbai,DL,2023-11-08,Google Ads
1605,Hyderabad,KA,2023-12-03,Facebook Ads
1606,Pune,DL,2023-12-22,Referral
1607,Delhi,TN,2023-05-17,Instagram
1608,Mumbai,MH,2023-01-15,Referral
1609,Kolkata,TS,2023-04-03,Referral
1610,Bangalore,TN,2023-05-20,Google Ads
1611,Chennai,TN,2023-12-26,Referral
1612,Kolkata,WB,2023-06-08,Google Ads
1613,Ahmedabad,TN,2023-06-23,Instagram
1614,Mumbai,MH,2023-06-29,Instagram
1615,Kolkata,KA,2023-01-04,Google Ads
1616,Bangalore,MH,2023-04-03,Facebook Ads
1617,Pune,KA,2023-03-15,Instagram
1618,Mumbai,TN,2023-10-17,Facebook Ads
1619,Kolkata,TN,2023-12-03,Instagram
1620,Chennai,GJ,2023-07-25,Instagram
1621,Chennai,TS,2023-02-05,Organic
1622,Delhi,KA,2023-03-14,Referral
1623,Kolkata,TN,2023-11-21,Referral
1624,Hyderabad,WB,2023-01-16,Facebook Ads
1625,Kolkata,GJ,2023-02-16,Referral
1626,Pune,DL,2023-09-29,Facebook Ads
1627,Mumbai,GJ,2023-04-21,Instagram
1628,Mumbai,TS,2023-07-12,Organic
1629,Pune,MH,2023-08-03,Organic
1630,Kolkata,TS,2023-08-21,Instagram
1631,Pune,DL,2023-06-24,Google Ads
1632,Bangalore,GJ,2023-03-22,Google Ads
1633,Ahmedabad,KA,2023-07-09,Referral
1634,Pune,MH,2023-06-09,Facebook Ads
1635,Chennai,MH,2023-06-16,Organic
1636,Pune,KA,2023-10-18,Referral
1637,Mumbai,MH,2023-11-02,Instagram
1638,Chennai,MH,2023-02-13,Organic
1639,Mumbai,TS,2023-01-27,Facebook Ads
1640,Delhi,TN,2023-03-21,Facebook Ads
1641,Hyderabad,MH,2023-03-22,Google Ads
1642,Mumbai,TS,2023-11-13,Referral
1643,Chennai,MH,2023-01-26,Instagram
1644,Delhi,DL,2023-12-12,Organic
1645,Mumbai,WB,2023-02-11,Facebook Ads
1646,Bangalore,TN,2023-05-20,Organic
1647,Pune,TS,2023-08-15,Instagram
1648,Hyderabad,WB,2023-12-05,Organic
1649,Mumbai,WB,2023-08-06,Referral
1650,Delhi,GJ,2023-09-06,Google Ads
1651,Bangalore,MH,2023-11-07,Organic
1652,Kolkata,GJ,2023-08-15,Google Ads
1653,Delhi,KA,2023-08-01,Instagram
1654,Pune,DL,2023-05-20,Google Ads
1655,Delhi,DL,2023-04-21,Organic
1656,Bangalore,DL,2023-09-20,Organic
1657,Delhi,TN,2023-02-28,Facebook Ads
1658,Bangalore,MH,2023-06-26,Organic
1659,Mumbai,TN,2023-08-09,Google Ads
1660,Ahmedabad,TS,2023-02-26,Facebook Ads
1661,Bangalore,WB,2023-05-26,Organic
1662,Bangalore,WB,2023-12-14,Organic
1663,Hyderabad,GJ,2023-12-14,Instagram
1664,Bangalore,MH,2023-10-31,Facebook Ads
1665,Bangalore,TS,2023-09-07,Instagram
1666,Kolkata,MH,2023-09-27,Instagram
1667,Ahmedabad,WB,2023-12-08,Instagram
1668,Mumbai,MH,2023-06-07,Referral
1669,Pune,TN,2023-01-24,Instagram
1670,Hyderabad,DL,2023-04-23,Google Ads
1671,Kolkata,WB,2023-07-22,Organic
1672,Chennai,KA,2023-11-03,Referral
1673,Ahmedabad,DL,2023-01-29,Instagram
1674,Mumbai,WB,2023-01-04,Organic
1675,Mumbai,TN,2023-04-15,Facebook Ads
1676,Chennai,MH,2023-06-04,Facebook Ads
1677,Pune,MH,2023-04-19,Organic
1678,Bangalore,MH,2023-03-12,Google Ads
1679,Kolkata,DL,2023-05-11,Organic
1680,Delhi,TN,2023-05-29,Organic
1681,Hyderabad,MH,2023-06-17,Referral
1682,Delhi,MH,2023-03-03,Facebook Ads
1683,Chennai,TS,2023-01-04,Facebook Ads
1684,Mumbai,KA,2023-09-12,Instagram
1685,Pune,DL,2023-08-09,Organic
1686,Mumbai,MH,2023-03-31,Organic
1687,Hyderabad,MH,2023-03-08,Google Ads
1688,Mumbai,TS,2023-07-14,Facebook Ads
1689,Mumbai,TN,2023-09-30,Google Ads
1690,Hyderabad,MH,2023-12-27,Referral
1691,Kolkata,GJ,2023-04-28,Instagram
1692,Kolkata,KA,2023-09-14,Google Ads
1693,Hyderabad,MH,2023-10-14,Facebook Ads
1694,Pune,TN,2023-12-09,Referral
1695,Chennai,TN,2023-07-01,Organic
1696,Ahmedabad,DL,2023-02-06,Referral
1697,Mumbai,MH,2023-07-23,Google Ads
1698,Pune,DL,2023-01-22,Facebook Ads
1699,Mumbai,MH,2023-08-12,Google Ads
1700,Ahmedabad,GJ,2023-01-10,Organic
1701,Chennai,MH,2023-08-24,Organic
1702,Kolkata,WB,2023-02-09,Facebook Ads
1703,Pune,MH,2023-06-10,Instagram
1704,Bangalore,GJ,2023-10-22,Referral
1705,Bangalore,WB,2023-08-08,Referral
1706,Ahmedabad,TN,2023-10-21,Organic
1707,Bangalore,DL,2023-07-27,Google Ads
1708,Kolkata,KA,2023-12-30,Google Ads
1709,Ahmedabad,MH,2023-11-24,Instagram
1710,Kolkata,KA,2023-08-02,Google Ads
1711,Chennai,MH,2023-05-29,Referral
1712,Mumbai,TN,2023-02-28,Google Ads
1713,Chennai,DL,2023-07-27,Instagram
1714,Chennai,MH,2023-01-11,Referral
1715,Kolkata,MH,2023-06-16,Google Ads
1716,Ahmedabad,MH,2023-03-29,Referral
1717,Ahmedabad,MH,2023-11-13,Organic
1718,Bangalore,MH,2023-08-24,Organic
1719,Delhi,KA,2023-12-20,Organic
1720,Mumbai,DL,2023-07-05,Google Ads
1721,Kolkata,GJ,2023-02-15,Instagram
1722,Bangalore,MH,2023-08-12,Referral
1723,Pune,DL,2023-02-24,Facebook Ads
1724,Delhi,KA,2023-05-05,Organic
1725,Delhi,MH,2023-08-12,Organic
1726,Kolkata,MH,2023-10-29,Facebook Ads
1727,Hyderabad,MH,2023-07-25,Facebook Ads
1728,Mumbai,TN,2023-09-26,Google Ads
1729,Delhi,WB,2023-02-10,Referral
1730,Kolkata,TS,2023-07-22,Organic
1731,Kolkata,GJ,2023-06-08,Instagram
1732,Bangalore,WB,2023-06-23,Google Ads
1733,Pune,MH,2023-04-24,Google Ads
1734,Hyderabad,DL,2023-06-20,Instagram
1735,Mumbai,MH,2023-03-28,Instagram
1736,Ahmedabad,DL,2023-02-09,Instagram
1737,Chennai,DL,2023-09-19,Facebook Ads
1738,Pune,WB,2023-11-21,Organic
1739,Pune,TS,2023-02-28,Facebook Ads
1740,Bangalore,TN,2023-09-29,Organic
1741,Ahmedabad,WB,2023-09-19,Facebook Ads
1742,Delhi,TS,2023-04-10,Referral
1743,Delhi,MH,2023-06-28,Organic
1744,Bangalore,MH,2023-06-29,Google Ads
1745,Kolkata,DL,2023-11-27,Organic
1746,Delhi,KA,2023-03-17,Organic
1747,Hyderabad,MH,2023-05-01,Organic
1748,Mumbai,MH,2023-02-22,Referral
1749,Pune,DL,2023-03-16,Facebook Ads
1750,Pune,KA,2023-05-12,Google Ads
1751,Hyderabad,GJ,2023-04-12,Facebook Ads
1752,Ahmedabad,TS,2023-03-30,Facebook Ads
1753,Delhi,GJ,2023-11-05,Instagram
1754,Pune,GJ,2023-03-20,Referral
1755,Chennai,MH,2023-12-02,Instagram
1756,Ahmedabad,GJ,2023-02-08,Referral
1757,Mumbai,MH,2023-04-01,Facebook Ads
1758,Mumbai,WB,2023-11-18,Facebook Ads
1759,Pune,KA,2023-09-10,Referral
1760,Bangalore,TS,2023-08-26,Facebook Ads
1761,Ahmedabad,MH,2023-10-16,Facebook Ads
1762,Pune,GJ,2023-10-24,Google Ads
1763,Bangalore,WB,2023-08-18,Instagram
1764,Pune,KA,2023-12-15,Instagram
1765,Chennai,DL,2023-10-17,Instagram
1766,Ahmedabad,DL,2023-11-26,Organic
1767,Kolkata,DL,2023-11-22,Google Ads
1768,Mumbai,MH,2023-11-16,Instagram
1769,Pune,TS,2023-06-15,Instagram
1770,Chennai,DL,2023-11-18,Google Ads
1771,Bangalore,MH,2023-06-11,Facebook Ads
1772,Bangalore,TN,2023-03-19,Instagram
1773,Mumbai,MH,2023-08-14,Facebook Ads
1774,Hyderabad,MH,2023-02-04,Instagram
1775,Pune,MH,2023-08-29,Referral
1776,Ahmedabad,TS,2023-08-15,Organic
1777,Delhi,WB,2023-11-20,Instagram
1778,Bangalore,GJ,2023-06-05,Referral
1779,Ahmedabad,MH,2023-05-21,Google Ads
1780,Ahmedabad,DL,2023-10-30,Referral
1781,Kolkata,MH,2023-01-29,Google Ads
1782,Ahmedabad,KA,2023-06-30,Instagram
1783,Ahmedabad,DL,2023-09-17,Google Ads
1784,Kolkata,MH,2023-02-07,Referral
1785,Bangalore,TN,2023-06-08,Organic
1786,Ahmedabad,GJ,2023-08-25,Facebook Ads
1787,Hyderabad,KA,2023-08-20,Facebook Ads
1788,Hyderabad,TN,2023-01-20,Organic
1789,Chennai,WB,2023-01-30,Facebook Ads
1790,Kolkata,MH,2023-07-08,Instagram
1791,Chennai,TN,2023-05-27,Instagram
1792,Kolkata,GJ,2023-02-09,Referral
1793,Pune,GJ,2023-11-27,Referral
1794,Pune,WB,2023-02-16,Google Ads
1795,Ahmedabad,GJ,2023-11-11,Referral
1796,Delhi,MH,2023-11-01,Instagram
1797,Pune,MH,2023-09-17,Referral
1798,Delhi,GJ,2023-07-16,Facebook Ads
1799,Pune,TN,2023-08-25,Google Ads
1800,Mumbai,MH,2023-10-25,Google Ads
1801,Pune,DL,2023-10-11,Instagram
1802,Chennai,GJ,2023-01-22,Referral
1803,Bangalore,MH,2023-08-19,Facebook Ads
1804,Ahmedabad,TS,2023-10-20,Referral
1805,Chennai,WB,2023-11-30,Organic
1806,Bangalore,GJ,2023-04-07,Referral
1807,Hyderabad,MH,2023-06-14,Instagram
1808,Chennai,TS,2023-11-06,Referral
1809,Hyderabad,MH,2023-09-01,Google Ads
1810,Delhi,MH,2023-09-14,Facebook Ads
1811,Delhi,TN,2023-03-19,Instagram
1812,Mumbai,DL,2023-02-01,Organic
1813,Pune,GJ,2023-08-19,Facebook Ads
1814,Chennai,WB,2023-02-22,Facebook Ads
1815,Hyderabad,GJ,2023-06-25,Google Ads
1816,Bangalore,DL,2024-01-01,Google Ads
1817,Delhi,KA,2023-02-13,Google Ads
1818,Pune,TN,2023-09-16,Instagram
1819,Delhi,TN,2023-11-27,Referral
1820,Bangalore,DL,2023-03-30,Facebook Ads
1821,Pune,MH,2023-01-21,Referral
1822,Pune,TN,2023-05-07,Referral
1823,Hyderabad,GJ,2023-12-29,Google Ads
1824,Hyderabad,DL,2023-08-13,Referral
1825,Chennai,TN,2023-08-13,Facebook Ads
1826,Chennai,MH,2023-09-26,Facebook Ads
1827,Kolkata,DL,2023-09-25,Organic
1828,Ahmedabad,DL,2023-11-09,Instagram
1829,Kolkata,GJ,2023-03-23,Referral
1830,Mumbai,TS,2023-07-06,Instagram
1831,Delhi,TN,2023-07-10,Instagram
1832,Chennai,TN,2023-05-25,Instagram
1833,Hyderabad,DL,2023-07-18,Instagram
1834,Bangalore,MH,2023-07-29,Facebook Ads
1835,Hyderabad,MH,2023-06-23,Referral
1836,Delhi,WB,2023-12-14,Organic
1837,Kolkata,MH,2023-11-03,Instagram
1838,Hyderabad,TN,2023-01-27,Organic
1839,Ahmedabad,MH,2023-11-20,Facebook Ads
1840,Mumbai,TS,2023-11-28,Facebook Ads
1841,Delhi,DL,2023-06-21,Google Ads
1842,Kolkata,KA,2023-02-03,Instagram
1843,Ahmedabad,TS,2023-06-18,Google Ads
1844,Bangalore,GJ,2023-02-18,Organic
1845,Kolkata,GJ,2023-10-13,Referral
1846,Pune,MH,2023-12-14,Google Ads
1847,Ahmedabad,KA,2023-07-17,Facebook Ads
1848,Ahmedabad,TS,2023-05-26,Instagram
1849,Mumbai,MH,2023-05-10,Organic
1850,Delhi,TN,2023-12-03,Facebook Ads
1851,Bangalore,MH,2023-11-05,Referral
1852,Mumbai,KA,2023-03-18,Instagram
1853,Kolkata,MH,2023-06-20,Referral
1854,Mumbai,TS,2023-02-11,Referral
1855,Ahmedabad,TN,2023-10-26,Instagram
1856,Delhi,MH,2023-12-06,Instagram
1857,Chennai,KA,2023-03-14,Referral
1858,Mumbai,DL,2023-06-29,Organic
1859,Pune,TS,2023-06-08,Instagram
1860,Mumbai,DL,2023-12-02,Facebook Ads
1861,Kolkata,MH,2023-12-24,Google Ads
1862,Kolkata,DL,2023-12-06,Organic
1863,Bangalore,DL,2023-07-20,Instagram
1864,Kolkata,WB,2023-03-08,Instagram
1865,Hyderabad,TS,2023-11-01,Organic
1866,Delhi,MH,2023-12-29,Google Ads
1867,Delhi,DL,2023-02-13,Referral
1868,Chennai,GJ,2023-06-08,Facebook Ads
1869,Chennai,TN,2023-10-14,Instagram
1870,Delhi,KA,2023-07-12,Google Ads
1871,Pune,DL,2023-11-26,Facebook Ads
1872,Chennai,MH,2023-06-18,Organic
1873,Bangalore,DL,2023-03-07,Instagram
1874,Kolkata,KA,2023-12-10,Referral
1875,Delhi,MH,2023-12-26,Organic
1876,Ahmedabad,TS,2023-12-17,Instagram
1877,Chennai,MH,2023-09-27,Google Ads
1878,Delhi,TS,2023-02-17,Facebook Ads
1879,Hyderabad,MH,2023-11-27,Facebook Ads
1880,Mumbai,GJ,2023-12-10,Instagram
1881,Kolkata,MH,2023-08-05,Organic
1882,Delhi,KA,2023-09-18,Referral
1883,Mumbai,KA,2023-07-05,Google Ads
1884,Chennai,MH,2023-01-10,Instagram
1885,Mumbai,MH,2023-07-05,Google Ads
1886,Kolkata,DL,2023-06-08,Facebook Ads
1887,Delhi,KA,2023-04-03,Referral
1888,Hyderabad,GJ,2023-04-20,Google Ads
1889,Pune,TS,2023-06-24,Instagram
1890,Chennai,TS,2023-09-06,Referral
1891,Delhi,TN,2023-04-09,Organic
1892,Kolkata,WB,2023-04-26,Instagram
1893,Chennai,MH,2023-03-12,Google Ads
1894,Bangalore,WB,2023-03-21,Referral
1895,Mumbai,WB,2023-02-09,Instagram
1896,Pune,TS,2023-06-01,Referral
1897,Kolkata,GJ,2023-02-21,Referral
1898,Bangalore,GJ,2023-09-17,Referral
1899,Ahmedabad,TN,2023-10-04,Google Ads
1900,Delhi,WB,2023-09-27,Instagram
1901,Hyderabad,WB,2023-01-20,Facebook Ads
1902,Chennai,MH,2023-12-05,Facebook Ads
1903,Mumbai,MH,2023-06-22,Google Ads
1904,Chennai,MH,2023-11-13,Google Ads
1905,Pune,DL,2023-03-09,Referral
1906,Delhi,WB,2023-11-02,Instagram
1907,Chennai,GJ,2023-07-12,Instagram
1908,Mumbai,GJ,2023-03-20,Organic
1909,Delhi,DL,2023-03-25,Organic
1910,Chennai,GJ,2023-04-03,Facebook Ads
1911,Hyderabad,TN,2023-12-21,Organic
1912,Kolkata,MH,2023-11-16,Organic
1913,Delhi,TS,2023-03-26,Facebook Ads
1914,Kolkata,WB,2023-08-13,Facebook Ads
1915,Ahmedabad,GJ,2023-01-23,Organic
1916,Delhi,TS,2023-07-30,Instagram
1917,Hyderabad,GJ,2023-07-06,Organic
1918,Kolkata,MH,2023-12-13,Referral
1919,Bangalore,MH,2023-05-02,Referral
1920,Mumbai,WB,2023-08-16,Referral
1921,Bangalore,KA,2023-11-09,Google Ads
1922,Chennai,DL,2023-05-26,Referral
1923,Hyderabad,DL,2023-08-18,Instagram
1924,Bangalore,WB,2023-04-30,Google Ads
1925,Delhi,MH,2023-10-01,Google Ads
1926,Chennai,MH,2023-05-03,Referral
1927,Chennai,DL,2023-06-08,Organic
1928,Bangalore,MH,2023-08-29,Facebook Ads
1929,Ahmedabad,TN,2023-04-10,Organic
1930,Bangalore,TS,2023-07-08,Organic
1931,Ahmedabad,MH,2023-12-14,Google Ads
1932,Hyderabad,KA,2023-10-20,Google Ads
1933,Mumbai,TS,2023-08-14,Google Ads
1934,Bangalore,TS,2023-08-25,Instagram
1935,Pune,TN,2023-05-25,Instagram
1936,Ahmedabad,DL,2023-07-15,Facebook Ads
1937,Bangalore,KA,2023-09-15,Google Ads
1938,Kolkata,DL,2023-09-28,Referral
1939,Delhi,WB,2023-08-03,Google Ads
1940,Pune,TS,2023-03-24,Instagram
1941,Pune,WB,2023-04-13,Google Ads
1942,Ahmedabad,MH,2023-11-06,Instagram
1943,Kolkata,TS,2023-03-12,Google Ads
1944,Kolkata,DL,2023-05-09,Referral
1945,Chennai,TS,2023-01-27,Facebook Ads
1946,Ahmedabad,MH,2023-11-25,Referral
1947,Mumbai,TN,2023-09-04,Instagram
1948,Delhi,WB,2023-07-10,Organic
1949,Hyderabad,GJ,2023-10-11,Referral
1950,Pune,WB,2023-02-22,Google Ads
1951,Hyderabad,DL,2023-12-31,Facebook Ads
1952,Bangalore,TS,2023-09-22,Google Ads
1953,Bangalore,DL,2023-03-05,Google Ads
1954,Hyderabad,TN,2023-05-26,Referral
1955,Bangalore,TS,2023-02-12,Facebook Ads
1956,Mumbai,GJ,2023-03-24,Organic
1957,Kolkata,TS,2023-05-20,Google Ads
1958,Bangalore,GJ,2023-08-19,Facebook Ads
1959,Chennai,DL,2023-09-20,Organic
1960,Bangalore,DL,2023-03-17,Google Ads
1961,Delhi,MH,2023-08-12,Facebook Ads
1962,Mumbai,MH,2023-02-16,Referral
1963,Delhi,MH,2023-04-24,Google Ads
1964,Delhi,TN,2023-08-19,Google Ads
1965,Chennai,MH,2023-06-28,Facebook Ads
1966,Mumbai,MH,2023-01-14,Google Ads
1967,Mumbai,WB,2023-08-01,Organic
1968,Ahmedabad,GJ,2023-01-28,Google Ads
1969,Mumbai,TS,2023-07-22,Instagram
1970,Mumbai,DL,2023-09-15,Organic
1971,Mumbai,TS,2023-07-11,Facebook Ads
1972,Chennai,TS,2023-05-01,Organic
1973,Bangalore,KA,2023-07-17,Instagram
1974,Ahmedabad,WB,2023-02-11,Instagram
1975,Delhi,KA,2023-07-11,Google Ads
1976,Mumbai,MH,2023-04-25,Google Ads
1977,Pune,TS,2023-01-15,Referral
1978,Bangalore,GJ,2023-06-13,Organic
1979,Bangalore,DL,2023-02-20,Referral
1980,Delhi,GJ,2024-01-01,Instagram
1981,Chennai,TS,2023-11-29,Google Ads
1982,Hyderabad,WB,2023-06-21,Google Ads
1983,Hyderabad,GJ,2023-03-16,Google Ads
1984,Bangalore,KA,2023-03-12,Facebook Ads
1985,Kolkata,DL,2023-01-20,Instagram
1986,Kolkata,TS,2023-05-27,Google Ads
1987,Delhi,TN,2023-08-30,Instagram
1988,Hyderabad,WB,2023-12-23,Google Ads
1989,Bangalore,WB,2023-03-13,Organic
1990,Chennai,TN,2023-12-28,Instagram
1991,Hyderabad,GJ,2023-08-29,Referral
1992,Bangalore,TS,2023-08-18,Facebook Ads
1993,Bangalore,WB,2023-11-12,Referral
1994,Mumbai,DL,2023-01-03,Instagram
1995,Chennai,TS,2023-02-10,Google Ads
1996,Mumbai,TS,2023-01-10,Instagram
1997,Delhi,KA,2023-05-12,Facebook Ads
1998,Mumbai,WB,2023-04-21,Instagram
1999,Pune,WB,2023-03-18,Google Ads
2000,Mumbai,TN,2023-10-08,Referral
2001,Pune,KA,2023-11-08,Organic
2002,Hyderabad,GJ,2023-09-28,Referral
2003,Kolkata,MH,2023-08-05,Google Ads
2004,Ahmedabad,GJ,2023-02-26,Google Ads
2005,Ahmedabad,GJ,2023-05-28,Facebook Ads
2006,Bangalore,KA,2023-05-02,Instagram
2007,Ahmedabad,WB,2023-06-04,Instagram
2008,Pune,TS,2023-03-04,Referral
2009,Chennai,KA,2023-01-25,Organic
2010,Mumbai,TN,2023-05-03,Organic
2011,Pune,KA,2023-08-03,Facebook Ads
2012,Chennai,TN,2023-11-24,Google Ads
2013,Kolkata,GJ,2023-11-15,Facebook Ads
2014,Ahmedabad,MH,2023-08-23,Instagram
2015,Kolkata,KA,2023-02-02,Google Ads
2016,Ahmedabad,TN,2023-02-26,Facebook Ads
2017,Mumbai,KA,2023-09-13,Referral
2018,Delhi,MH,2023-11-02,Instagram
2019,Mumbai,GJ,2023-10-02,Organic
2020,Hyderabad,KA,2023-01-09,Facebook Ads
2021,Pune,DL,2023-11-20,Instagram
2022,Bangalore,TN,2023-09-21,Instagram
2023,Delhi,MH,2023-10-22,Organic
2024,Mumbai,TN,2023-05-04,Organic
2025,Chennai,TN,2023-03-15,Organic
2026,Delhi,MH,2023-05-30,Facebook Ads
2027,Pune,MH,2023-08-08,Organic
2028,Ahmedabad,KA,2023-01-01,Referral
2029,Delhi,TN,2023-11-11,Instagram
2030,Ahmedabad,WB,2023-06-30,Organic
2031,Pune,MH,2023-05-04,Instagram
2032,Mumbai,DL,2023-10-20,Google Ads
2033,Pune,TN,2023-08-02,Google Ads
2034,Delhi,GJ,2023-04-06,Organic
2035,Chennai,TN,2023-12-07,Instagram
2036,Kolkata,MH,2023-12-09,Google Ads
2037,Delhi,KA,2023-02-13,Organic
2038,Pune,WB,2023-09-26,Instagram
2039,Kolkata,GJ,2023-07-04,Organic
2040,Pune,DL,2023-02-04,Instagram
2041,Chennai,GJ,2023-09-27,Google Ads
2042,Pune,TN,2023-10-06,Organic
2043,Mumbai,KA,2023-09-17,Google Ads
2044,Bangalore,MH,2023-09-17,Organic
2045,Ahmedabad,WB,2023-10-11,Facebook Ads
2046,Ahmedabad,MH,2023-01-11,Google Ads
2047,Delhi,WB,2023-07-19,Google Ads
2048,Bangalore,DL,2023-08-29,Referral
2049,Pune,TS,2023-01-23,Google Ads
2050,Chennai,WB,2023-11-22,Instagram
2051,Delhi,TS,2023-07-18,Organic
2052,Pune,MH,2023-07-11,Facebook Ads
2053,Kolkata,WB,2023-05-10,Instagram
2054,Hyderabad,DL,2023-01-09,Instagram
2055,Pune,MH,2023-07-02,Instagram
2056,Bangalore,DL,2023-02-04,Instagram
2057,Delhi,DL,2023-06-26,Facebook Ads
2058,Bangalore,MH,2023-05-04,Referral
2059,Delhi,MH,2023-12-03,Google Ads
2060,Pune,KA,2023-11-18,Instagram
2061,Mumbai,WB,2023-02-23,Google Ads
2062,Kolkata,MH,2023-10-25,Google Ads
2063,Pune,KA,2023-06-20,Instagram
2064,Ahmedabad,MH,2023-03-10,Referral
2065,Bangalore,TS,2023-01-23,Google Ads
2066,Hyderabad,MH,2023-06-30,Organic
2067,Hyderabad,TS,2023-10-07,Google Ads
2068,Chennai,DL,2023-06-23,Instagram
2069,Delhi,TN,2023-11-26,Facebook Ads
2070,Bangalore,DL,2023-03-31,Google Ads
2071,Chennai,DL,2023-12-17,Referral
2072,Bangalore,TN,2023-08-26,Organic
2073,Ahmedabad,WB,2023-12-23,Organic
2074,Delhi,MH,2023-09-03,Facebook Ads
2075,Pune,TS,2023-11-20,Facebook Ads
2076,Pune,DL,2023-04-04,Google Ads
2077,Hyderabad,TN,2023-03-11,Instagram
2078,Pune,KA,2023-02-02,Referral
2079,Pune,DL,2023-08-23,Organic
2080,Ahmedabad,TS,2023-01-19,Facebook Ads
2081,Mumbai,MH,2023-05-31,Referral
2082,Hyderabad,DL,2023-04-14,Instagram
2083,Chennai,DL,2023-01-23,Organic
2084,Kolkata,WB,2023-04-13,Organic
2085,Mumbai,GJ,2023-01-22,Instagram
2086,Chennai,TN,2023-06-11,Organic
2087,Delhi,KA,2023-06-08,Instagram
2088,Mumbai,KA,2023-09-21,Organic
2089,Ahmedabad,MH,2023-07-23,Google Ads
2090,Chennai,MH,2023-10-06,Instagram
2091,Delhi,MH,2023-08-31,Referral
2092,Hyderabad,TS,2023-05-10,Google Ads
2093,Kolkata,MH,2023-01-19,Referral
2094,Delhi,DL,2023-11-28,Organic
2095,Pune,GJ,2023-04-08,Referral
2096,Bangalore,DL,2023-05-27,Google Ads
2097,Delhi,KA,2023-07-02,Instagram
2098,Delhi,TS,2023-01-25,Facebook Ads
2099,Kolkata,TN,2023-12-02,Referral
2100,Bangalore,TS,2023-06-19,Facebook Ads
2101,Pune,DL,2023-05-20,Referral
2102,Chennai,TN,2023-03-05,Referral
2103,Chennai,TS,2023-07-08,Instagram
2104,Delhi,GJ,2023-08-12,Organic
2105,Ahmedabad,GJ,2023-07-24,Google Ads
2106,Ahmedabad,TS,2023-08-14,Google Ads
2107,Bangalore,TN,2023-07-17,Google Ads
2108,Bangalore,DL,2023-06-23,Organic
2109,Pune,TS,2023-04-06,Facebook Ads
2110,Kolkata,TN,2023-09-12,Google Ads
2111,Hyderabad,WB,2023-12-21,Facebook Ads
2112,Chennai,GJ,2023-09-12,Organic
2113,Kolkata,WB,2023-07-08,Organic
2114,Mumbai,DL,2023-09-23,Instagram
2115,Chennai,TN,2023-05-17,Google Ads
2116,Kolkata,WB,2023-02-12,Instagram
2117,Chennai,TN,2023-08-06,Google Ads
2118,Hyderabad,TS,2023-02-10,Organic
2119,Mumbai,DL,2023-08-09,Organic
2120,Ahmedabad,WB,2023-11-05,Referral
2121,Ahmedabad,MH,2023-04-03,Referral
2122,Hyderabad,TS,2023-10-07,Organic
2123,Pune,GJ,2023-05-31,Organic
2124,Mumbai,MH,2023-06-14,Facebook Ads
2125,Delhi,MH,2023-02-22,Facebook Ads
2126,Kolkata,MH,2023-02-10,Instagram
2127,Mumbai,MH,2023-06-17,Referral
2128,Pune,DL,2023-12-05,Referral
2129,Pune,WB,2023-06-01,Organic
2130,Hyderabad,WB,2023-06-06,Organic
2131,Chennai,WB,2023-08-17,Instagram
2132,Mumbai,TN,2023-11-05,Referral
2133,Kolkata,TS,2023-08-07,Facebook Ads
2134,Mumbai,WB,2023-03-27,Google Ads
2135,Bangalore,TS,2023-12-20,Instagram
2136,Chennai,DL,2023-08-16,Google Ads
2137,Kolkata,MH,2023-06-29,Facebook Ads
2138,Ahmedabad,WB,2023-08-17,Facebook Ads
2139,Kolkata,DL,2023-01-22,Google Ads
2140,Delhi,WB,2023-06-30,Instagram
2141,Hyderabad,MH,2023-11-11,Google Ads
2142,Delhi,KA,2023-08-11,Instagram
2143,Kolkata,DL,2023-05-21,Instagram
2144,Chennai,WB,2023-11-24,Organic
2145,Mumbai,GJ,2023-01-30,Referral
2146,Ahmedabad,KA,2023-02-08,Referral
2147,Mumbai,DL,2023-12-10,Facebook Ads
2148,Chennai,GJ,2023-11-23,Organic
2149,Kolkata,GJ,2023-07-27,Referral
2150,Pune,TN,2023-07-06,Instagram
2151,Mumbai,GJ,2023-09-20,Instagram
2152,Pune,WB,2023-12-14,Google Ads
2153,Mumbai,TN,2023-03-23,Google Ads
2154,Mumbai,MH,2023-01-16,Instagram
2155,Ahmedabad,WB,2023-03-15,Instagram
2156,Hyderabad,MH,2023-11-08,Google Ads
2157,Hyderabad,GJ,2023-12-14,Referral
2158,Bangalore,MH,2023-08-13,Facebook Ads
2159,Delhi,KA,2023-01-18,Google Ads
2160,Chennai,DL,2023-03-06,Referral
2161,Chennai,GJ,2023-02-04,Referral
2162,Chennai,TS,2023-05-01,Referral
2163,Bangalore,MH,2023-11-27,Organic
2164,Hyderabad,TS,2023-07-07,Organic
2165,Kolkata,GJ,2023-07-05,Referral
2166,Pune,TS,2023-07-16,Instagram
2167,Ahmedabad,GJ,2023-10-18,Organic
2168,Pune,DL,2023-01-17,Google Ads
2169,Kolkata,KA,2023-11-06,Organic
2170,Ahmedabad,DL,2023-03-20,Instagram
2171,Bangalore,WB,2023-12-14,Facebook Ads
2172,Kolkata,MH,2023-08-19,Organic
2173,Chennai,TS,2023-07-09,Referral
2174,Delhi,DL,2023-07-10,Referral
2175,Mumbai,GJ,2023-08-16,Referral
2176,Pune,DL,2023-02-09,Facebook Ads
2177,Hyderabad,DL,2023-10-21,Instagram
2178,Hyderabad,MH,2023-03-12,Google Ads
2179,Bangalore,KA,2023-09-29,Instagram
2180,Ahmedabad,MH,2023-07-07,Facebook Ads
2181,Hyderabad,DL,2023-07-23,Referral
2182,Chennai,MH,2023-06-10,Instagram
2183,Pune,TS,2023-11-29,Google Ads
2184,Kolkata,GJ,2023-05-23,Referral
2185,Chennai,WB,2023-05-08,Google Ads
2186,Bangalore,MH,2023-02-28,Organic
2187,Chennai,TN,2023-01-14,Google Ads
2188,Kolkata,MH,2023-04-06,Referral
2189,Delhi,GJ,2023-09-13,Organic
2190,Bangalore,MH,2023-09-23,Referral
2191,Delhi,GJ,2023-07-18,Referral
2192,Mumbai,MH,2023-10-15,Organic
2193,Delhi,TN,2023-03-02,Google Ads
2194,Mumbai,DL,2023-05-15,Facebook Ads
2195,Mumbai,DL,2023-05-14,Facebook Ads
2196,Delhi,MH,2023-12-27,Facebook Ads
2197,Bangalore,MH,2023-08-17,Facebook Ads
2198,Ahmedabad,TN,2023-04-20,Instagram
2199,Kolkata,DL,2023-11-10,Facebook Ads
2200,Chennai,TS,2023-05-27,Organic
2201,Chennai,KA,2023-12-22,Facebook Ads
2202,Kolkata,KA,2023-09-09,Referral
2203,Pune,DL,2023-04-13,Facebook Ads
2204,Pune,TN,2023-03-04,Google Ads
2205,Mumbai,WB,2023-03-11,Organic
2206,Mumbai,DL,2023-02-07,Organic
2207,Bangalore,WB,2023-08-20,Instagram
2208,Hyderabad,WB,2023-03-30,Referral
2209,Delhi,GJ,2024-01-01,Organic
2210,Mumbai,GJ,2023-08-16,Google Ads
2211,Chennai,TN,2023-02-14,Facebook Ads
2212,Bangalore,WB,2023-12-16,Organic
2213,Delhi,TS,2023-06-13,Google Ads
2214,Bangalore,TN,2023-12-08,Facebook Ads
2215,Delhi,DL,2023-06-27,Instagram
2216,Delhi,MH,2023-12-30,Organic
2217,Kolkata,TS,2023-02-03,Organic
2218,Mumbai,MH,2023-10-09,Google Ads
2219,Ahmedabad,KA,2023-10-05,Referral
2220,Bangalore,DL,2023-05-29,Instagram
2221,Ahmedabad,DL,2023-06-03,Referral
2222,Bangalore,DL,2023-03-22,Organic
2223,Kolkata,TS,2023-12-31,Referral
2224,Chennai,MH,2023-12-30,Facebook Ads
2225,Ahmedabad,MH,2023-12-25,Instagram
2226,Chennai,TN,2023-11-23,Referral
2227,Pune,GJ,2023-03-31,Facebook Ads
2228,Mumbai,MH,2023-07-05,Google Ads
2229,Mumbai,TS,2023-09-18,Referral
2230,Hyderabad,DL,2023-04-25,Instagram
2231,Kolkata,KA,2023-03-04,Facebook Ads
2232,Chennai,DL,2023-04-13,Referral
2233,Delhi,TN,2023-03-13,Google Ads
2234,Bangalore,WB,2023-05-02,Referral
2235,Mumbai,KA,2023-09-10,Facebook Ads
2236,Ahmedabad,DL,2023-01-14,Referral
2237,Bangalore,MH,2023-07-04,Instagram
2238,Bangalore,KA,2023-10-11,Organic
2239,Hyderabad,WB,2023-10-21,Facebook Ads
2240,Chennai,GJ,2023-07-08,Facebook Ads
2241,Mumbai,MH,2023-08-28,Facebook Ads
2242,Bangalore,TS,2023-10-10,Facebook Ads
2243,Mumbai,GJ,2023-03-08,Referral
2244,Delhi,DL,2023-11-10,Instagram
2245,Hyderabad,TN,2023-02-14,Google Ads
2246,Delhi,MH,2023-02-03,Instagram
2247,Mumbai,GJ,2023-06-08,Facebook Ads
2248,Pune,DL,2023-07-23,Referral
2249,Ahmedabad,MH,2023-09-03,Referral
2250,Mumbai,GJ,2023-09-27,Facebook Ads
2251,Chennai,TN,2023-07-30,Referral
2252,Bangalore,DL,2023-07-29,Facebook Ads
2253,Bangalore,WB,2023-10-22,Instagram
2254,Delhi,WB,2023-02-07,Organic
2255,Ahmedabad,TN,2023-03-06,Referral
2256,Hyderabad,KA,2023-06-12,Facebook Ads
2257,Pune,TN,2023-11-25,Facebook Ads
2258,Kolkata,KA,2023-02-07,Referral
2259,Ahmedabad,DL,2023-08-19,Google Ads
2260,Bangalore,GJ,2023-08-27,Facebook Ads
2261,Chennai,KA,2023-12-15,Referral
2262,Ahmedabad,DL,2023-09-22,Facebook Ads
2263,Delhi,DL,2023-06-26,Google Ads
2264,Delhi,MH,2023-03-07,Organic
2265,Kolkata,TS,2023-10-10,Google Ads
2266,Chennai,DL,2023-11-24,Instagram
2267,Hyderabad,KA,2023-10-28,Referral
2268,Ahmedabad,TS,2023-04-04,Google Ads
2269,Chennai,TS,2023-03-08,Organic
2270,Hyderabad,DL,2023-08-10,Facebook Ads
2271,Chennai,TN,2023-09-15,Referral
2272,Chennai,TN,2023-01-29,Google Ads
2273,Mumbai,WB,2023-03-05,Organic
2274,Delhi,TS,2023-09-23,Google Ads
2275,Ahmedabad,DL,2023-03-20,Instagram
2276,Chennai,MH,2023-06-05,Referral
2277,Ahmedabad,TN,2023-03-26,Facebook Ads
2278,Kolkata,MH,2023-03-24,Organic
2279,Chennai,DL,2023-06-15,Google Ads
2280,Bangalore,DL,2023-12-30,Referral
2281,Delhi,GJ,2023-04-26,Google Ads
2282,Bangalore,TS,2023-06-27,Referral
2283,Ahmedabad,GJ,2023-09-23,Instagram
2284,Ahmedabad,MH,2023-05-26,Google Ads
2285,Delhi,GJ,2023-02-10,Instagram
2286,Ahmedabad,WB,2023-05-09,Organic
2287,Bangalore,TS,2023-04-11,Instagram
2288,Chennai,MH,2023-11-22,Referral
2289,Chennai,GJ,2023-10-10,Organic
2290,Mumbai,MH,2023-05-21,Google Ads
2291,Kolkata,TN,2023-03-06,Google Ads
2292,Ahmedabad,TN,2023-11-17,Referral
2293,Bangalore,TN,2023-06-05,Facebook Ads
2294,Ahmedabad,KA,2023-11-11,Facebook Ads
2295,Ahmedabad,DL,2023-10-01,Google Ads
2296,Hyderabad,TS,2023-02-17,Referral
2297,Mumbai,TN,2023-09-15,Facebook Ads
2298,Bangalore,MH,2023-11-25,Instagram
2299,Bangalore,TN,2023-03-28,Google Ads
2300,Ahmedabad,WB,2023-10-31,Instagram
2301,Mumbai,DL,2023-10-25,Referral
2302,Chennai,MH,2023-03-20,Instagram
2303,Bangalore,DL,2023-03-29,Facebook Ads
2304,Chennai,GJ,2023-12-04,Facebook Ads
2305,Mumbai,MH,2023-11-16,Organic
2306,Chennai,MH,2023-11-06,Google Ads
2307,Delhi,GJ,2023-06-22,Referral
2308,Hyderabad,TS,2023-10-16,Google Ads
2309,Pune,GJ,2023-01-22,Instagram
2310,Bangalore,KA,2023-01-15,Referral
2311,Kolkata,MH,2023-02-11,Referral
2312,Hyderabad,MH,2023-01-24,Facebook Ads
2313,Pune,GJ,2023-11-25,Instagram
2314,Chennai,TS,2023-10-23,Facebook Ads
2315,Bangalore,TN,2023-05-16,Facebook Ads
2316,Chennai,WB,2023-11-30,Organic
2317,Delhi,MH,2023-04-18,Facebook Ads
2318,Mumbai,TS,2023-10-20,Google Ads
2319,Bangalore,KA,2023-08-02,Referral
2320,Pune,TS,2023-11-13,Facebook Ads
2321,Pune,DL,2023-11-24,Google Ads
2322,Delhi,TN,2023-01-16,Instagram
2323,Delhi,TN,2023-09-12,Referral
2324,Ahmedabad,MH,2023-11-18,Instagram
2325,Bangalore,TN,2023-10-07,Google Ads
2326,Chennai,TN,2023-05-29,Instagram
2327,Kolkata,GJ,2023-11-25,Instagram
2328,Pune,TN,2023-06-04,Instagram
2329,Pune,TN,2023-09-05,Facebook Ads
2330,Delhi,MH,2023-05-06,Facebook Ads
2331,Hyderabad,KA,2023-12-17,Facebook Ads
2332,Delhi,MH,2023-07-27,Referral
2333,Kolkata,GJ,2023-06-02,Google Ads
2334,Chennai,TN,2023-08-21,Facebook Ads
2335,Chennai,MH,2023-02-07,Instagram
2336,Hyderabad,KA,2023-12-19,Instagram
2337,Pune,GJ,2023-01-31,Instagram
2338,Delhi,WB,2023-03-22,Instagram
2339,Ahmedabad,TN,2023-08-14,Organic
2340,Chennai,MH,2023-08-01,Referral
2341,Kolkata,TS,2023-09-05,Google Ads
2342,Bangalore,GJ,2023-08-26,Google Ads
2343,Mumbai,GJ,2023-04-15,Facebook Ads
2344,Mumbai,MH,2023-06-24,Organic
2345,Mumbai,TN,2023-11-07,Google Ads
2346,Ahmedabad,DL,2023-03-15,Referral
2347,Pune,MH,2023-06-10,Instagram
2348,Delhi,TS,2023-06-13,Facebook Ads
2349,Hyderabad,TS,2023-06-26,Referral
2350,Ahmedabad,DL,2023-07-24,Google Ads
2351,Ahmedabad,TN,2023-03-08,Organic
2352,Chennai,GJ,2023-07-09,Facebook Ads
2353,Bangalore,GJ,2023-09-21,Google Ads
2354,Ahmedabad,MH,2023-10-15,Facebook Ads
2355,Kolkata,TS,2023-02-24,Google Ads
2356,Bangalore,MH,2023-06-13,Instagram
2357,Kolkata,TS,2023-05-04,Organic
2358,Pune,TN,2023-08-27,Instagram
2359,Delhi,WB,2023-03-04,Google Ads
2360,Mumbai,TS,2023-05-17,Referral
2361,Ahmedabad,WB,2023-08-19,Instagram
2362,Delhi,TS,2023-05-07,Referral
2363,Pune,GJ,2023-03-14,Google Ads
2364,Hyderabad,KA,2023-02-19,Organic
2365,Hyderabad,TN,2023-01-26,Referral
2366,Pune,DL,2023-05-29,Google Ads
2367,Kolkata,WB,2023-07-16,Referral
2368,Chennai,DL,2023-11-12,Instagram
2369,Chennai,TN,2023-08-03,Google Ads
2370,Kolkata,MH,2023-05-08,Instagram
2371,Hyderabad,DL,2023-03-23,Facebook Ads
2372,Hyderabad,TN,2023-06-17,Google Ads
2373,Ahmedabad,GJ,2023-10-23,Referral
2374,Hyderabad,DL,2023-06-10,Facebook Ads
2375,Delhi,WB,2023-04-08,Instagram
2376,Hyderabad,KA,2023-03-23,Instagram
2377,Bangalore,DL,2023-09-13,Referral
2378,Ahmedabad,WB,2023-09-21,Facebook Ads
2379,Mumbai,TS,2023-08-28,Organic
2380,Hyderabad,TN,2023-09-13,Referral
2381,Kolkata,MH,2023-06-07,Instagram
2382,Mumbai,MH,2023-09-12,Google Ads
2383,Delhi,GJ,2023-01-12,Facebook Ads
2384,Kolkata,MH,2023-02-16,Organic
2385,Mumbai,GJ,2023-07-21,Google Ads
2386,Kolkata,TN,2023-09-16,Facebook Ads
2387,Delhi,GJ,2023-08-23,Referral
2388,Ahmedabad,KA,2023-05-04,Referral
2389,Bangalore,DL,2023-04-21,Facebook Ads
2390,Delhi,KA,2023-10-26,Organic
2391,Delhi,MH,2023-06-30,Facebook Ads
2392,Kolkata,MH,2023-01-25,Google Ads
2393,Ahmedabad,WB,2023-01-26,Google Ads
2394,Pune,MH,2023-05-25,Referral
2395,Chennai,TN,2023-09-11,Facebook Ads
2396,Hyderabad,TN,2023-11-02,Referral
2397,Hyderabad,KA,2023-12-01,Organic
2398,Bangalore,WB,2023-12-11,Google Ads
2399,Bangalore,KA,2023-08-29,Instagram
2400,Hyderabad,DL,2023-05-27,Instagram
2401,Chennai,TS,2023-10-02,Facebook Ads
2402,Hyderabad,WB,2023-01-05,Facebook Ads
2403,Pune,TS,2023-02-25,Instagram
2404,Chennai,MH,2023-08-09,Facebook Ads
2405,Bangalore,DL,2023-03-10,Google Ads
2406,Mumbai,GJ,2023-05-16,Organic
2407,Kolkata,GJ,2023-07-07,Organic
2408,Pune,TS,2023-07-26,Referral
2409,Pune,MH,2023-07-07,Google Ads
2410,Ahmedabad,MH,2023-01-24,Facebook Ads
2411,Bangalore,TS,2023-07-25,Facebook Ads
2412,Bangalore,DL,2023-01-27,Referral
2413,Delhi,TS,2023-10-19,Referral
2414,Pune,TN,2023-10-15,Facebook Ads
2415,Delhi,KA,2023-04-10,Facebook Ads
2416,Delhi,MH,2023-07-05,Google Ads
2417,Kolkata,TN,2023-10-11,Referral
2418,Delhi,TN,2023-05-28,Google Ads
2419,Chennai,DL,2023-02-07,Facebook Ads
2420,Hyderabad,KA,2023-07-17,Instagram
2421,Mumbai,KA,2023-09-16,Instagram
2422,Bangalore,WB,2023-08-19,Facebook Ads
2423,Chennai,MH,2023-10-09,Referral
2424,Mumbai,MH,2023-05-24,Instagram
2425,Pune,MH,2023-11-16,Referral
2426,Pune,DL,2023-12-15,Instagram
2427,Pune,MH,2023-11-09,Referral
2428,Chennai,WB,2023-03-02,Instagram
2429,Chennai,TS,2023-03-07,Referral
2430,Bangalore,TN,2023-02-19,Google Ads
2431,Hyderabad,MH,2023-07-21,Referral
2432,Ahmedabad,MH,2023-07-11,Google Ads
2433,Delhi,TN,2023-06-23,Google Ads
2434,Pune,DL,2023-10-13,Facebook Ads
2435,Kolkata,MH,2023-07-07,Google Ads
2436,Hyderabad,TS,2023-03-15,Organic
2437,Kolkata,DL,2023-04-12,Google Ads
2438,Bangalore,GJ,2023-11-05,Referral
2439,Bangalore,TS,2023-09-18,Google Ads
2440,Bangalore,TS,2023-07-25,Referral
2441,Mumbai,TN,2023-09-14,Referral
2442,Kolkata,DL,2023-01-21,Organic
2443,Hyderabad,DL,2023-01-24,Google Ads
2444,Ahmedabad,MH,2023-01-20,Google Ads
2445,Hyderabad,MH,2023-03-12,Instagram
2446,Chennai,GJ,2024-01-01,Instagram
2447,Chennai,DL,2023-06-20,Facebook Ads
2448,Pune,MH,2023-08-31,Referral
2449,Ahmedabad,GJ,2023-09-23,Organic
2450,Chennai,KA,2023-08-22,Instagram
2451,Bangalore,KA,2023-03-18,Google Ads
2452,Hyderabad,GJ,2023-11-07,Facebook Ads
2453,Kolkata,KA,2023-09-21,Organic
2454,Bangalore,WB,2023-03-13,Google Ads
2455,Mumbai,DL,2023-06-17,Google Ads
2456,Chennai,WB,2023-11-10,Referral
2457,Bangalore,MH,2023-06-13,Referral
2458,Bangalore,DL,2023-03-25,Instagram
2459,Mumbai,MH,2023-07-21,Instagram
2460,Delhi,WB,2023-11-12,Google Ads
2461,Hyderabad,WB,2023-06-03,Google Ads
2462,Kolkata,MH,2023-10-31,Instagram
2463,Pune,WB,2023-06-22,Instagram
2464,Delhi,TS,2023-09-17,Google Ads
2465,Chennai,MH,2023-09-18,Organic
2466,Bangalore,KA,2023-09-30,Google Ads
2467,Ahmedabad,MH,2023-09-08,Organic
2468,Mumbai,TS,2023-12-29,Organic
2469,Mumbai,MH,2023-10-16,Google Ads
2470,Ahmedabad,MH,2023-06-03,Facebook Ads
2471,Hyderabad,DL,2023-09-01,Instagram
2472,Delhi,MH,2023-01-09,Referral
2473,Pune,GJ,2023-07-08,Google Ads
2474,Hyderabad,GJ,2023-06-19,Organic
2475,Ahmedabad,MH,2023-12-11,Google Ads
2476,Bangalore,WB,2023-02-26,Instagram
2477,Ahmedabad,MH,2023-08-02,Organic
2478,Hyderabad,MH,2023-10-26,Referral
2479,Kolkata,MH,2023-06-07,Referral
2480,Mumbai,MH,2023-12-19,Referral
2481,Mumbai,GJ,2023-11-19,Facebook Ads
2482,Chennai,GJ,2023-01-14,Organic
2483,Chennai,KA,2023-11-02,Organic
2484,Ahmedabad,KA,2023-08-31,Facebook Ads
2485,Pune,DL,2023-05-16,Organic
2486,Bangalore,MH,2023-12-02,Facebook Ads
2487,Kolkata,GJ,2023-10-24,Google Ads
2488,Delhi,MH,2023-10-23,Instagram
2489,Hyderabad,TS,2023-04-27,Referral
2490,Pune,DL,2023-01-27,Facebook Ads
2491,Bangalore,GJ,2023-10-26,Facebook Ads
2492,Chennai,MH,2023-09-03,Facebook Ads
2493,Ahmedabad,MH,2023-03-29,Google Ads
2494,Hyderabad,TN,2023-09-26,Facebook Ads
2495,Chennai,MH,2023-11-19,Instagram
2496,Ahmedabad,KA,2023-11-14,Instagram
2497,Hyderabad,TS,2023-07-14,Referral
2498,Delhi,GJ,2023-03-17,Google Ads
2499,Bangalore,GJ,2023-12-15,Instagram
2500,Hyderabad,WB,2023-05-05,Organic
2501,Kolkata,TS,2023-01-17,Organic
2502,Pune,WB,2023-10-21,Organic
2503,Mumbai,TS,2023-12-25,Facebook Ads
2504,Kolkata,KA,2023-02-26,Facebook Ads
2505,Kolkata,WB,2023-04-08,Organic
2506,Pune,MH,2023-01-10,Referral
2507,Mumbai,WB,2023-08-14,Referral
2508,Kolkata,DL,2023-06-10,Facebook Ads
2509,Hyderabad,MH,2023-08-03,Organic
2510,Hyderabad,DL,2023-03-19,Referral
2511,Hyderabad,MH,2023-07-31,Facebook Ads
2512,Mumbai,TS,2023-12-20,Organic
2513,Kolkata,MH,2023-04-15,Google Ads
2514,Ahmedabad,TS,2023-07-30,Organic
2515,Mumbai,MH,2023-09-14,Organic
2516,Hyderabad,TN,2023-11-10,Instagram
2517,Pune,GJ,2023-08-30,Instagram
2518,Kolkata,TS,2023-02-01,Google Ads
2519,Kolkata,MH,2023-12-28,Google Ads
2520,Chennai,TS,2023-03-12,Organic
2521,Chennai,MH,2023-09-23,Referral
2522,Delhi,DL,2023-04-17,Google Ads
2523,Ahmedabad,MH,2023-10-15,Organic
2524,Ahmedabad,WB,2023-06-16,Facebook Ads
2525,Bangalore,TN,2023-12-06,Instagram
2526,Ahmedabad,TS,2023-09-02,Referral
2527,Chennai,MH,2023-09-27,Organic
2528,Mumbai,MH,2023-07-12,Facebook Ads
2529,Ahmedabad,TS,2023-06-10,Instagram
2530,Chennai,GJ,2023-03-30,Facebook Ads
2531,Delhi,TN,2023-08-24,Organic
2532,Kolkata,TN,2023-09-30,Google Ads
2533,Ahmedabad,MH,2023-06-25,Instagram
2534,Delhi,MH,2023-10-07,Facebook Ads
2535,Kolkata,DL,2023-07-01,Google Ads
2536,Pune,TN,2023-12-13,Referral
2537,Pune,TN,2023-12-15,Organic
2538,Kolkata,KA,2023-11-26,Organic
2539,Ahmedabad,WB,2023-12-21,Instagram
2540,Bangalore,TN,2023-05-16,Facebook Ads
2541,Chennai,DL,2023-11-09,Referral
2542,Mumbai,WB,2023-09-05,Instagram
2543,Mumbai,WB,2023-04-09,Instagram
2544,Hyderabad,TS,2023-05-07,Facebook Ads
2545,Kolkata,TS,2023-05-23,Referral
2546,Mumbai,TS,2023-10-13,Facebook Ads
2547,Ahmedabad,TS,2023-06-02,Organic
2548,Bangalore,KA,2023-04-26,Google Ads
2549,Kolkata,TN,2023-06-02,Organic
2550,Bangalore,TS,2023-05-28,Organic
2551,Ahmedabad,MH,2023-12-27,Instagram
2552,Mumbai,MH,2023-04-17,Organic
2553,Mumbai,TS,2023-12-20,Referral
2554,Hyderabad,TN,2023-12-27,Organic
2555,Mumbai,TS,2023-09-08,Referral
2556,Kolkata,KA,2023-06-12,Facebook Ads
2557,Ahmedabad,DL,2023-09-03,Instagram
2558,Pune,DL,2023-06-28,Referral
2559,Ahmedabad,TN,2023-10-14,Organic
2560,Kolkata,MH,2023-05-21,Instagram
2561,Kolkata,DL,2023-05-28,Instagram
2562,Hyderabad,GJ,2023-03-04,Referral
2563,Hyderabad,DL,2023-10-21,Referral
2564,Mumbai,MH,2023-12-13,Google Ads
2565,Delhi,TN,2023-10-06,Google Ads
2566,Ahmedabad,MH,2023-07-14,Instagram
2567,Ahmedabad,TN,2023-07-22,Google Ads
2568,Delhi,DL,2023-06-26,Organic
2569,Hyderabad,DL,2023-03-16,Facebook Ads
2570,Mumbai,DL,2023-05-29,Instagram
2571,Delhi,WB,2023-01-22,Facebook Ads
2572,Mumbai,KA,2023-05-28,Google Ads
2573,Mumbai,TS,2024-01-01,Referral
2574,Mumbai,GJ,2023-02-10,Instagram
2575,Chennai,KA,2023-06-27,Google Ads
2576,Kolkata,TN,2023-08-15,Organic
2577,Mumbai,GJ,2023-12-02,Instagram
2578,Chennai,MH,2023-05-12,Instagram
2579,Hyderabad,TS,2023-09-03,Referral
2580,Delhi,MH,2023-04-20,Instagram
2581,Kolkata,MH,2023-04-14,Referral
2582,Pune,WB,2023-10-03,Google Ads
2583,Delhi,TN,2023-05-19,Organic
2584,Kolkata,WB,2023-10-15,Organic
2585,Pune,TN,2023-12-23,Instagram
2586,Delhi,MH,2023-05-20,Instagram
2587,Kolkata,MH,2023-03-12,Google Ads
2588,Delhi,MH,2023-02-25,Referral
2589,Delhi,TN,2023-11-12,Organic
2590,Pune,DL,2023-10-28,Referral
2591,Delhi,MH,2023-05-03,Google Ads
2592,Delhi,WB,2023-05-05,Organic
2593,Pune,MH,2023-01-26,Organic
2594,Hyderabad,TS,2023-12-09,Facebook Ads
2595,Mumbai,TN,2023-09-29,Google Ads
2596,Ahmedabad,GJ,2023-04-26,Google Ads
2597,Bangalore,WB,2023-11-23,Facebook Ads
2598,Chennai,KA,2023-04-30,Referral
2599,Bangalore,MH,2023-01-27,Facebook Ads
2600,Bangalore,KA,2023-02-21,Google Ads
2601,Kolkata,TS,2023-07-31,Referral
2602,Mumbai,DL,2023-06-19,Organic
2603,Kolkata,MH,2023-08-30,Facebook Ads
2604,Mumbai,TN,2023-02-21,Referral
2605,Pune,WB,2023-12-15,Referral
2606,Pune,GJ,2023-03-12,Referral
2607,Ahmedabad,MH,2023-01-03,Facebook Ads
2608,Mumbai,WB,2023-10-09,Organic
2609,Delhi,TN,2023-03-22,Referral
2610,Hyderabad,KA,2023-07-28,Facebook Ads
2611,Ahmedabad,MH,2023-12-01,Google Ads
2612,Ahmedabad,TS,2023-09-01,Facebook Ads
2613,Delhi,DL,2023-09-02,Facebook Ads
2614,Hyderabad,TS,2023-11-30,Facebook Ads
2615,Kolkata,DL,2023-04-13,Referral
2616,Hyderabad,MH,2023-05-28,Facebook Ads
2617,Kolkata,WB,2023-06-14,Google Ads
2618,Pune,MH,2023-05-27,Referral
2619,Bangalore,MH,2023-11-27,Google Ads
2620,Pune,MH,2023-01-31,Instagram
2621,Pune,DL,2023-02-15,Facebook Ads
2622,Bangalore,KA,2023-11-30,Referral
2623,Hyderabad,TN,2023-10-21,Referral
2624,Ahmedabad,TS,2023-04-29,Facebook Ads
2625,Hyderabad,MH,2023-10-01,Organic
2626,Kolkata,GJ,2023-01-20,Organic
2627,Delhi,GJ,2023-03-31,Google Ads
2628,Kolkata,WB,2023-08-02,Facebook Ads
2629,Delhi,MH,2023-04-01,Facebook Ads
2630,Pune,TS,2023-01-19,Instagram
2631,Bangalore,TS,2023-07-23,Organic
2632,Pune,WB,2023-09-11,Organic
2633,Mumbai,WB,2023-04-06,Facebook Ads
2634,Hyderabad,MH,2023-05-29,Google Ads
2635,Delhi,TS,2023-01-20,Facebook Ads
2636,Kolkata,TN,2023-01-05,Google Ads
2637,Bangalore,GJ,2023-06-02,Organic
2638,Delhi,TN,2023-10-18,Instagram
2639,Kolkata,DL,2023-11-05,Referral
2640,Hyderabad,MH,2023-02-24,Organic
2641,Pune,WB,2023-06-21,Google Ads
2642,Hyderabad,MH,2023-05-26,Facebook Ads
2643,Chennai,TN,2023-08-21,Organic
2644,Mumbai,KA,2023-11-25,Instagram
2645,Chennai,GJ,2023-10-06,Google Ads
2646,Bangalore,MH,2023-09-26,Facebook Ads
2647,Delhi,MH,2023-09-10,Referral
2648,Bangalore,TN,2023-03-10,Google Ads
2649,Pune,KA,2023-09-16,Facebook Ads
2650,Kolkata,DL,2023-08-28,Referral
2651,Hyderabad,TN,2023-05-20,Facebook Ads
2652,Chennai,KA,2023-04-09,Referral
2653,Ahmedabad,MH,2023-02-27,Referral
2654,Chennai,GJ,2023-06-19,Referral
2655,Pune,KA,2023-03-25,Facebook Ads
2656,Chennai,MH,2023-08-23,Referral
2657,Pune,MH,2023-11-28,Google Ads
2658,Ahmedabad,TN,2023-05-12,Instagram
2659,Bangalore,WB,2023-04-06,Instagram
2660,Hyderabad,TN,2023-01-08,Referral
2661,Delhi,MH,2023-06-22,Instagram
2662,Kolkata,TS,2023-06-01,Instagram
2663,Delhi,TS,2023-10-18,Referral
2664,Bangalore,TS,2023-12-12,Referral
2665,Kolkata,TN,2023-04-09,Google Ads
2666,Chennai,DL,2023-03-31,Organic
2667,Ahmedabad,TN,2023-11-09,Facebook Ads
2668,Ahmedabad,GJ,2023-11-24,Referral
2669,Mumbai,MH,2023-07-27,Referral
2670,Bangalore,GJ,2023-08-07,Instagram
2671,Bangalore,MH,2023-09-21,Google Ads
2672,Hyderabad,WB,2023-06-17,Instagram
2673,Delhi,KA,2023-02-14,Referral
2674,Bangalore,TN,2023-07-25,Referral
2675,Bangalore,TN,2023-12-09,Instagram
2676,Chennai,MH,2023-02-18,Referral
2677,Chennai,MH,2023-04-05,Organic
2678,Kolkata,MH,2023-03-13,Facebook Ads
2679,Pune,MH,2023-09-02,Facebook Ads
2680,Pune,TN,2023-06-15,Facebook Ads
2681,Mumbai,DL,2023-05-08,Organic
2682,Pune,KA,2023-01-04,Referral
2683,Hyderabad,KA,2023-05-14,Instagram
2684,Mumbai,GJ,2023-07-16,Google Ads
2685,Kolkata,MH,2023-05-01,Referral
2686,Chennai,WB,2023-08-17,Organic
2687,Pune,MH,2023-05-17,Organic
2688,Delhi,DL,2023-06-18,Facebook Ads
2689,Chennai,DL,2023-06-04,Referral
2690,Ahmedabad,KA,2023-10-26,Facebook Ads
2691,Hyderabad,TS,2023-10-21,Google Ads
2692,Chennai,MH,2023-01-06,Facebook Ads
2693,Hyderabad,MH,2023-05-14,Google Ads
2694,Hyderabad,KA,2023-12-01,Organic
2695,Hyderabad,MH,2023-07-04,Facebook Ads
2696,Kolkata,DL,2023-12-21,Facebook Ads
2697,Hyderabad,MH,2023-05-01,Instagram
2698,Hyderabad,WB,2023-02-01,Organic
2699,Ahmedabad,TS,2023-12-08,Instagram
2700,Delhi,KA,2023-03-02,Google Ads
2701,Mumbai,MH,2023-08-27,Google Ads
2702,Bangalore,TN,2023-06-07,Organic
2703,Ahmedabad,MH,2023-03-23,Google Ads
2704,Mumbai,DL,2023-07-27,Organic
2705,Hyderabad,TN,2023-12-18,Google Ads
2706,Delhi,WB,2023-09-15,Referral
2707,Chennai,KA,2023-12-27,Facebook Ads
2708,Delhi,MH,2023-06-09,Referral
2709,Ahmedabad,MH,2023-12-20,Organic
2710,Hyderabad,MH,2023-03-02,Organic
2711,Delhi,TS,2023-11-24,Referral
2712,Pune,GJ,2023-06-01,Facebook Ads
2713,Delhi,TN,2023-07-08,Facebook Ads
2714,Hyderabad,TS,2023-11-11,Instagram
2715,Kolkata,WB,2023-04-24,Google Ads
2716,Pune,MH,2023-04-23,Instagram
2717,Delhi,TN,2023-03-10,Facebook Ads
2718,Bangalore,WB,2023-09-02,Referral
2719,Bangalore,TS,2023-03-20,Google Ads
2720,Delhi,TS,2023-08-21,Referral
2721,Kolkata,GJ,2023-11-07,Instagram
2722,Chennai,TN,2023-07-11,Organic
2723,Hyderabad,MH,2023-08-01,Referral
2724,Bangalore,TS,2023-12-26,Instagram
2725,Chennai,KA,2023-10-09,Instagram
2726,Delhi,GJ,2023-08-30,Instagram
2727,Ahmedabad,WB,2023-10-03,Organic
2728,Chennai,TN,2023-12-07,Organic
2729,Pune,DL,2023-04-22,Organic
2730,Mumbai,DL,2023-05-07,Google Ads
2731,Bangalore,MH,2023-12-15,Organic
2732,Delhi,KA,2023-11-02,Organic
2733,Ahmedabad,TS,2023-02-11,Organic
2734,Hyderabad,DL,2023-09-27,Referral
2735,Ahmedabad,MH,2023-08-17,Organic
2736,Kolkata,WB,2023-09-28,Google Ads
2737,Pune,GJ,2023-12-27,Instagram
2738,Delhi,KA,2023-07-05,Referral
2739,Hyderabad,KA,2023-02-09,Facebook Ads
2740,Kolkata,MH,2023-10-16,Organic
2741,Kolkata,MH,2023-02-27,Instagram
2742,Delhi,MH,2023-02-01,Instagram
2743,Pune,MH,2023-10-08,Referral
2744,Chennai,GJ,2023-09-16,Facebook Ads
2745,Chennai,TS,2023-04-14,Google Ads
2746,Kolkata,MH,2023-10-21,Instagram
2747,Chennai,MH,2023-10-02,Instagram
2748,Mumbai,TS,2023-03-18,Instagram
2749,Kolkata,GJ,2023-03-26,Instagram
2750,Kolkata,TS,2023-06-17,Referral
2751,Hyderabad,TN,2023-09-24,Facebook Ads
2752,Chennai,KA,2023-08-15,Instagram
2753,Pune,WB,2023-03-01,Google Ads
2754,Kolkata,KA,2023-12-15,Google Ads
2755,Ahmedabad,KA,2023-04-16,Organic
2756,Pune,TN,2023-10-26,Instagram
2757,Mumbai,TS,2023-09-08,Instagram
2758,Hyderabad,TS,2023-02-16,Instagram
2759,Delhi,MH,2023-09-19,Instagram
2760,Pune,TN,2023-08-17,Instagram
2761,Kolkata,MH,2023-01-29,Google Ads
2762,Mumbai,TN,2023-08-21,Facebook Ads
2763,Bangalore,MH,2023-03-09,Facebook Ads
2764,Mumbai,DL,2023-09-20,Organic
2765,Mumbai,MH,2023-08-01,Google Ads
2766,Hyderabad,KA,2023-08-22,Instagram
2767,Delhi,KA,2023-10-16,Facebook Ads
2768,Bangalore,GJ,2023-01-30,Referral
2769,Chennai,WB,2023-10-14,Referral
2770,Chennai,MH,2023-08-25,Referral
2771,Pune,TS,2023-12-11,Instagram
2772,Mumbai,WB,2023-06-07,Instagram
2773,Ahmedabad,DL,2023-01-12,Organic
2774,Hyderabad,GJ,2023-07-22,Organic
2775,Ahmedabad,WB,2023-05-11,Organic
2776,Hyderabad,GJ,2023-01-02,Referral
2777,Chennai,KA,2023-04-22,Instagram
2778,Pune,TS,2023-10-24,Referral
2779,Pune,DL,2023-02-07,Organic
2780,Pune,KA,2023-01-24,Instagram
2781,Bangalore,MH,2023-08-05,Google Ads
2782,Delhi,MH,2023-06-26,Facebook Ads
2783,Bangalore,TN,2023-12-25,Facebook Ads
2784,Kolkata,DL,2023-02-02,Organic
2785,Kolkata,TS,2023-10-05,Referral
2786,Ahmedabad,GJ,2023-01-31,Google Ads
2787,Delhi,WB,2023-02-05,Instagram
2788,Chennai,MH,2023-08-30,Referral
2789,Delhi,WB,2023-01-17,Organic
2790,Hyderabad,DL,2023-05-27,Referral
2791,Kolkata,MH,2023-07-29,Organic
2792,Mumbai,TS,2023-04-03,Facebook Ads
2793,Mumbai,DL,2023-03-11,Facebook Ads
2794,Chennai,TS,2023-11-25,Referral
2795,Hyderabad,WB,2023-11-27,Google Ads
2796,Ahmedabad,KA,2023-08-04,Instagram
2797,Bangalore,MH,2023-07-11,Organic
2798,Hyderabad,MH,2023-07-15,Instagram
2799,Mumbai,KA,2023-08-18,Facebook Ads
2800,Mumbai,MH,2023-07-13,Google Ads
2801,Ahmedabad,WB,2023-07-12,Google Ads
2802,Kolkata,GJ,2023-02-11,Instagram
2803,Hyderabad,MH,2023-12-16,Facebook Ads
2804,Hyderabad,KA,2023-12-05,Instagram
2805,Mumbai,KA,2023-10-04,Referral
2806,Bangalore,DL,2023-03-10,Google Ads
2807,Chennai,TN,2023-12-01,Google Ads
2808,Pune,WB,2023-06-28,Referral
2809,Chennai,TS,2023-03-02,Facebook Ads
2810,Hyderabad,WB,2023-04-02,Google Ads
2811,Chennai,TS,2023-10-03,Organic
2812,Mumbai,MH,2023-07-21,Organic
2813,Mumbai,TS,2023-09-28,Facebook Ads
2814,Ahmedabad,GJ,2023-03-07,Referral
2815,Hyderabad,MH,2023-04-25,Instagram
2816,Ahmedabad,TS,2023-01-02,Facebook Ads
2817,Hyderabad,TS,2023-01-12,Instagram
2818,Pune,DL,2023-06-02,Facebook Ads
2819,Pune,KA,2023-08-26,Organic
2820,Kolkata,WB,2023-12-11,Referral
2821,Hyderabad,WB,2023-10-06,Organic
2822,Bangalore,MH,2023-08-06,Referral
2823,Chennai,MH,2023-09-30,Instagram
2824,Hyderabad,GJ,2023-07-14,Facebook Ads
2825,Delhi,TS,2023-04-28,Google Ads
2826,Kolkata,TN,2023-05-07,Google Ads
2827,Delhi,WB,2023-08-24,Referral
2828,Mumbai,MH,2023-06-27,Referral
2829,Pune,TS,2023-03-21,Organic
2830,Chennai,MH,2023-05-22,Google Ads
2831,Hyderabad,GJ,2023-04-07,Organic
2832,Delhi,MH,2023-02-27,Instagram
2833,Chennai,MH,2023-01-17,Google Ads
2834,Mumbai,MH,2023-12-05,Instagram
2835,Pune,MH,2023-08-03,Facebook Ads
2836,Bangalore,MH,2023-11-11,Organic
2837,Kolkata,TS,2023-01-09,Referral
2838,Chennai,DL,2023-05-04,Google Ads
2839,Chennai,TN,2023-04-16,Organic
2840,Bangalore,TS,2023-02-04,Referral
2841,Chennai,DL,2023-02-21,Facebook Ads
2842,Mumbai,DL,2023-11-01,Google Ads
2843,Mumbai,WB,2023-01-18,Instagram
2844,Bangalore,TS,2023-08-17,Facebook Ads
2845,Kolkata,TS,2023-11-03,Referral
2846,Hyderabad,MH,2023-12-11,Google Ads
2847,Delhi,DL,2023-12-27,Google Ads
2848,Hyderabad,DL,2023-01-25,Facebook Ads
2849,Chennai,DL,2023-05-06,Google Ads
2850,Delhi,MH,2023-01-23,Referral
2851,Ahmedabad,WB,2023-07-25,Facebook Ads
2852,Bangalore,TS,2023-08-13,Instagram
2853,Bangalore,DL,2023-04-30,Facebook Ads
2854,Kolkata,MH,2023-10-04,Facebook Ads
2855,Delhi,TS,2023-04-22,Instagram
2856,Mumbai,MH,2023-01-29,Referral
2857,Delhi,WB,2023-03-13,Organic
2858,Chennai,MH,2023-09-15,Organic
2859,Mumbai,MH,2023-05-29,Instagram
2860,Pune,KA,2023-04-30,Referral
2861,Pune,TS,2023-10-22,Google Ads
2862,Ahmedabad,KA,2023-06-13,Instagram
2863,Pune,MH,2023-10-23,Organic
2864,Bangalore,MH,2023-11-03,Referral
2865,Delhi,MH,2023-12-11,Facebook Ads
2866,Pune,DL,2023-06-14,Referral
2867,Hyderabad,WB,2023-05-02,Referral
2868,Kolkata,DL,2023-06-04,Organic
2869,Hyderabad,WB,2023-03-15,Organic
2870,Pune,TN,2023-12-05,Google Ads
2871,Ahmedabad,DL,2023-09-24,Google Ads
2872,Kolkata,KA,2023-04-24,Instagram
2873,Chennai,WB,2023-07-31,Facebook Ads
2874,Hyderabad,DL,2023-06-03,Google Ads
2875,Ahmedabad,TS,2023-05-21,Organic
2876,Delhi,MH,2023-02-01,Referral
2877,Delhi,WB,2023-10-13,Instagram
2878,Hyderabad,WB,2023-10-30,Google Ads
2879,Pune,DL,2023-03-31,Referral
2880,Ahmedabad,TN,2023-11-17,Referral
2881,Delhi,DL,2023-12-14,Google Ads
2882,Chennai,GJ,2023-08-07,Facebook Ads
2883,Mumbai,KA,2023-10-12,Facebook Ads
2884,Pune,KA,2023-09-11,Instagram
2885,Ahmedabad,WB,2023-01-25,Facebook Ads
2886,Chennai,WB,2023-06-26,Instagram
2887,Ahmedabad,DL,2023-11-26,Organic
2888,Kolkata,KA,2023-12-10,Google Ads
2889,Chennai,KA,2023-07-15,Referral
2890,Pune,TN,2023-09-26,Instagram
2891,Kolkata,TS,2023-06-13,Facebook Ads
2892,Pune,TN,2023-12-23,Instagram
2893,Delhi,GJ,2023-08-02,Instagram
2894,Mumbai,MH,2023-07-29,Facebook Ads
2895,Pune,MH,2023-03-18,Facebook Ads
2896,Pune,TN,2023-06-03,Google Ads
2897,Delhi,GJ,2023-07-12,Referral
2898,Bangalore,DL,2023-04-05,Google Ads
2899,Delhi,TS,2023-10-03,Google Ads
2900,Kolkata,DL,2023-08-31,Facebook Ads
2901,Delhi,MH,2023-05-04,Facebook Ads
2902,Delhi,GJ,2023-04-26,Referral
2903,Mumbai,MH,2023-06-03,Instagram
2904,Delhi,TS,2023-12-29,Google Ads
2905,Ahmedabad,WB,2023-03-15,Referral
2906,Pune,KA,2023-08-26,Google Ads
2907,Ahmedabad,TN,2023-01-30,Instagram
2908,Mumbai,GJ,2023-10-15,Google Ads
2909,Hyderabad,DL,2023-07-31,Organic
2910,Bangalore,MH,2023-08-02,Referral
2911,Ahmedabad,KA,2023-10-13,Facebook Ads
2912,Mumbai,TN,2023-09-29,Google Ads
2913,Kolkata,KA,2023-03-10,Referral
2914,Hyderabad,TN,2023-07-18,Referral
2915,Mumbai,GJ,2023-05-05,Google Ads
2916,Mumbai,WB,2023-05-11,Facebook Ads
2917,Bangalore,TS,2023-04-15,Facebook Ads
2918,Pune,GJ,2023-06-19,Google Ads
2919,Ahmedabad,KA,2023-11-28,Referral
2920,Kolkata,KA,2023-02-10,Facebook Ads
2921,Chennai,KA,2023-08-19,Google Ads
2922,Ahmedabad,TS,2023-07-09,Google Ads
2923,Chennai,MH,2023-02-17,Google Ads
2924,Mumbai,TN,2023-10-02,Referral
2925,Delhi,GJ,2023-04-08,Facebook Ads
2926,Kolkata,GJ,2023-01-27,Referral
2927,Hyderabad,WB,2023-05-18,Organic
2928,Delhi,KA,2023-07-13,Facebook Ads
2929,Delhi,MH,2023-12-11,Referral
2930,Ahmedabad,GJ,2023-11-06,Facebook Ads
2931,Kolkata,TS,2023-11-05,Organic
2932,Pune,MH,2023-01-21,Instagram
2933,Mumbai,GJ,2023-02-07,Google Ads
2934,Mumbai,TN,2023-04-07,Referral
2935,Mumbai,TS,2023-10-28,Organic
2936,Mumbai,WB,2023-12-10,Organic
2937,Ahmedabad,WB,2023-10-14,Facebook Ads
2938,Chennai,TN,2023-04-22,Facebook Ads
2939,Mumbai,KA,2023-09-03,Google Ads
2940,Chennai,WB,2023-04-17,Facebook Ads
2941,Chennai,MH,2023-06-20,Referral
2942,Pune,TS,2023-06-05,Referral
2943,Mumbai,GJ,2023-01-08,Referral
2944,Bangalore,MH,2023-04-19,Instagram
2945,Hyderabad,KA,2023-04-08,Referral
2946,Delhi,MH,2023-03-02,Facebook Ads
2947,Chennai,MH,2023-09-03,Facebook Ads
2948,Kolkata,DL,2023-05-05,Referral
2949,Kolkata,MH,2023-12-23,Organic
2950,Hyderabad,TN,2023-11-06,Organic
2951,Kolkata,TS,2023-12-27,Organic
2952,Bangalore,DL,2023-04-15,Google Ads
2953,Kolkata,TS,2023-07-23,Instagram
2954,Delhi,TS,2023-05-03,Referral
2955,Delhi,KA,2023-10-10,Google Ads
2956,Chennai,KA,2023-06-14,Organic
2957,Mumbai,DL,2023-05-25,Referral
2958,Pune,WB,2023-07-14,Google Ads
2959,Bangalore,MH,2023-08-27,Facebook Ads
2960,Chennai,KA,2023-10-01,Organic
2961,Bangalore,MH,2023-11-29,Google Ads
2962,Mumbai,KA,2023-07-03,Facebook Ads
2963,Ahmedabad,KA,2023-06-07,Organic
2964,Kolkata,TS,2023-05-14,Instagram
2965,Kolkata,DL,2023-07-04,Organic
2966,Pune,TS,2023-09-20,Instagram
2967,Mumbai,GJ,2023-09-12,Instagram
2968,Chennai,TN,2023-08-27,Instagram
2969,Pune,TS,2023-02-20,Referral
2970,Mumbai,MH,2023-08-29,Referral
2971,Hyderabad,MH,2023-06-13,Instagram
2972,Delhi,TN,2023-04-15,Facebook Ads
2973,Pune,MH,2023-07-09,Instagram
2974,Pune,MH,2023-06-10,Google Ads
2975,Chennai,TN,2023-07-31,Instagram
2976,Bangalore,TN,2023-01-24,Referral
2977,Hyderabad,TS,2023-10-16,Referral
2978,Chennai,TN,2023-04-24,Google Ads
2979,Mumbai,GJ,2023-03-16,Google Ads
2980,Mumbai,DL,2023-01-09,Organic
2981,Mumbai,MH,2023-05-14,Facebook Ads
2982,Ahmedabad,MH,2023-10-11,Facebook Ads
2983,Mumbai,GJ,2023-10-27,Facebook Ads
2984,Bangalore,WB,2023-10-24,Referral
2985,Hyderabad,GJ,2023-08-02,Facebook Ads
2986,Kolkata,GJ,2023-06-01,Organic
2987,Delhi,TN,2023-03-20,Organic
2988,Bangalore,KA,2023-04-11,Facebook Ads
2989,Bangalore,KA,2023-06-18,Google Ads
2990,Ahmedabad,GJ,2023-04-28,Organic
2991,Kolkata,TN,2023-07-14,Google Ads
2992,Kolkata,DL,2023-10-19,Referral
2993,Delhi,KA,2023-05-06,Organic
2994,Delhi,WB,2023-09-13,Google Ads
2995,Kolkata,MH,2023-10-09,Facebook Ads
2996,Mumbai,TN,2023-12-02,Referral
2997,Bangalore,GJ,2023-12-17,Instagram
2998,Chennai,DL,2023-06-22,Instagram
2999,Delhi,DL,2023-05-12,Facebook Ads
3000,Ahmedabad,TS,2023-09-08,Referral
3001,Ahmedabad,DL,2023-11-25,Referral
3002,Delhi,KA,2023-09-09,Referral
3003,Kolkata,GJ,2023-08-24,Referral
3004,Hyderabad,MH,2023-03-28,Instagram
3005,Chennai,KA,2023-06-30,Google Ads
3006,Chennai,TN,2023-03-28,Referral
3007,Delhi,MH,2023-03-13,Google Ads
3008,Mumbai,TN,2023-10-07,Referral
3009,Hyderabad,DL,2023-09-08,Organic
3010,Chennai,WB,2023-04-05,Organic
3011,Delhi,MH,2023-10-05,Organic
3012,Ahmedabad,MH,2023-11-25,Referral
3013,Chennai,GJ,2023-01-31,Google Ads
3014,Pune,TS,2023-09-26,Instagram
3015,Hyderabad,MH,2023-01-18,Facebook Ads
3016,Hyderabad,DL,2023-02-08,Instagram
3017,Pune,DL,2023-12-09,Referral
3018,Bangalore,GJ,2023-01-25,Organic
3019,Ahmedabad,MH,2023-01-04,Organic
3020,Pune,TS,2023-07-31,Google Ads
3021,Kolkata,MH,2023-03-12,Referral
3022,Kolkata,MH,2023-11-19,Instagram
3023,Delhi,MH,2023-04-29,Referral
3024,Hyderabad,TN,2023-02-04,Referral
3025,Bangalore,KA,2023-12-29,Organic
3026,Bangalore,WB,2023-03-19,Instagram
3027,Chennai,TN,2023-01-05,Facebook Ads
3028,Chennai,MH,2023-04-22,Organic
3029,Pune,KA,2023-09-16,Instagram
3030,Bangalore,WB,2023-08-22,Google Ads
3031,Pune,WB,2023-07-11,Organic
3032,Ahmedabad,WB,2023-01-31,Google Ads
3033,Pune,DL,2023-11-13,Organic
3034,Chennai,GJ,2023-11-23,Referral
3035,Hyderabad,WB,2023-12-08,Instagram
3036,Pune,TS,2023-11-12,Google Ads
3037,Mumbai,MH,2023-09-05,Organic
3038,Hyderabad,MH,2023-12-04,Google Ads
3039,Bangalore,TS,2023-09-07,Organic
3040,Bangalore,MH,2023-01-09,Organic
3041,Pune,TN,2023-01-04,Facebook Ads
3042,Hyderabad,GJ,2023-09-30,Facebook Ads
3043,Chennai,TN,2023-10-10,Facebook Ads
3044,Chennai,MH,2023-07-30,Google Ads
3045,Kolkata,TS,2023-01-07,Referral
3046,Bangalore,MH,2023-01-09,Organic
3047,Delhi,WB,2023-09-29,Instagram
3048,Kolkata,DL,2023-05-21,Facebook Ads
3049,Chennai,MH,2023-10-02,Google Ads
3050,Hyderabad,TN,2023-05-27,Google Ads
3051,Ahmedabad,MH,2023-01-09,Google Ads
3052,Chennai,DL,2023-09-15,Instagram
3053,Hyderabad,WB,2023-12-24,Instagram
3054,Kolkata,WB,2023-12-12,Facebook Ads
3055,Bangalore,TN,2023-08-09,Instagram
3056,Chennai,TN,2023-04-02,Facebook Ads
3057,Pune,WB,2023-02-24,Instagram
3058,Hyderabad,KA,2023-02-19,Instagram
3059,Bangalore,MH,2023-09-26,Instagram
3060,Ahmedabad,GJ,2023-03-18,Facebook Ads
3061,Ahmedabad,DL,2023-05-04,Organic
3062,Delhi,MH,2023-04-09,Facebook Ads
3063,Hyderabad,DL,2023-11-14,Organic
3064,Kolkata,KA,2023-09-27,Google Ads
3065,Delhi,GJ,2023-05-10,Google Ads
3066,Delhi,TS,2023-07-01,Facebook Ads
3067,Mumbai,DL,2023-05-17,Organic
3068,Chennai,MH,2023-07-23,Organic
3069,Hyderabad,MH,2023-02-10,Organic
3070,Delhi,GJ,2023-07-11,Google Ads
3071,Mumbai,WB,2023-07-27,Facebook Ads
3072,Kolkata,WB,2023-08-24,Referral
3073,Bangalore,KA,2023-10-17,Organic
3074,Pune,DL,2023-05-05,Organic
3075,Pune,TS,2023-12-23,Referral
3076,Hyderabad,DL,2023-04-26,Facebook Ads
3077,Delhi,WB,2023-06-03,Organic
3078,Pune,TN,2023-12-17,Facebook Ads
3079,Chennai,MH,2023-02-11,Organic
3080,Pune,GJ,2023-12-01,Instagram
3081,Pune,KA,2023-11-29,Organic
3082,Pune,TN,2023-01-17,Instagram
3083,Ahmedabad,MH,2023-02-17,Facebook Ads
3084,Mumbai,TS,2023-07-27,Organic
3085,Delhi,TN,2023-07-14,Google Ads
3086,Chennai,MH,2023-07-13,Google Ads
3087,Delhi,TN,2023-10-10,Referral
3088,Ahmedabad,TS,2023-09-01,Google Ads
3089,Hyderabad,GJ,2023-01-29,Instagram
3090,Hyderabad,TN,2023-11-23,Google Ads
3091,Hyderabad,KA,2023-01-05,Google Ads
3092,Kolkata,WB,2023-12-26,Google Ads
3093,Pune,DL,2023-03-29,Organic
3094,Kolkata,TN,2023-02-12,Referral
3095,Mumbai,KA,2023-09-13,Facebook Ads
3096,Hyderabad,DL,2023-08-11,Referral
3097,Ahmedabad,GJ,2023-11-27,Instagram
3098,Chennai,MH,2023-06-19,Organic
3099,Delhi,DL,2023-10-17,Organic
3100,Pune,MH,2023-02-18,Google Ads
3101,Bangalore,TN,2023-09-28,Google Ads
3102,Chennai,KA,2023-01-22,Instagram
3103,Pune,WB,2023-04-28,Organic
3104,Kolkata,TN,2023-04-19,Facebook Ads
3105,Kolkata,MH,2023-12-21,Referral
3106,Chennai,TS,2023-10-18,Organic
3107,Kolkata,DL,2023-09-01,Facebook Ads
3108,Hyderabad,TN,2023-05-19,Facebook Ads
3109,Mumbai,MH,2023-01-24,Referral
3110,Delhi,GJ,2023-02-08,Facebook Ads
3111,Mumbai,DL,2023-12-17,Instagram
3112,Pune,GJ,2023-05-24,Facebook Ads
3113,Delhi,MH,2023-10-06,Instagram
3114,Ahmedabad,KA,2023-10-16,Facebook Ads
3115,Delhi,MH,2023-12-03,Google Ads
3116,Mumbai,GJ,2023-01-17,Facebook Ads
3117,Chennai,TN,2023-04-02,Instagram
3118,Delhi,WB,2023-06-11,Facebook Ads
3119,Ahmedabad,TN,2023-01-09,Facebook Ads
3120,Ahmedabad,DL,2023-04-17,Facebook Ads
3121,Ahmedabad,KA,2023-10-28,Instagram
3122,Mumbai,MH,2023-03-15,Facebook Ads
3123,Delhi,TS,2023-12-31,Referral
3124,Bangalore,WB,2023-07-23,Referral
3125,Chennai,KA,2023-02-09,Instagram
3126,Hyderabad,GJ,2023-06-03,Google Ads
3127,Delhi,GJ,2023-03-25,Referral
3128,Ahmedabad,TN,2023-10-16,Organic
3129,Bangalore,TS,2023-05-04,Referral
3130,Hyderabad,KA,2023-10-18,Organic
3131,Hyderabad,MH,2023-07-19,Instagram
3132,Pune,WB,2023-12-13,Google Ads
3133,Delhi,DL,2023-10-04,Organic
3134,Mumbai,KA,2023-06-19,Organic
3135,Delhi,KA,2023-07-16,Referral
3136,Bangalore,MH,2023-03-13,Organic
3137,Hyderabad,TN,2023-12-19,Instagram
3138,Delhi,MH,2023-02-10,Instagram
3139,Mumbai,MH,2023-09-14,Instagram
3140,Pune,WB,2023-06-27,Referral
3141,Delhi,WB,2023-01-28,Google Ads
3142,Chennai,DL,2023-02-20,Referral
3143,Pune,KA,2023-08-12,Instagram
3144,Mumbai,TS,2023-04-29,Referral
3145,Bangalore,KA,2023-02-08,Instagram
3146,Hyderabad,MH,2023-06-24,Facebook Ads
3147,Delhi,DL,2023-11-06,Facebook Ads
3148,Mumbai,KA,2023-11-11,Organic
3149,Pune,MH,2023-11-01,Google Ads
3150,Chennai,MH,2023-07-23,Facebook Ads
3151,Mumbai,KA,2023-06-17,Instagram
3152,Kolkata,KA,2023-01-16,Referral
3153,Ahmedabad,MH,2023-11-21,Referral
3154,Chennai,TS,2023-05-20,Organic
3155,Pune,MH,2023-08-19,Referral
3156,Bangalore,MH,2023-09-09,Facebook Ads
3157,Hyderabad,MH,2023-04-27,Referral
3158,Pune,KA,2023-07-02,Facebook Ads
3159,Ahmedabad,WB,2023-10-11,Facebook Ads
3160,Bangalore,TS,2023-07-12,Google Ads
3161,Delhi,KA,2023-08-10,Organic
3162,Mumbai,MH,2023-04-06,Instagram
3163,Kolkata,KA,2023-12-15,Facebook Ads
3164,Chennai,DL,2023-10-27,Organic
3165,Chennai,DL,2023-12-05,Instagram
3166,Mumbai,WB,2023-07-14,Referral
3167,Kolkata,TS,2023-02-13,Organic
3168,Mumbai,TN,2023-11-13,Organic
3169,Delhi,GJ,2023-06-01,Organic
3170,Ahmedabad,DL,2023-05-07,Referral
3171,Bangalore,TN,2024-01-01,Referral
3172,Pune,MH,2023-02-07,Organic
3173,Chennai,DL,2023-02-12,Google Ads
3174,Delhi,DL,2023-05-18,Facebook Ads
3175,Bangalore,TS,2023-03-20,Referral
3176,Delhi,WB,2023-07-14,Google Ads
3177,Kolkata,TN,2023-12-31,Referral
3178,Chennai,MH,2023-11-21,Organic
3179,Pune,DL,2023-03-20,Google Ads
3180,Mumbai,DL,2023-07-19,Instagram
3181,Mumbai,TS,2023-06-12,Facebook Ads
3182,Bangalore,TS,2023-07-04,Facebook Ads
3183,Pune,WB,2023-02-24,Referral
3184,Ahmedabad,TN,2023-02-16,Facebook Ads
3185,Hyderabad,MH,2023-01-03,Instagram
3186,Kolkata,MH,2023-06-07,Google Ads
3187,Bangalore,WB,2023-08-16,Google Ads
3188,Hyderabad,GJ,2023-07-04,Organic
3189,Delhi,MH,2023-05-19,Google Ads
3190,Kolkata,KA,2023-02-22,Referral
3191,Delhi,DL,2023-03-09,Instagram
3192,Ahmedabad,TN,2023-02-14,Organic
3193,Pune,WB,2023-04-06,Referral
3194,Chennai,DL,2023-08-09,Referral
3195,Kolkata,TN,2023-08-18,Referral
3196,Hyderabad,TN,2023-10-13,Facebook Ads
3197,Ahmedabad,TN,2023-10-12,Referral
3198,Chennai,DL,2023-09-20,Facebook Ads
3199,Mumbai,WB,2023-07-28,Google Ads
3200,Hyderabad,MH,2023-02-22,Facebook Ads
3201,Bangalore,TS,2023-01-14,Referral
3202,Mumbai,DL,2023-02-15,Instagram
3203,Ahmedabad,GJ,2023-07-01,Instagram
3204,Mumbai,TN,2023-10-11,Google Ads
3205,Bangalore,WB,2023-02-17,Referral
3206,Kolkata,MH,2023-11-02,Facebook Ads
3207,Mumbai,KA,2023-11-03,Instagram
3208,Pune,GJ,2023-06-16,Organic
3209,Hyderabad,MH,2023-07-17,Referral
3210,Chennai,GJ,2023-01-07,Referral
3211,Mumbai,TN,2023-05-30,Organic
3212,Hyderabad,KA,2023-07-31,Instagram
3213,Delhi,TS,2023-07-18,Organic
3214,Hyderabad,MH,2023-02-13,Google Ads
3215,Chennai,MH,2023-10-14,Facebook Ads
3216,Hyderabad,TN,2023-05-05,Facebook Ads
3217,Bangalore,GJ,2023-10-20,Instagram
3218,Ahmedabad,GJ,2023-09-24,Organic
3219,Chennai,MH,2023-03-28,Referral
3220,Ahmedabad,KA,2023-12-17,Referral
3221,Kolkata,TN,2023-07-14,Referral
3222,Ahmedabad,DL,2023-03-28,Google Ads
3223,Delhi,WB,2023-03-13,Google Ads
3224,Bangalore,KA,2023-05-18,Referral
3225,Kolkata,WB,2023-06-04,Instagram
3226,Hyderabad,DL,2023-05-18,Google Ads
3227,Chennai,DL,2023-09-10,Google Ads
3228,Delhi,WB,2023-03-16,Facebook Ads
3229,Bangalore,KA,2023-02-02,Facebook Ads
3230,Kolkata,WB,2023-03-27,Instagram
3231,Kolkata,WB,2023-08-11,Google Ads
3232,Delhi,MH,2023-05-22,Google Ads
3233,Pune,KA,2023-08-04,Organic
3234,Hyderabad,GJ,2023-06-03,Instagram
3235,Delhi,GJ,2023-09-05,Instagram
3236,Kolkata,MH,2023-02-09,Organic
3237,Mumbai,TN,2023-07-04,Organic
3238,Bangalore,MH,2023-05-09,Facebook Ads
3239,Delhi,GJ,2023-05-07,Instagram
3240,Pune,WB,2023-11-17,Instagram
3241,Kolkata,TN,2023-09-11,Organic
3242,Hyderabad,GJ,2023-11-01,Referral
3243,Ahmedabad,KA,2023-11-12,Referral
3244,Kolkata,WB,2023-04-11,Facebook Ads
3245,Hyderabad,MH,2023-08-23,Referral
3246,Delhi,TN,2023-02-24,Referral
3247,Hyderabad,GJ,2023-03-11,Referral
3248,Chennai,GJ,2023-06-05,Google Ads
3249,Chennai,TS,2023-01-04,Facebook Ads
3250,Chennai,GJ,2023-07-22,Organic
3251,Pune,DL,2023-06-20,Referral
3252,Pune,WB,2023-11-14,Google Ads
3253,Mumbai,MH,2023-07-14,Referral
3254,Pune,DL,2023-06-18,Google Ads
3255,Ahmedabad,MH,2023-08-14,Facebook Ads
3256,Delhi,TN,2023-06-21,Referral
3257,Kolkata,GJ,2023-08-09,Google Ads
3258,Kolkata,MH,2023-11-30,Instagram
3259,Mumbai,MH,2023-11-01,Instagram
3260,Pune,WB,2023-03-11,Google Ads
3261,Ahmedabad,DL,2023-06-03,Referral
3262,Hyderabad,DL,2023-06-14,Referral
3263,Mumbai,TN,2023-11-05,Facebook Ads
3264,Ahmedabad,WB,2023-12-22,Facebook Ads
3265,Hyderabad,GJ,2023-04-13,Organic
3266,Ahmedabad,TS,2023-09-03,Facebook Ads
3267,Hyderabad,TS,2023-06-10,Referral
3268,Bangalore,TN,2023-04-01,Organic
3269,Ahmedabad,WB,2023-07-23,Facebook Ads
3270,Kolkata,TN,2023-06-13,Google Ads
3271,Chennai,WB,2023-05-30,Instagram
3272,Pune,MH,2023-12-22,Facebook Ads
3273,Hyderabad,MH,2023-11-21,Facebook Ads
3274,Bangalore,MH,2023-09-09,Google Ads
3275,Ahmedabad,GJ,2023-10-22,Referral
3276,Kolkata,TN,2023-05-05,Google Ads
3277,Chennai,GJ,2023-06-16,Facebook Ads
3278,Hyderabad,WB,2023-07-12,Referral
3279,Ahmedabad,TS,2023-05-24,Organic
3280,Ahmedabad,GJ,2023-07-21,Facebook Ads
3281,Hyderabad,WB,2023-07-06,Google Ads
3282,Mumbai,MH,2023-02-28,Organic
3283,Mumbai,WB,2023-10-16,Instagram
3284,Kolkata,TN,2023-04-13,Organic
3285,Chennai,MH,2023-10-31,Google Ads
3286,Hyderabad,MH,2023-10-07,Organic
3287,Kolkata,MH,2023-04-03,Google Ads
3288,Kolkata,MH,2023-12-16,Facebook Ads
3289,Delhi,MH,2023-10-09,Referral
3290,Ahmedabad,KA,2023-01-14,Instagram
3291,Pune,GJ,2023-08-25,Referral
3292,Ahmedabad,TN,2023-12-29,Referral
3293,Mumbai,DL,2023-04-18,Referral
3294,Chennai,TN,2023-08-13,Google Ads
3295,Ahmedabad,KA,2023-05-30,Google Ads
3296,Hyderabad,MH,2023-12-21,Instagram
3297,Kolkata,KA,2023-02-05,Google Ads
3298,Hyderabad,TS,2023-07-29,Google Ads
3299,Delhi,TS,2023-12-11,Google Ads
3300,Chennai,GJ,2023-09-13,Google Ads
3301,Kolkata,MH,2023-03-13,Facebook Ads
3302,Hyderabad,TN,2023-11-21,Instagram
3303,Mumbai,TN,2023-06-05,Google Ads
3304,Pune,DL,2023-05-04,Instagram
3305,Delhi,MH,2023-05-10,Organic
3306,Chennai,DL,2023-12-04,Facebook Ads
3307,Delhi,TS,2023-03-20,Google Ads
3308,Mumbai,MH,2023-08-05,Facebook Ads
3309,Chennai,KA,2023-07-13,Facebook Ads
3310,Delhi,DL,2023-02-07,Organic
3311,Bangalore,WB,2023-08-18,Instagram
3312,Mumbai,DL,2023-11-03,Facebook Ads
3313,Mumbai,MH,2023-09-03,Referral
3314,Mumbai,MH,2023-10-26,Organic
3315,Bangalore,TN,2023-07-25,Referral
3316,Bangalore,KA,2023-10-01,Organic
3317,Hyderabad,MH,2023-09-17,Referral
3318,Kolkata,MH,2023-12-21,Referral
3319,Pune,DL,2023-08-03,Facebook Ads
3320,Delhi,DL,2023-10-06,Facebook Ads
3321,Hyderabad,TS,2023-01-19,Organic
3322,Delhi,MH,2023-07-04,Instagram
3323,Pune,WB,2023-12-26,Facebook Ads
3324,Kolkata,TN,2023-10-02,Facebook Ads
3325,Bangalore,KA,2023-11-01,Google Ads
3326,Kolkata,WB,2023-11-23,Facebook Ads
3327,Bangalore,TN,2023-02-13,Instagram
3328,Pune,DL,2023-02-25,Google Ads
3329,Kolkata,WB,2023-05-08,Referral
3330,Hyderabad,TN,2023-12-03,Referral
3331,Chennai,DL,2023-12-07,Google Ads
3332,Hyderabad,DL,2023-07-01,Google Ads
3333,Delhi,DL,2023-03-27,Google Ads
3334,Hyderabad,DL,2023-11-28,Organic
3335,Pune,MH,2023-11-10,Instagram
3336,Mumbai,DL,2023-01-23,Instagram
3337,Delhi,TS,2023-10-16,Referral
3338,Kolkata,WB,2023-11-27,Referral
3339,Delhi,TN,2023-12-13,Referral
3340,Chennai,TS,2023-11-28,Facebook Ads
3341,Bangalore,MH,2023-07-24,Referral
3342,Kolkata,GJ,2023-06-19,Google Ads
3343,Ahmedabad,GJ,2023-08-09,Referral
3344,Delhi,TS,2023-02-24,Google Ads
3345,Kolkata,MH,2023-01-06,Organic
3346,Kolkata,MH,2023-02-20,Facebook Ads
3347,Kolkata,MH,2023-05-13,Facebook Ads
3348,Bangalore,KA,2023-04-24,Instagram
3349,Ahmedabad,MH,2023-09-19,Organic
3350,Pune,TN,2023-09-23,Google Ads
3351,Hyderabad,TS,2023-10-13,Organic
3352,Kolkata,TN,2023-10-25,Facebook Ads
3353,Mumbai,WB,2023-12-19,Google Ads
3354,Pune,MH,2023-10-22,Organic
3355,Chennai,MH,2023-04-24,Facebook Ads
3356,Bangalore,KA,2023-08-17,Google Ads
3357,Delhi,WB,2023-07-11,Google Ads
3358,Bangalore,MH,2023-07-20,Facebook Ads
3359,Delhi,KA,2023-08-26,Google Ads
3360,Bangalore,GJ,2023-12-14,Facebook Ads
3361,Delhi,WB,2023-10-29,Referral
3362,Kolkata,GJ,2023-12-20,Referral
3363,Hyderabad,TS,2023-09-14,Google Ads
3364,Delhi,TN,2023-03-19,Google Ads
3365,Ahmedabad,DL,2023-06-26,Facebook Ads
3366,Delhi,TN,2023-01-13,Google Ads
3367,Mumbai,MH,2023-09-05,Instagram
3368,Delhi,GJ,2023-02-23,Referral
3369,Mumbai,MH,2023-06-01,Google Ads
3370,Chennai,DL,2023-08-01,Google Ads
3371,Kolkata,KA,2023-02-13,Organic
3372,Mumbai,GJ,2023-03-01,Google Ads
3373,Hyderabad,TS,2023-03-14,Instagram
3374,Pune,TS,2023-06-28,Referral
3375,Kolkata,GJ,2023-06-09,Organic
3376,Mumbai,GJ,2023-06-25,Facebook Ads
3377,Kolkata,GJ,2023-08-22,Facebook Ads
3378,Ahmedabad,KA,2023-04-16,Referral
3379,Kolkata,MH,2023-09-24,Facebook Ads
3380,Kolkata,KA,2023-09-05,Instagram
3381,Chennai,WB,2023-06-28,Google Ads
3382,Hyderabad,MH,2023-09-01,Referral
3383,Bangalore,GJ,2023-02-19,Organic
3384,Bangalore,MH,2023-08-13,Google Ads
3385,Mumbai,MH,2023-12-23,Facebook Ads
3386,Kolkata,DL,2023-08-20,Facebook Ads
3387,Mumbai,KA,2023-06-13,Organic
3388,Chennai,MH,2023-02-04,Instagram
3389,Chennai,MH,2023-06-03,Organic
3390,Delhi,DL,2023-01-23,Referral
3391,Ahmedabad,KA,2023-12-30,Organic
3392,Chennai,TS,2023-02-28,Facebook Ads
3393,Delhi,KA,2023-01-12,Instagram
3394,Hyderabad,TN,2023-06-25,Instagram
3395,Mumbai,KA,2023-11-28,Organic
3396,Pune,TN,2023-02-25,Referral
3397,Hyderabad,DL,2023-12-13,Facebook Ads
3398,Chennai,KA,2023-03-26,Google Ads
3399,Hyderabad,DL,2023-05-05,Instagram
3400,Hyderabad,DL,2023-09-22,Organic
3401,Ahmedabad,MH,2023-03-31,Referral
3402,Ahmedabad,MH,2023-10-10,Referral
3403,Ahmedabad,DL,2023-03-23,Facebook Ads
3404,Hyderabad,DL,2023-06-19,Instagram
3405,Chennai,MH,2023-10-14,Facebook Ads
3406,Pune,MH,2023-08-07,Google Ads
3407,Kolkata,KA,2023-08-25,Google Ads
3408,Hyderabad,MH,2023-04-29,Google Ads
3409,Delhi,KA,2023-07-27,Referral
3410,Chennai,TS,2023-11-19,Instagram
3411,Hyderabad,MH,2023-04-05,Facebook Ads
3412,Pune,MH,2023-04-06,Facebook Ads
3413,Kolkata,DL,2023-11-24,Google Ads
3414,Ahmedabad,MH,2023-12-03,Instagram
3415,Chennai,TN,2023-08-10,Instagram
3416,Bangalore,GJ,2023-07-22,Organic
3417,Kolkata,MH,2023-01-15,Instagram
3418,Delhi,DL,2023-11-11,Instagram
3419,Hyderabad,MH,2023-04-12,Facebook Ads
3420,Pune,MH,2023-08-19,Instagram
3421,Bangalore,MH,2023-10-31,Instagram
3422,Pune,GJ,2023-08-08,Facebook Ads
3423,Bangalore,TS,2023-07-19,Instagram
3424,Chennai,TS,2023-01-03,Facebook Ads
3425,Bangalore,DL,2023-12-27,Organic
3426,Delhi,TN,2023-04-20,Referral
3427,Delhi,TS,2023-04-16,Facebook Ads
3428,Mumbai,GJ,2023-05-23,Facebook Ads
3429,Delhi,TS,2023-12-27,Instagram
3430,Kolkata,TN,2023-02-02,Facebook Ads
3431,Bangalore,MH,2023-10-23,Google Ads
3432,Delhi,TS,2023-02-22,Google Ads
3433,Chennai,GJ,2023-10-02,Organic
3434,Pune,KA,2023-04-06,Facebook Ads
3435,Ahmedabad,GJ,2023-07-07,Instagram
3436,Pune,WB,2023-06-16,Instagram
3437,Mumbai,WB,2023-04-11,Referral
3438,Pune,TS,2023-08-23,Organic
3439,Bangalore,MH,2023-02-28,Instagram
3440,Mumbai,MH,2023-05-15,Referral
3441,Bangalore,MH,2023-12-10,Instagram
3442,Chennai,GJ,2023-09-08,Referral
3443,Mumbai,DL,2023-09-28,Google Ads
3444,Hyderabad,KA,2023-11-24,Google Ads
3445,Kolkata,MH,2023-06-10,Instagram
3446,Kolkata,TN,2023-11-02,Organic
3447,Bangalore,GJ,2023-07-18,Facebook Ads
3448,Pune,KA,2023-11-09,Organic
3449,Ahmedabad,WB,2023-07-20,Organic
3450,Ahmedabad,GJ,2023-10-28,Facebook Ads
3451,Hyderabad,KA,2023-02-28,Google Ads
3452,Mumbai,TN,2023-06-28,Google Ads
3453,Hyderabad,TS,2023-06-30,Facebook Ads
3454,Hyderabad,TN,2023-08-23,Referral
3455,Pune,TN,2023-11-13,Organic
3456,Ahmedabad,TS,2023-03-30,Instagram
3457,Mumbai,TS,2023-12-11,Google Ads
3458,Chennai,TS,2023-12-28,Instagram
3459,Pune,TS,2023-06-02,Facebook Ads
3460,Hyderabad,TS,2023-11-11,Instagram
3461,Hyderabad,TN,2023-10-30,Instagram
3462,Chennai,DL,2023-02-13,Organic
3463,Hyderabad,DL,2023-12-11,Facebook Ads
3464,Hyderabad,GJ,2023-03-10,Instagram
3465,Hyderabad,MH,2023-06-10,Google Ads
3466,Kolkata,DL,2023-03-02,Facebook Ads
3467,Pune,WB,2023-05-03,Google Ads
3468,Delhi,DL,2023-06-06,Referral
3469,Pune,TN,2023-03-01,Instagram
3470,Chennai,TS,2023-04-04,Facebook Ads
3471,Hyderabad,GJ,2023-07-11,Google Ads
3472,Pune,TS,2023-12-22,Instagram
3473,Kolkata,MH,2023-03-14,Organic
3474,Ahmedabad,MH,2023-09-19,Google Ads
3475,Chennai,MH,2023-07-18,Google Ads
3476,Bangalore,TN,2023-08-03,Referral
3477,Pune,WB,2023-11-02,Organic
3478,Bangalore,DL,2023-03-12,Referral
3479,Hyderabad,TN,2023-10-22,Organic
3480,Kolkata,MH,2023-07-16,Google Ads
3481,Kolkata,GJ,2023-08-05,Referral
3482,Pune,TS,2023-04-06,Instagram
3483,Chennai,MH,2023-09-07,Organic
3484,Chennai,KA,2023-11-22,Google Ads
3485,Kolkata,MH,2023-10-03,Facebook Ads
3486,Chennai,MH,2023-12-22,Organic
3487,Kolkata,WB,2023-11-27,Organic
3488,Pune,MH,2023-03-30,Instagram
3489,Delhi,TN,2023-10-12,Organic
3490,Kolkata,DL,2023-03-27,Organic
3491,Bangalore,TS,2023-09-08,Instagram
3492,Chennai,GJ,2023-05-28,Instagram
3493,Kolkata,WB,2023-03-13,Referral
3494,Kolkata,WB,2023-04-06,Google Ads
3495,Pune,KA,2023-06-11,Google Ads
3496,Chennai,MH,2023-08-19,Referral
3497,Delhi,KA,2023-11-14,Google Ads
3498,Pune,DL,2023-01-28,Organic
3499,Delhi,MH,2023-07-03,Referral
3500,Ahmedabad,DL,2023-01-05,Referral
3501,Pune,MH,2023-09-06,Google Ads
3502,Chennai,KA,2023-03-11,Facebook Ads
3503,Mumbai,TS,2023-04-10,Google Ads
3504,Chennai,DL,2023-07-16,Facebook Ads
3505,Chennai,KA,2023-10-15,Referral
3506,Delhi,MH,2023-09-16,Facebook Ads
3507,Delhi,KA,2023-12-01,Organic
3508,Chennai,KA,2023-09-11,Instagram
3509,Chennai,TN,2023-07-29,Facebook Ads
3510,Chennai,DL,2023-12-17,Instagram
3511,Delhi,GJ,2023-09-09,Organic
3512,Chennai,TS,2023-08-01,Instagram
3513,Chennai,TS,2023-12-30,Organic
3514,Ahmedabad,TN,2023-08-16,Instagram
3515,Hyderabad,MH,2023-09-08,Instagram
3516,Mumbai,WB,2023-03-27,Google Ads
3517,Bangalore,MH,2023-02-12,Facebook Ads
3518,Mumbai,TS,2023-10-17,Instagram
3519,Hyderabad,KA,2023-01-16,Referral
3520,Bangalore,TN,2023-04-23,Google Ads
3521,Pune,MH,2023-05-30,Facebook Ads
3522,Chennai,DL,2023-01-17,Google Ads
3523,Hyderabad,DL,2023-05-21,Facebook Ads
3524,Ahmedabad,GJ,2023-04-26,Organic
3525,Pune,DL,2023-10-03,Instagram
3526,Chennai,KA,2023-05-28,Referral
3527,Delhi,MH,2023-03-28,Google Ads
3528,Kolkata,TN,2023-08-23,Google Ads
3529,Hyderabad,TN,2023-10-17,Google Ads
3530,Delhi,DL,2023-09-11,Google Ads
3531,Hyderabad,MH,2023-10-09,Instagram
3532,Ahmedabad,MH,2023-09-19,Facebook Ads
3533,Hyderabad,MH,2023-02-27,Instagram
3534,Delhi,TS,2023-10-21,Organic
3535,Ahmedabad,TS,2023-02-28,Instagram
3536,Bangalore,DL,2023-05-18,Instagram
3537,Mumbai,MH,2023-10-06,Organic
3538,Chennai,WB,2023-07-07,Instagram
3539,Hyderabad,MH,2023-10-05,Facebook Ads
3540,Chennai,TN,2023-01-22,Referral
3541,Kolkata,TN,2023-08-14,Organic
3542,Delhi,DL,2023-10-07,Google Ads
3543,Chennai,WB,2023-04-22,Facebook Ads
3544,Delhi,MH,2023-08-06,Referral
3545,Chennai,MH,2023-02-22,Facebook Ads
3546,Mumbai,WB,2023-12-01,Facebook Ads
3547,Mumbai,GJ,2023-05-07,Google Ads
3548,Ahmedabad,DL,2023-06-02,Referral
3549,Mumbai,TN,2023-01-17,Facebook Ads
3550,Ahmedabad,MH,2023-08-19,Google Ads
3551,Mumbai,TN,2023-05-15,Organic
3552,Mumbai,TS,2023-06-28,Google Ads
3553,Mumbai,DL,2023-02-14,Instagram
3554,Delhi,DL,2023-08-13,Google Ads
3555,Hyderabad,MH,2023-03-02,Google Ads
3556,Ahmedabad,MH,2023-05-02,Google Ads
3557,Chennai,TS,2023-04-18,Facebook Ads
3558,Mumbai,MH,2023-10-29,Referral
3559,Delhi,GJ,2023-12-19,Google Ads
3560,Delhi,KA,2023-06-29,Google Ads
3561,Delhi,WB,2023-12-30,Instagram
3562,Ahmedabad,KA,2023-11-09,Instagram
3563,Hyderabad,KA,2023-11-20,Organic
3564,Ahmedabad,DL,2023-08-08,Organic
3565,Chennai,WB,2023-03-26,Instagram
3566,Hyderabad,DL,2023-11-12,Referral
3567,Bangalore,GJ,2023-03-13,Organic
3568,Pune,WB,2023-04-16,Referral
3569,Delhi,TN,2023-04-16,Instagram
3570,Ahmedabad,DL,2023-01-31,Organic
3571,Bangalore,DL,2023-10-19,Google Ads
3572,Kolkata,DL,2023-06-29,Instagram
3573,Ahmedabad,MH,2023-09-30,Organic
3574,Mumbai,TS,2023-05-24,Referral
3575,Pune,DL,2023-11-02,Referral
3576,Mumbai,GJ,2023-10-03,Organic
3577,Hyderabad,MH,2023-03-28,Referral
3578,Pune,MH,2023-06-15,Organic
3579,Ahmedabad,WB,2023-12-27,Organic
3580,Chennai,TN,2023-05-30,Referral
3581,Bangalore,TS,2023-05-29,Facebook Ads
3582,Chennai,MH,2023-10-21,Google Ads
3583,Ahmedabad,WB,2023-05-17,Instagram
3584,Hyderabad,MH,2023-09-21,Google Ads
3585,Mumbai,TS,2023-12-14,Instagram
3586,Pune,TS,2023-02-18,Instagram
3587,Chennai,TN,2023-03-11,Google Ads
3588,Ahmedabad,GJ,2023-07-30,Organic
3589,Chennai,TS,2023-01-31,Referral
3590,Ahmedabad,DL,2023-05-22,Facebook Ads
3591,Mumbai,TS,2023-12-02,Facebook Ads
3592,Pune,TN,2023-03-06,Facebook Ads
3593,Bangalore,WB,2023-12-26,Google Ads
3594,Mumbai,TN,2023-03-09,Google Ads
3595,Chennai,MH,2023-05-08,Organic
3596,Bangalore,TN,2023-03-16,Facebook Ads
3597,Ahmedabad,MH,2023-12-31,Organic
3598,Bangalore,DL,2023-06-14,Facebook Ads
3599,Ahmedabad,GJ,2023-05-07,Google Ads
3600,Mumbai,MH,2023-12-13,Referral
3601,Chennai,WB,2023-07-21,Referral
3602,Hyderabad,KA,2023-09-08,Referral
3603,Chennai,WB,2023-03-14,Referral
3604,Ahmedabad,DL,2023-10-23,Instagram
3605,Delhi,TS,2023-11-20,Facebook Ads
3606,Pune,TN,2023-05-18,Referral
3607,Kolkata,KA,2023-11-18,Instagram
3608,Hyderabad,DL,2023-08-01,Instagram
3609,Bangalore,MH,2023-07-12,Instagram
3610,Hyderabad,TN,2023-08-20,Organic
3611,Pune,WB,2023-02-08,Organic
3612,Bangalore,MH,2023-11-21,Instagram
3613,Pune,DL,2023-02-17,Referral
3614,Bangalore,DL,2023-07-26,Facebook Ads
3615,Hyderabad,WB,2023-09-21,Google Ads
3616,Bangalore,KA,2023-05-23,Organic
3617,Bangalore,WB,2023-12-22,Referral
3618,Delhi,TS,2023-07-08,Referral
3619,Chennai,MH,2023-08-21,Google Ads
3620,Chennai,KA,2023-09-07,Google Ads
3621,Kolkata,TN,2023-06-17,Referral
3622,Kolkata,MH,2023-10-25,Google Ads
3623,Ahmedabad,TS,2023-01-02,Referral
3624,Ahmedabad,KA,2023-02-17,Google Ads
3625,Ahmedabad,MH,2023-08-23,Google Ads
3626,Delhi,MH,2023-11-22,Referral
3627,Kolkata,MH,2023-12-07,Instagram
3628,Pune,DL,2023-12-24,Referral
3629,Ahmedabad,TN,2023-07-03,Facebook Ads
3630,Ahmedabad,WB,2023-02-02,Google Ads
3631,Hyderabad,MH,2023-10-01,Organic
3632,Mumbai,TS,2023-07-23,Google Ads
3633,Pune,GJ,2023-04-22,Facebook Ads
3634,Ahmedabad,MH,2023-08-08,Organic
3635,Ahmedabad,TS,2023-04-19,Organic
3636,Ahmedabad,MH,2023-09-11,Referral
3637,Mumbai,DL,2023-05-18,Instagram
3638,Mumbai,GJ,2023-06-15,Referral
3639,Delhi,DL,2023-05-26,Organic
3640,Pune,TN,2023-06-22,Organic
3641,Delhi,WB,2023-10-08,Instagram
3642,Bangalore,TN,2023-10-23,Google Ads
3643,Mumbai,DL,2023-03-08,Instagram
3644,Hyderabad,DL,2023-10-17,Referral
3645,Kolkata,TS,2023-09-06,Google Ads
3646,Hyderabad,DL,2023-06-25,Referral
3647,Kolkata,GJ,2023-12-16,Instagram
3648,Mumbai,GJ,2023-01-25,Google Ads
3649,Mumbai,KA,2023-01-24,Instagram
3650,Mumbai,MH,2023-02-20,Facebook Ads
3651,Delhi,MH,2023-11-17,Organic
3652,Pune,DL,2023-08-24,Google Ads
3653,Kolkata,TN,2023-01-09,Organic
3654,Pune,WB,2023-03-05,Facebook Ads
3655,Delhi,MH,2023-03-22,Google Ads
3656,Delhi,MH,2023-08-14,Organic
3657,Chennai,WB,2023-08-22,Organic
3658,Hyderabad,WB,2023-01-01,Google Ads
3659,Hyderabad,MH,2023-08-08,Organic
3660,Bangalore,KA,2023-04-14,Organic
3661,Ahmedabad,TN,2023-12-19,Google Ads
3662,Delhi,KA,2023-03-09,Organic
3663,Kolkata,DL,2023-11-29,Organic
3664,Chennai,MH,2023-06-04,Referral
3665,Chennai,WB,2023-03-23,Referral
3666,Ahmedabad,GJ,2023-05-21,Facebook Ads
3667,Pune,TN,2023-02-17,Referral
3668,Ahmedabad,WB,2023-12-02,Referral
3669,Ahmedabad,KA,2023-07-04,Facebook Ads
3670,Ahmedabad,TS,2023-05-09,Organic
3671,Hyderabad,DL,2023-02-12,Organic
3672,Delhi,MH,2023-07-10,Referral
3673,Bangalore,DL,2023-12-07,Facebook Ads
3674,Delhi,TS,2023-11-29,Organic
3675,Pune,MH,2023-03-26,Instagram
3676,Mumbai,TS,2023-01-27,Google Ads
3677,Ahmedabad,DL,2023-07-22,Google Ads
3678,Delhi,KA,2023-11-17,Google Ads
3679,Pune,MH,2023-06-06,Referral
3680,Mumbai,DL,2023-12-25,Google Ads
3681,Mumbai,DL,2023-04-30,Google Ads
3682,Ahmedabad,DL,2023-08-08,Instagram
3683,Bangalore,TN,2023-12-02,Organic
3684,Kolkata,TS,2023-02-16,Instagram
3685,Hyderabad,GJ,2023-12-27,Referral
3686,Delhi,TS,2023-02-18,Google Ads
3687,Mumbai,WB,2023-01-01,Organic
3688,Delhi,TS,2023-04-20,Google Ads
3689,Kolkata,WB,2023-09-02,Google Ads
3690,Hyderabad,TN,2023-02-09,Referral
3691,Kolkata,KA,2023-03-09,Google Ads
3692,Hyderabad,WB,2023-10-31,Facebook Ads
3693,Chennai,DL,2023-04-26,Organic
3694,Hyderabad,KA,2023-09-23,Organic
3695,Ahmedabad,MH,2023-12-15,Facebook Ads
3696,Bangalore,TN,2023-08-16,Referral
3697,Kolkata,TS,2023-01-05,Google Ads
3698,Mumbai,WB,2023-01-05,Google Ads
3699,Ahmedabad,GJ,2023-12-23,Organic
3700,Chennai,DL,2023-06-25,Referral
3701,Bangalore,MH,2023-03-03,Referral
3702,Delhi,MH,2023-08-05,Referral
3703,Ahmedabad,MH,2023-12-22,Google Ads
3704,Kolkata,KA,2023-03-09,Referral
3705,Pune,TS,2023-09-02,Facebook Ads
3706,Pune,GJ,2023-02-06,Instagram
3707,Mumbai,MH,2023-04-28,Referral
3708,Hyderabad,KA,2023-07-16,Instagram
3709,Mumbai,TN,2023-02-15,Google Ads
3710,Pune,KA,2023-02-22,Referral
3711,Delhi,MH,2023-02-22,Organic
3712,Chennai,GJ,2023-06-10,Google Ads
3713,Chennai,GJ,2023-07-08,Facebook Ads
3714,Kolkata,KA,2023-06-03,Facebook Ads
3715,Chennai,MH,2023-03-12,Instagram
3716,Kolkata,KA,2023-07-15,Instagram
3717,Ahmedabad,GJ,2023-03-10,Organic
3718,Kolkata,GJ,2023-11-25,Organic
3719,Ahmedabad,DL,2023-12-13,Facebook Ads
3720,Kolkata,KA,2023-03-15,Referral
3721,Pune,WB,2023-02-05,Facebook Ads
3722,Pune,KA,2023-09-29,Facebook Ads
3723,Hyderabad,GJ,2023-10-16,Organic
3724,Ahmedabad,DL,2023-01-05,Instagram
3725,Bangalore,DL,2023-11-09,Organic
3726,Ahmedabad,TN,2023-11-29,Organic
3727,Kolkata,MH,2023-03-26,Organic
3728,Kolkata,TS,2023-08-14,Facebook Ads
3729,Bangalore,MH,2023-06-29,Referral
3730,Mumbai,MH,2023-04-20,Facebook Ads
3731,Kolkata,KA,2023-11-18,Google Ads
3732,Hyderabad,TN,2023-03-19,Organic
3733,Chennai,KA,2023-07-30,Organic
3734,Chennai,MH,2023-11-12,Google Ads
3735,Delhi,MH,2023-12-18,Organic
3736,Delhi,GJ,2023-08-15,Organic
3737,Chennai,MH,2023-04-22,Organic
3738,Chennai,MH,2023-02-14,Google Ads
3739,Pune,DL,2023-02-21,Facebook Ads
3740,Hyderabad,GJ,2023-03-13,Organic
3741,Bangalore,TS,2023-03-05,Referral
3742,Delhi,GJ,2023-10-29,Google Ads
3743,Pune,TN,2023-07-16,Instagram
3744,Pune,DL,2023-06-29,Google Ads
3745,Bangalore,TS,2023-08-08,Facebook Ads
3746,Pune,TN,2023-06-11,Google Ads
3747,Ahmedabad,TN,2023-03-13,Instagram
3748,Hyderabad,MH,2023-05-07,Referral
3749,Chennai,DL,2023-05-22,Instagram
3750,Kolkata,TN,2023-11-27,Google Ads
3751,Bangalore,WB,2023-02-13,Instagram
3752,Chennai,MH,2023-05-08,Google Ads
3753,Chennai,TN,2023-10-11,Referral
3754,Mumbai,TS,2023-11-04,Referral
3755,Ahmedabad,MH,2023-11-04,Facebook Ads
3756,Bangalore,KA,2023-11-08,Referral
3757,Pune,MH,2023-05-26,Organic
3758,Kolkata,MH,2023-12-20,Instagram
3759,Bangalore,KA,2023-01-14,Instagram
3760,Pune,DL,2023-12-04,Google Ads
3761,Chennai,DL,2023-06-04,Referral
3762,Kolkata,TN,2023-04-16,Facebook Ads
3763,Pune,WB,2023-09-23,Facebook Ads
3764,Hyderabad,DL,2023-11-07,Facebook Ads
3765,Pune,GJ,2023-09-18,Organic
3766,Mumbai,TN,2023-04-07,Referral
3767,Ahmedabad,MH,2023-07-20,Facebook Ads
3768,Chennai,MH,2023-06-01,Organic
3769,Pune,DL,2023-11-27,Instagram
3770,Ahmedabad,GJ,2023-01-28,Google Ads
3771,Delhi,MH,2023-05-03,Referral
3772,Delhi,MH,2023-09-11,Referral
3773,Ahmedabad,WB,2023-07-17,Instagram
3774,Ahmedabad,DL,2023-02-27,Referral
3775,Mumbai,MH,2023-05-04,Referral
3776,Hyderabad,WB,2023-09-13,Referral
3777,Chennai,WB,2023-11-23,Referral
3778,Bangalore,DL,2023-11-01,Organic
3779,Mumbai,WB,2023-02-06,Organic
3780,Hyderabad,DL,2023-09-28,Google Ads
3781,Ahmedabad,GJ,2023-01-07,Referral
3782,Bangalore,DL,2023-07-04,Instagram
3783,Ahmedabad,KA,2023-06-12,Facebook Ads
3784,Ahmedabad,MH,2023-03-09,Google Ads
3785,Delhi,GJ,2023-07-18,Facebook Ads
3786,Delhi,TS,2023-10-19,Facebook Ads
3787,Bangalore,DL,2023-08-04,Referral
3788,Mumbai,MH,2023-07-07,Instagram
3789,Delhi,MH,2023-10-07,Facebook Ads
3790,Chennai,WB,2023-12-16,Facebook Ads
3791,Ahmedabad,TN,2023-03-30,Google Ads
3792,Kolkata,DL,2023-08-30,Instagram
3793,Pune,WB,2023-02-07,Instagram
3794,Bangalore,WB,2023-01-09,Facebook Ads
3795,Bangalore,WB,2023-10-28,Instagram
3796,Delhi,WB,2023-02-04,Google Ads
3797,Mumbai,WB,2023-01-08,Google Ads
3798,Ahmedabad,DL,2023-05-15,Google Ads
3799,Chennai,MH,2023-04-21,Referral
3800,Mumbai,TS,2023-01-21,Facebook Ads
3801,Hyderabad,KA,2023-01-31,Instagram
3802,Hyderabad,WB,2023-07-23,Google Ads
3803,Kolkata,WB,2023-09-17,Facebook Ads
3804,Delhi,KA,2023-05-27,Facebook Ads
3805,Delhi,MH,2023-11-18,Referral
3806,Delhi,GJ,2023-12-31,Instagram
3807,Kolkata,MH,2023-09-14,Instagram
3808,Hyderabad,GJ,2023-08-01,Google Ads
3809,Mumbai,DL,2023-08-05,Google Ads
3810,Kolkata,MH,2023-12-26,Facebook Ads
3811,Kolkata,TN,2023-07-25,Instagram
3812,Mumbai,TN,2023-02-12,Instagram
3813,Delhi,MH,2023-11-24,Google Ads
3814,Chennai,DL,2023-10-02,Organic
3815,Mumbai,TN,2023-10-03,Facebook Ads
3816,Hyderabad,MH,2023-11-12,Instagram
3817,Bangalore,KA,2023-03-20,Referral
3818,Ahmedabad,MH,2023-05-23,Referral
3819,Bangalore,MH,2023-02-12,Organic
3820,Pune,TS,2023-06-08,Google Ads
3821,Pune,DL,2023-02-10,Google Ads
3822,Kolkata,MH,2023-09-19,Google Ads
3823,Ahmedabad,TN,2023-04-15,Referral
3824,Bangalore,DL,2023-03-21,Google Ads
3825,Chennai,KA,2023-10-02,Referral
3826,Delhi,DL,2023-06-17,Organic
3827,Hyderabad,DL,2023-07-20,Facebook Ads
3828,Pune,KA,2023-10-28,Instagram
3829,Chennai,WB,2023-11-21,Organic
3830,Hyderabad,KA,2023-11-29,Referral
3831,Hyderabad,MH,2023-12-15,Organic
3832,Delhi,DL,2023-11-26,Instagram
3833,Ahmedabad,GJ,2023-02-03,Facebook Ads
3834,Kolkata,KA,2023-06-08,Instagram
3835,Bangalore,WB,2023-12-24,Referral
3836,Delhi,MH,2023-08-12,Instagram
3837,Chennai,GJ,2023-05-03,Organic
3838,Kolkata,GJ,2023-01-30,Google Ads
3839,Chennai,MH,2023-05-06,Organic
3840,Kolkata,KA,2023-02-14,Referral
3841,Ahmedabad,KA,2023-08-11,Facebook Ads
3842,Pune,DL,2023-03-01,Instagram
3843,Chennai,MH,2023-08-21,Facebook Ads
3844,Delhi,MH,2023-11-10,Referral
3845,Kolkata,TS,2023-11-08,Instagram
3846,Kolkata,TS,2023-01-29,Organic
3847,Hyderabad,TN,2023-06-08,Organic
3848,Hyderabad,KA,2023-12-08,Referral
3849,Mumbai,KA,2023-12-03,Instagram
3850,Chennai,MH,2023-03-31,Organic
3851,Hyderabad,WB,2023-03-03,Referral
3852,Mumbai,TS,2023-01-07,Referral
3853,Pune,TN,2023-12-29,Facebook Ads
3854,Pune,MH,2023-03-12,Organic
3855,Hyderabad,KA,2023-12-26,Instagram
3856,Chennai,TS,2023-01-06,Organic
3857,Kolkata,MH,2023-03-25,Organic
3858,Bangalore,TN,2023-09-12,Organic
3859,Ahmedabad,DL,2023-06-27,Referral
3860,Chennai,TS,2023-09-25,Google Ads
3861,Ahmedabad,TN,2023-09-22,Google Ads
3862,Delhi,MH,2023-05-13,Facebook Ads
3863,Pune,DL,2023-03-27,Organic
3864,Hyderabad,TN,2023-07-10,Google Ads
3865,Hyderabad,TN,2023-03-06,Facebook Ads
3866,Ahmedabad,GJ,2023-05-18,Referral
3867,Kolkata,GJ,2023-03-02,Organic
3868,Ahmedabad,GJ,2023-01-16,Instagram
3869,Delhi,KA,2023-06-21,Referral
3870,Kolkata,WB,2023-08-08,Facebook Ads
3871,Delhi,TS,2023-05-20,Referral
3872,Bangalore,KA,2023-09-26,Instagram
3873,Pune,MH,2023-02-02,Referral
3874,Hyderabad,DL,2023-05-15,Facebook Ads
3875,Hyderabad,WB,2023-12-31,Instagram
3876,Bangalore,TN,2023-10-23,Instagram
3877,Mumbai,KA,2023-11-18,Referral
3878,Pune,GJ,2023-02-09,Instagram
3879,Kolkata,WB,2023-09-12,Referral
3880,Bangalore,MH,2023-08-22,Organic
3881,Kolkata,TS,2023-09-19,Instagram
3882,Ahmedabad,MH,2023-07-04,Referral
3883,Chennai,DL,2023-01-29,Organic
3884,Hyderabad,MH,2023-09-13,Instagram
3885,Kolkata,KA,2023-10-18,Organic
3886,Delhi,GJ,2023-03-27,Instagram
3887,Kolkata,DL,2023-07-08,Facebook Ads
3888,Chennai,MH,2023-03-22,Facebook Ads
3889,Pune,GJ,2023-05-11,Referral
3890,Hyderabad,GJ,2023-02-22,Google Ads
3891,Ahmedabad,GJ,2023-10-21,Facebook Ads
3892,Bangalore,KA,2023-12-12,Google Ads
3893,Ahmedabad,DL,2023-03-01,Organic
3894,Chennai,GJ,2023-04-27,Organic
3895,Hyderabad,MH,2023-09-18,Google Ads
3896,Kolkata,DL,2023-01-02,Referral
3897,Pune,WB,2023-01-23,Instagram
3898,Mumbai,MH,2023-01-07,Google Ads
3899,Pune,KA,2023-05-06,Google Ads
3900,Mumbai,GJ,2023-01-24,Google Ads
3901,Delhi,DL,2023-08-30,Google Ads
3902,Pune,TN,2023-07-06,Google Ads
3903,Hyderabad,KA,2023-07-16,Referral
3904,Mumbai,DL,2023-03-18,Facebook Ads
3905,Bangalore,WB,2023-04-02,Instagram
3906,Hyderabad,GJ,2023-01-19,Facebook Ads
3907,Bangalore,MH,2023-10-11,Google Ads
3908,Pune,GJ,2024-01-01,Facebook Ads
3909,Bangalore,MH,2023-12-02,Referral
3910,Mumbai,TN,2023-08-03,Organic
3911,Hyderabad,KA,2023-04-25,Facebook Ads
3912,Kolkata,WB,2023-06-14,Instagram
3913,Chennai,DL,2023-05-08,Referral
3914,Mumbai,DL,2023-08-02,Organic
3915,Mumbai,MH,2023-06-13,Referral
3916,Kolkata,WB,2023-05-19,Google Ads
3917,Hyderabad,MH,2023-02-09,Organic
3918,Hyderabad,TN,2023-10-20,Instagram
3919,Ahmedabad,MH,2023-07-10,Organic
3920,Pune,MH,2023-03-03,Instagram
3921,Bangalore,TN,2023-09-15,Google Ads
3922,Pune,KA,2023-12-11,Instagram
3923,Kolkata,DL,2023-01-27,Referral
3924,Pune,KA,2023-04-02,Facebook Ads
3925,Kolkata,WB,2023-04-25,Referral
3926,Hyderabad,MH,2023-09-22,Referral
3927,Bangalore,GJ,2023-01-24,Organic
3928,Pune,TS,2023-07-25,Google Ads
3929,Mumbai,TS,2023-02-05,Facebook Ads
3930,Delhi,TS,2023-08-27,Instagram
3931,Ahmedabad,TN,2023-05-25,Organic
3932,Chennai,MH,2023-06-09,Google Ads
3933,Mumbai,MH,2023-06-17,Facebook Ads
3934,Hyderabad,KA,2023-02-14,Referral
3935,Chennai,GJ,2023-10-11,Google Ads
3936,Delhi,DL,2023-08-22,Google Ads
3937,Delhi,TS,2023-01-05,Google Ads
3938,Bangalore,KA,2023-07-08,Referral
3939,Chennai,TS,2023-04-13,Instagram
3940,Bangalore,MH,2023-05-30,Organic
3941,Mumbai,TS,2023-10-16,Instagram
3942,Kolkata,DL,2023-06-05,Facebook Ads
3943,Kolkata,GJ,2023-11-15,Organic
3944,Kolkata,WB,2023-05-05,Facebook Ads
3945,Chennai,WB,2023-08-26,Referral
3946,Kolkata,MH,2023-07-08,Instagram
3947,Mumbai,WB,2023-10-30,Google Ads
3948,Bangalore,TN,2023-09-10,Organic
3949,Chennai,MH,2023-04-11,Google Ads
3950,Bangalore,TN,2023-10-07,Facebook Ads
3951,Chennai,KA,2023-05-06,Google Ads
3952,Bangalore,TN,2023-03-19,Google Ads
3953,Delhi,KA,2023-01-04,Referral
3954,Bangalore,KA,2023-07-29,Referral
3955,Kolkata,MH,2023-01-13,Instagram
3956,Delhi,DL,2023-04-30,Facebook Ads
3957,Bangalore,GJ,2023-10-05,Referral
3958,Chennai,MH,2023-06-27,Referral
3959,Chennai,MH,2023-11-22,Instagram
3960,Ahmedabad,MH,2023-12-22,Organic
3961,Chennai,WB,2023-01-05,Instagram
3962,Hyderabad,WB,2023-06-21,Google Ads
3963,Mumbai,TN,2023-01-01,Google Ads
3964,Chennai,KA,2023-12-03,Referral
3965,Delhi,TS,2023-07-12,Referral
3966,Ahmedabad,TS,2023-06-07,Instagram
3967,Chennai,MH,2023-02-23,Instagram
3968,Hyderabad,KA,2023-04-16,Facebook Ads
3969,Kolkata,MH,2023-09-29,Google Ads
3970,Delhi,MH,2023-05-02,Instagram
3971,Hyderabad,DL,2023-08-03,Organic
3972,Kolkata,GJ,2023-09-09,Facebook Ads
3973,Pune,MH,2023-01-31,Instagram
3974,Pune,KA,2023-03-14,Referral
3975,Delhi,KA,2023-12-31,Instagram
3976,Bangalore,DL,2023-05-24,Referral
3977,Mumbai,MH,2023-02-17,Referral
3978,Ahmedabad,TN,2023-01-23,Google Ads
3979,Mumbai,TN,2023-04-29,Google Ads
3980,Hyderabad,DL,2023-09-24,Instagram
3981,Kolkata,TN,2023-07-31,Instagram
3982,Mumbai,TS,2023-12-25,Organic
3983,Kolkata,TN,2023-07-10,Facebook Ads
3984,Kolkata,TN,2023-08-23,Facebook Ads
3985,Hyderabad,TN,2023-02-13,Instagram
3986,Hyderabad,TS,2023-10-25,Google Ads
3987,Hyderabad,MH,2023-02-18,Organic
3988,Mumbai,TN,2023-09-16,Facebook Ads
3989,Pune,WB,2023-03-10,Instagram
3990,Hyderabad,TS,2023-11-23,Google Ads
3991,Ahmedabad,DL,2023-07-21,Google Ads
3992,Mumbai,MH,2023-02-08,Google Ads
3993,Hyderabad,DL,2023-10-31,Referral
3994,Chennai,MH,2023-10-18,Google Ads
3995,Kolkata,GJ,2023-02-01,Instagram
3996,Ahmedabad,DL,2023-08-11,Organic
3997,Hyderabad,WB,2023-12-06,Instagram
3998,Delhi,MH,2023-03-08,Google Ads
3999,Kolkata,MH,2023-05-02,Organic
4000,Kolkata,KA,2023-05-30,Facebook Ads
4001,Hyderabad,MH,2023-05-14,Facebook Ads
4002,Pune,MH,2023-06-11,Instagram
4003,Bangalore,KA,2023-07-21,Organic
4004,Pune,TN,2023-12-25,Instagram
4005,Hyderabad,TN,2023-06-17,Organic
4006,Kolkata,KA,2023-06-12,Organic
4007,Ahmedabad,TS,2023-08-20,Instagram
4008,Delhi,GJ,2023-05-20,Organic
4009,Ahmedabad,MH,2023-04-30,Google Ads
4010,Ahmedabad,MH,2023-02-08,Organic
4011,Kolkata,KA,2023-04-14,Organic
4012,Pune,KA,2023-03-11,Instagram
4013,Delhi,TS,2023-10-27,Facebook Ads
4014,Mumbai,WB,2023-02-25,Referral
4015,Chennai,TN,2023-03-21,Organic
4016,Kolkata,DL,2023-02-24,Referral
4017,Hyderabad,WB,2023-03-26,Organic
4018,Mumbai,MH,2023-08-19,Instagram
4019,Chennai,TN,2023-08-27,Instagram
4020,Hyderabad,MH,2023-06-10,Organic
4021,Ahmedabad,MH,2023-07-28,Instagram
4022,Bangalore,WB,2023-03-03,Instagram
4023,Hyderabad,KA,2023-10-02,Organic
4024,Delhi,TS,2023-07-03,Facebook Ads
4025,Delhi,TN,2023-04-17,Organic
4026,Bangalore,TS,2023-08-20,Facebook Ads
4027,Mumbai,MH,2023-06-07,Instagram
4028,Chennai,TN,2023-08-26,Facebook Ads
4029,Hyderabad,GJ,2023-05-16,Instagram
4030,Delhi,GJ,2023-03-03,Facebook Ads
4031,Mumbai,WB,2023-02-16,Facebook Ads
4032,Bangalore,MH,2023-03-22,Organic
4033,Pune,GJ,2023-12-18,Facebook Ads
4034,Kolkata,GJ,2023-06-05,Instagram
4035,Pune,DL,2023-12-27,Organic
4036,Pune,TS,2023-12-23,Facebook Ads
4037,Delhi,TS,2023-11-05,Organic
4038,Ahmedabad,GJ,2023-01-21,Referral
4039,Ahmedabad,DL,2023-04-21,Organic
4040,Bangalore,TS,2023-06-17,Referral
4041,Hyderabad,TS,2023-03-17,Referral
4042,Ahmedabad,TN,2023-02-16,Organic
4043,Pune,TN,2023-12-31,Instagram
4044,Ahmedabad,DL,2023-05-08,Instagram
4045,Pune,MH,2023-07-02,Instagram
4046,Chennai,MH,2023-07-22,Google Ads
4047,Delhi,WB,2023-09-20,Referral
4048,Delhi,GJ,2023-01-26,Organic
4049,Hyderabad,GJ,2023-12-13,Instagram
4050,Ahmedabad,WB,2023-06-03,Instagram
4051,Ahmedabad,GJ,2023-05-14,Organic
4052,Kolkata,GJ,2023-03-31,Referral
4053,Mumbai,MH,2023-01-16,Organic
4054,Chennai,TS,2023-07-27,Google Ads
4055,Delhi,MH,2023-08-20,Google Ads
4056,Chennai,GJ,2023-10-12,Organic
4057,Delhi,DL,2023-10-09,Referral
4058,Chennai,MH,2023-05-08,Instagram
4059,Bangalore,GJ,2023-02-18,Google Ads
4060,Pune,DL,2023-08-25,Google Ads
4061,Delhi,TN,2023-02-22,Referral
4062,Chennai,TS,2023-03-13,Google Ads
4063,Ahmedabad,KA,2023-03-04,Google Ads
4064,Mumbai,GJ,2023-01-07,Referral
4065,Bangalore,DL,2023-02-01,Organic
4066,Bangalore,MH,2023-04-24,Instagram
4067,Mumbai,TS,2023-03-08,Instagram
4068,Chennai,MH,2023-04-12,Google Ads
4069,Ahmedabad,MH,2023-07-25,Instagram
4070,Hyderabad,TN,2023-07-10,Organic
4071,Mumbai,WB,2023-12-18,Google Ads
4072,Chennai,GJ,2023-11-19,Instagram
4073,Mumbai,MH,2023-11-27,Facebook Ads
4074,Mumbai,DL,2023-02-13,Facebook Ads
4075,Delhi,GJ,2023-10-26,Facebook Ads
4076,Chennai,DL,2023-10-28,Facebook Ads
4077,Hyderabad,MH,2023-05-13,Facebook Ads
4078,Pune,DL,2023-02-08,Google Ads
4079,Delhi,MH,2023-01-12,Referral
4080,Mumbai,TS,2023-02-03,Referral
4081,Pune,DL,2023-04-12,Google Ads
4082,Kolkata,TN,2023-11-27,Google Ads
4083,Pune,TS,2023-08-16,Organic
4084,Mumbai,MH,2023-03-07,Referral
4085,Mumbai,GJ,2023-02-17,Facebook Ads
4086,Ahmedabad,KA,2023-06-19,Google Ads
4087,Chennai,GJ,2023-03-04,Facebook Ads
4088,Chennai,DL,2023-01-22,Referral
4089,Delhi,DL,2023-08-25,Instagram
4090,Hyderabad,TN,2023-01-26,Instagram
4091,Delhi,MH,2023-03-28,Google Ads
4092,Bangalore,TN,2023-10-21,Organic
4093,Mumbai,WB,2023-08-10,Facebook Ads
4094,Pune,MH,2023-07-22,Google Ads
4095,Kolkata,MH,2023-09-12,Organic
4096,Mumbai,MH,2023-01-16,Facebook Ads
4097,Mumbai,MH,2023-07-15,Referral
4098,Delhi,TN,2023-12-16,Instagram
4099,Kolkata,MH,2023-08-07,Organic
4100,Kolkata,MH,2023-03-30,Facebook Ads
4101,Kolkata,MH,2023-07-01,Google Ads
4102,Delhi,KA,2023-04-20,Facebook Ads
4103,Mumbai,MH,2023-04-06,Google Ads
4104,Delhi,DL,2023-05-21,Instagram
4105,Chennai,WB,2023-05-24,Instagram
4106,Chennai,TN,2023-08-17,Facebook Ads
4107,Delhi,TS,2023-03-18,Facebook Ads
4108,Kolkata,WB,2023-01-18,Google Ads
4109,Ahmedabad,KA,2023-11-11,Google Ads
4110,Mumbai,TN,2023-11-14,Organic
4111,Delhi,MH,2023-11-12,Organic
4112,Delhi,GJ,2023-05-06,Organic
4113,Delhi,TN,2023-11-28,Facebook Ads
4114,Ahmedabad,DL,2023-06-01,Organic
4115,Ahmedabad,MH,2023-09-13,Facebook Ads
4116,Bangalore,WB,2023-07-30,Instagram
4117,Chennai,WB,2023-10-09,Referral
4118,Pune,MH,2023-09-03,Instagram
4119,Kolkata,MH,2023-02-01,Facebook Ads
4120,Hyderabad,GJ,2023-02-14,Facebook Ads
4121,Ahmedabad,DL,2023-05-24,Referral
4122,Pune,MH,2023-07-16,Google Ads
4123,Ahmedabad,MH,2023-03-12,Google Ads
4124,Kolkata,GJ,2023-08-03,Google Ads
4125,Hyderabad,TN,2023-04-13,Organic
4126,Bangalore,WB,2023-11-26,Google Ads
4127,Delhi,MH,2023-09-27,Organic
4128,Bangalore,KA,2023-05-08,Organic
4129,Ahmedabad,KA,2023-11-19,Google Ads
4130,Bangalore,WB,2023-10-06,Google Ads
4131,Pune,KA,2023-01-10,Referral
4132,Mumbai,GJ,2023-07-15,Referral
4133,Ahmedabad,TN,2024-01-01,Organic
4134,Ahmedabad,DL,2023-07-03,Referral
4135,Pune,TS,2023-09-03,Organic
4136,Chennai,MH,2023-10-06,Facebook Ads
4137,Hyderabad,TS,2023-09-06,Organic
4138,Delhi,DL,2023-06-26,Organic
4139,Pune,DL,2023-10-17,Referral
4140,Hyderabad,GJ,2023-09-15,Facebook Ads
4141,Kolkata,TN,2023-06-14,Instagram
4142,Hyderabad,KA,2023-07-18,Instagram
4143,Kolkata,KA,2023-05-19,Instagram
4144,Pune,GJ,2023-04-03,Facebook Ads
4145,Ahmedabad,DL,2023-01-14,Google Ads
4146,Ahmedabad,TN,2023-06-13,Facebook Ads
4147,Chennai,TN,2023-11-02,Referral
4148,Pune,WB,2023-04-23,Organic
4149,Kolkata,MH,2023-01-16,Organic
4150,Hyderabad,MH,2023-05-24,Referral
4151,Hyderabad,GJ,2023-01-30,Referral
4152,Kolkata,MH,2023-08-30,Organic
4153,Bangalore,GJ,2023-09-29,Google Ads
4154,Chennai,KA,2023-07-03,Google Ads
4155,Mumbai,DL,2023-10-27,Google Ads
4156,Ahmedabad,GJ,2023-04-30,Referral
4157,Delhi,GJ,2023-03-23,Organic
4158,Hyderabad,WB,2023-02-21,Organic
4159,Delhi,TS,2023-05-07,Organic
4160,Mumbai,KA,2023-12-03,Facebook Ads
4161,Pune,MH,2023-05-04,Facebook Ads
4162,Delhi,TN,2023-05-17,Instagram
4163,Mumbai,DL,2023-10-01,Facebook Ads
4164,Ahmedabad,KA,2023-01-29,Google Ads
4165,Kolkata,TS,2023-04-23,Google Ads
4166,Bangalore,GJ,2023-10-22,Google Ads
4167,Ahmedabad,MH,2023-07-18,Google Ads
4168,Hyderabad,GJ,2023-07-01,Instagram
4169,Mumbai,MH,2023-03-30,Google Ads
4170,Delhi,WB,2023-04-01,Referral
4171,Hyderabad,GJ,2023-05-02,Referral
4172,Bangalore,KA,2023-10-31,Referral
4173,Kolkata,TS,2023-06-12,Facebook Ads
4174,Pune,MH,2023-12-24,Organic
4175,Hyderabad,DL,2023-07-03,Instagram
4176,Pune,MH,2023-10-30,Referral
4177,Mumbai,TS,2023-01-15,Referral
4178,Bangalore,TN,2023-12-27,Google Ads
4179,Delhi,TN,2023-12-25,Referral
4180,Bangalore,WB,2023-06-30,Google Ads
4181,Bangalore,KA,2023-10-18,Google Ads
4182,Chennai,TS,2023-10-16,Organic
4183,Bangalore,WB,2023-03-14,Facebook Ads
4184,Bangalore,MH,2023-10-16,Google Ads
4185,Ahmedabad,MH,2023-04-07,Google Ads
4186,Hyderabad,MH,2023-09-10,Organic
4187,Delhi,MH,2023-10-05,Google Ads
4188,Ahmedabad,TN,2023-06-08,Instagram
4189,Ahmedabad,WB,2023-03-31,Facebook Ads
4190,Hyderabad,TN,2023-09-09,Instagram
4191,Hyderabad,DL,2023-01-20,Referral
4192,Mumbai,MH,2023-02-16,Facebook Ads
4193,Hyderabad,MH,2023-01-29,Referral
4194,Chennai,TN,2023-04-30,Google Ads
4195,Chennai,DL,2023-11-05,Organic
4196,Ahmedabad,MH,2023-04-23,Instagram
4197,Pune,WB,2023-01-11,Referral
4198,Mumbai,DL,2023-09-27,Google Ads
4199,Pune,WB,2023-09-02,Instagram
4200,Pune,MH,2023-01-01,Instagram
4201,Ahmedabad,WB,2023-06-19,Referral
4202,Kolkata,MH,2023-11-11,Google Ads
4203,Ahmedabad,DL,2023-04-14,Organic
4204,Delhi,MH,2023-03-08,Referral
4205,Delhi,GJ,2023-06-24,Instagram
4206,Hyderabad,KA,2023-04-01,Instagram
4207,Hyderabad,MH,2023-06-15,Facebook Ads
4208,Kolkata,TN,2023-01-31,Google Ads
4209,Hyderabad,DL,2023-01-12,Facebook Ads
4210,Delhi,GJ,2023-03-17,Organic
4211,Pune,MH,2023-10-28,Referral
4212,Ahmedabad,WB,2023-12-27,Instagram
4213,Bangalore,GJ,2023-03-14,Google Ads
4214,Chennai,TS,2023-02-26,Instagram
4215,Bangalore,GJ,2023-09-27,Facebook Ads
4216,Bangalore,DL,2023-07-06,Facebook Ads
4217,Delhi,GJ,2023-02-07,Referral
4218,Bangalore,GJ,2023-07-11,Google Ads
4219,Ahmedabad,TN,2023-12-27,Google Ads
4220,Kolkata,MH,2023-12-06,Referral
4221,Mumbai,WB,2023-07-22,Facebook Ads
4222,Hyderabad,KA,2023-10-28,Facebook Ads
4223,Mumbai,MH,2023-02-21,Facebook Ads
4224,Pune,KA,2023-06-22,Instagram
4225,Ahmedabad,GJ,2023-06-04,Organic
4226,Ahmedabad,TS,2023-06-15,Facebook Ads
4227,Chennai,DL,2023-03-11,Organic
4228,Ahmedabad,WB,2023-03-22,Organic
4229,Hyderabad,DL,2023-08-12,Google Ads
4230,Ahmedabad,TN,2023-11-24,Referral
4231,Bangalore,DL,2023-09-07,Instagram
4232,Chennai,MH,2023-11-29,Organic
4233,Hyderabad,TS,2023-06-12,Instagram
4234,Kolkata,KA,2023-03-31,Google Ads
4235,Kolkata,GJ,2023-12-29,Facebook Ads
4236,Kolkata,GJ,2023-10-15,Organic
4237,Kolkata,TS,2023-12-22,Referral
4238,Bangalore,WB,2023-11-11,Google Ads
4239,Ahmedabad,DL,2023-07-02,Instagram
4240,Mumbai,WB,2023-04-25,Facebook Ads
4241,Hyderabad,KA,2023-12-07,Instagram
4242,Bangalore,WB,2023-10-29,Referral
4243,Kolkata,TN,2023-03-31,Organic
4244,Pune,TS,2023-07-13,Referral
4245,Ahmedabad,KA,2023-06-07,Instagram
4246,Mumbai,KA,2023-12-19,Instagram
4247,Pune,MH,2023-05-31,Referral
4248,Chennai,KA,2023-03-07,Referral
4249,Pune,MH,2023-04-01,Referral
4250,Chennai,MH,2023-01-01,Facebook Ads
4251,Chennai,GJ,2023-12-26,Instagram
4252,Kolkata,MH,2023-10-21,Google Ads
4253,Chennai,TS,2023-07-20,Facebook Ads
4254,Delhi,WB,2023-10-18,Facebook Ads
4255,Hyderabad,MH,2023-01-17,Facebook Ads
4256,Hyderabad,KA,2023-04-04,Google Ads
4257,Kolkata,TS,2023-11-05,Referral
4258,Delhi,MH,2023-06-12,Instagram
4259,Pune,MH,2023-11-10,Organic
4260,Bangalore,KA,2023-04-24,Organic
4261,Pune,TN,2023-11-24,Instagram
4262,Ahmedabad,TN,2023-10-17,Google Ads
4263,Bangalore,MH,2023-02-23,Organic
4264,Chennai,TN,2023-09-12,Facebook Ads
4265,Mumbai,DL,2023-03-14,Organic
4266,Bangalore,KA,2023-06-19,Instagram
4267,Mumbai,DL,2023-02-09,Facebook Ads
4268,Hyderabad,TS,2023-05-02,Organic
4269,Mumbai,DL,2023-06-27,Instagram
4270,Hyderabad,TS,2023-06-13,Google Ads
4271,Delhi,MH,2023-03-27,Instagram
4272,Delhi,TS,2023-11-22,Google Ads
4273,Kolkata,TS,2023-02-15,Facebook Ads
4274,Kolkata,WB,2023-12-29,Instagram
4275,Chennai,DL,2023-12-10,Referral
4276,Bangalore,WB,2023-11-24,Referral
4277,Chennai,MH,2023-06-21,Referral
4278,Hyderabad,KA,2023-08-17,Referral
4279,Chennai,DL,2023-01-06,Referral
4280,Mumbai,KA,2023-05-16,Google Ads
4281,Hyderabad,KA,2023-04-18,Instagram
4282,Kolkata,TS,2023-05-08,Facebook Ads
4283,Delhi,GJ,2023-12-21,Referral
4284,Kolkata,DL,2023-02-04,Referral
4285,Bangalore,KA,2023-06-29,Facebook Ads
4286,Hyderabad,GJ,2023-05-12,Facebook Ads
4287,Hyderabad,TN,2023-02-25,Referral
4288,Mumbai,KA,2023-01-01,Google Ads
4289,Bangalore,TN,2023-01-25,Facebook Ads
4290,Delhi,DL,2023-07-17,Instagram
4291,Pune,MH,2023-08-13,Instagram
4292,Hyderabad,WB,2023-08-03,Google Ads
4293,Hyderabad,DL,2023-03-27,Organic
4294,Mumbai,WB,2023-07-31,Google Ads
4295,Chennai,WB,2023-09-10,Referral
4296,Ahmedabad,DL,2023-07-13,Organic
4297,Delhi,KA,2023-06-29,Referral
4298,Kolkata,MH,2023-10-07,Instagram
4299,Bangalore,KA,2023-07-12,Facebook Ads
4300,Hyderabad,KA,2023-02-21,Referral
4301,Hyderabad,MH,2023-09-03,Instagram
4302,Kolkata,TS,2023-10-23,Google Ads
4303,Delhi,TS,2023-11-30,Referral
4304,Ahmedabad,KA,2023-12-18,Instagram
4305,Chennai,TN,2023-04-26,Facebook Ads
4306,Hyderabad,MH,2023-03-25,Referral
4307,Ahmedabad,WB,2023-08-20,Instagram
4308,Delhi,GJ,2023-02-07,Referral
4309,Kolkata,TS,2023-01-18,Facebook Ads
4310,Mumbai,KA,2023-05-31,Referral
4311,Chennai,MH,2023-01-11,Referral
4312,Bangalore,MH,2023-06-13,Instagram
4313,Hyderabad,TN,2023-05-14,Organic
4314,Delhi,DL,2023-02-23,Referral
4315,Mumbai,KA,2023-02-07,Organic
4316,Bangalore,MH,2023-06-25,Google Ads
4317,Pune,KA,2023-03-29,Referral
4318,Delhi,GJ,2023-07-12,Organic
4319,Delhi,WB,2023-03-24,Google Ads
4320,Bangalore,TN,2023-02-08,Instagram
4321,Mumbai,TS,2023-10-08,Referral
4322,Pune,TS,2023-02-17,Instagram
4323,Ahmedabad,TS,2023-06-23,Google Ads
4324,Ahmedabad,GJ,2023-11-01,Instagram
4325,Kolkata,DL,2023-11-11,Instagram
4326,Mumbai,MH,2023-09-05,Facebook Ads
4327,Chennai,TN,2023-12-27,Google Ads
4328,Hyderabad,TN,2023-01-16,Instagram
4329,Bangalore,TS,2023-08-09,Organic
4330,Kolkata,TS,2023-12-01,Google Ads
4331,Pune,WB,2023-03-26,Facebook Ads
4332,Bangalore,GJ,2023-11-07,Referral
4333,Bangalore,MH,2023-08-11,Instagram
4334,Mumbai,MH,2023-03-22,Organic
4335,Hyderabad,KA,2023-01-28,Facebook Ads
4336,Chennai,KA,2023-02-21,Google Ads
4337,Ahmedabad,TN,2023-06-19,Instagram
4338,Delhi,TN,2023-04-16,Facebook Ads
4339,Delhi,DL,2023-04-08,Facebook Ads
4340,Bangalore,DL,2023-07-29,Organic
4341,Ahmedabad,MH,2023-12-23,Referral
4342,Ahmedabad,GJ,2023-10-11,Referral
4343,Hyderabad,KA,2023-10-04,Referral
4344,Pune,MH,2023-05-16,Google Ads
4345,Pune,GJ,2023-12-05,Facebook Ads
4346,Kolkata,MH,2023-05-25,Google Ads
4347,Mumbai,KA,2023-06-02,Facebook Ads
4348,Hyderabad,MH,2023-05-02,Organic
4349,Hyderabad,DL,2023-02-19,Organic
4350,Mumbai,WB,2023-01-26,Google Ads
4351,Ahmedabad,WB,2023-07-21,Google Ads
4352,Pune,WB,2023-10-20,Organic
4353,Pune,KA,2023-10-09,Instagram
4354,Ahmedabad,TS,2023-09-09,Referral
4355,Pune,TS,2023-03-20,Referral
4356,Bangalore,TS,2023-01-28,Organic
4357,Hyderabad,TN,2023-07-04,Referral
4358,Delhi,DL,2023-01-02,Instagram
4359,Mumbai,DL,2023-08-07,Instagram
4360,Pune,MH,2023-02-14,Facebook Ads
4361,Kolkata,MH,2023-05-31,Google Ads
4362,Pune,TN,2023-12-05,Referral
4363,Pune,MH,2023-11-17,Instagram
4364,Chennai,GJ,2023-11-04,Google Ads
4365,Bangalore,MH,2023-09-03,Google Ads
4366,Mumbai,WB,2023-04-13,Facebook Ads
4367,Chennai,TS,2023-02-19,Google Ads
4368,Chennai,WB,2023-01-14,Google Ads
4369,Kolkata,TS,2023-04-16,Organic
4370,Hyderabad,WB,2023-03-29,Facebook Ads
4371,Kolkata,MH,2023-11-23,Facebook Ads
4372,Hyderabad,GJ,2023-05-30,Referral
4373,Hyderabad,WB,2023-02-11,Google Ads
4374,Mumbai,WB,2023-08-31,Referral
4375,Pune,KA,2023-03-01,Instagram
4376,Mumbai,GJ,2023-06-07,Google Ads
4377,Bangalore,WB,2023-07-23,Instagram
4378,Hyderabad,KA,2023-08-30,Organic
4379,Chennai,DL,2023-09-08,Google Ads
4380,Pune,GJ,2023-12-05,Referral
4381,Delhi,TN,2023-05-16,Referral
4382,Bangalore,GJ,2023-02-16,Google Ads
4383,Mumbai,GJ,2023-11-25,Referral
4384,Kolkata,WB,2023-10-06,Google Ads
4385,Bangalore,DL,2023-07-18,Facebook Ads
4386,Bangalore,GJ,2023-04-05,Referral
4387,Pune,MH,2023-07-09,Google Ads
4388,Bangalore,MH,2023-07-15,Google Ads
4389,Bangalore,KA,2023-07-09,Referral
4390,Delhi,WB,2023-04-06,Facebook Ads
4391,Ahmedabad,WB,2023-08-17,Referral
4392,Kolkata,GJ,2023-01-23,Google Ads
4393,Kolkata,MH,2023-05-15,Facebook Ads
4394,Kolkata,DL,2023-08-14,Instagram
4395,Hyderabad,TS,2023-08-27,Organic
4396,Chennai,TS,2023-05-15,Referral
4397,Ahmedabad,MH,2023-04-26,Google Ads
4398,Kolkata,KA,2023-05-18,Facebook Ads
4399,Bangalore,TS,2023-10-16,Facebook Ads
4400,Bangalore,GJ,2023-02-01,Instagram
4401,Kolkata,TS,2023-03-19,Referral
4402,Pune,MH,2023-12-23,Facebook Ads
4403,Kolkata,MH,2023-12-08,Instagram
4404,Bangalore,TN,2023-02-19,Google Ads
4405,Hyderabad,DL,2023-02-13,Instagram
4406,Mumbai,KA,2023-12-09,Referral
4407,Mumbai,WB,2023-06-26,Instagram
4408,Ahmedabad,DL,2023-10-05,Facebook Ads
4409,Ahmedabad,KA,2023-07-31,Facebook Ads
4410,Kolkata,TS,2023-10-29,Organic
4411,Delhi,TN,2023-04-27,Instagram
4412,Kolkata,DL,2023-10-11,Google Ads
4413,Pune,TS,2023-02-01,Referral
4414,Kolkata,KA,2023-07-18,Organic
4415,Ahmedabad,DL,2023-09-25,Instagram
4416,Mumbai,WB,2023-08-03,Google Ads
4417,Bangalore,DL,2023-10-02,Organic
4418,Kolkata,TS,2023-12-18,Facebook Ads
4419,Bangalore,GJ,2023-09-01,Referral
4420,Bangalore,GJ,2023-10-21,Instagram
4421,Delhi,DL,2023-05-01,Google Ads
4422,Bangalore,WB,2023-09-01,Facebook Ads
4423,Mumbai,TN,2023-06-03,Organic
4424,Hyderabad,TN,2023-02-10,Referral
4425,Hyderabad,GJ,2023-07-22,Organic
4426,Chennai,TS,2024-01-01,Organic
4427,Pune,KA,2023-01-18,Google Ads
4428,Kolkata,TS,2023-09-15,Facebook Ads
4429,Pune,TN,2023-10-20,Instagram
4430,Mumbai,MH,2023-09-22,Google Ads
4431,Bangalore,MH,2023-10-20,Referral
4432,Hyderabad,DL,2023-12-13,Organic
4433,Pune,WB,2023-11-14,Referral
4434,Mumbai,GJ,2023-03-17,Google Ads
4435,Hyderabad,MH,2023-03-03,Google Ads
4436,Bangalore,MH,2023-08-18,Instagram
4437,Pune,MH,2023-03-30,Organic
4438,Hyderabad,DL,2023-03-27,Google Ads
4439,Kolkata,MH,2023-04-19,Referral
4440,Ahmedabad,TN,2023-04-09,Instagram
4441,Kolkata,DL,2023-03-06,Referral
4442,Chennai,MH,2023-01-22,Organic
4443,Chennai,MH,2023-08-05,Instagram
4444,Hyderabad,GJ,2023-02-10,Instagram
4445,Ahmedabad,TS,2023-12-16,Instagram
4446,Mumbai,MH,2023-08-11,Facebook Ads
4447,Kolkata,WB,2023-04-14,Instagram
4448,Mumbai,MH,2023-11-18,Referral
4449,Ahmedabad,TS,2023-03-17,Referral
4450,Mumbai,MH,2023-11-01,Organic
4451,Ahmedabad,WB,2023-05-13,Google Ads
4452,Hyderabad,TN,2023-06-13,Google Ads
4453,Mumbai,DL,2023-02-04,Facebook Ads
4454,Kolkata,WB,2023-02-14,Instagram
4455,Bangalore,TS,2023-07-18,Facebook Ads
4456,Chennai,DL,2023-10-12,Organic
4457,Bangalore,DL,2023-07-23,Organic
4458,Mumbai,TS,2023-10-10,Google Ads
4459,Bangalore,GJ,2023-06-16,Organic
4460,Kolkata,MH,2023-05-22,Instagram
4461,Kolkata,MH,2023-09-24,Referral
4462,Mumbai,WB,2023-08-23,Organic
4463,Hyderabad,TS,2023-01-07,Facebook Ads
4464,Bangalore,TN,2023-12-25,Instagram
4465,Hyderabad,KA,2023-11-16,Organic
4466,Hyderabad,TS,2023-10-28,Organic
4467,Ahmedabad,MH,2023-09-25,Instagram
4468,Delhi,MH,2023-08-03,Organic
4469,Mumbai,DL,2023-02-27,Referral
4470,Chennai,DL,2023-08-01,Google Ads
4471,Kolkata,TS,2023-03-18,Instagram
4472,Kolkata,KA,2023-03-17,Facebook Ads
4473,Mumbai,GJ,2023-10-18,Organic
4474,Ahmedabad,TS,2023-10-29,Google Ads
4475,Pune,KA,2023-10-26,Facebook Ads
4476,Pune,GJ,2023-02-21,Facebook Ads
4477,Pune,KA,2023-02-24,Referral
4478,Ahmedabad,MH,2023-10-16,Google Ads
4479,Chennai,MH,2023-02-21,Instagram
4480,Kolkata,MH,2023-05-27,Google Ads
4481,Mumbai,TN,2023-10-02,Google Ads
4482,Ahmedabad,MH,2023-06-26,Facebook Ads
4483,Kolkata,WB,2023-07-30,Referral
4484,Hyderabad,DL,2023-05-16,Referral
4485,Bangalore,DL,2023-07-16,Google Ads
4486,Bangalore,KA,2023-12-02,Google Ads
4487,Ahmedabad,DL,2023-09-06,Organic
4488,Kolkata,MH,2023-10-20,Facebook Ads
4489,Delhi,GJ,2023-11-08,Instagram
4490,Chennai,KA,2023-08-31,Instagram
4491,Pune,DL,2023-01-20,Referral
4492,Chennai,MH,2023-03-30,Facebook Ads
4493,Chennai,GJ,2023-05-22,Referral
4494,Ahmedabad,TN,2023-07-26,Instagram
4495,Hyderabad,DL,2023-03-15,Google Ads
4496,Chennai,MH,2023-11-13,Facebook Ads
4497,Bangalore,TS,2023-11-08,Facebook Ads
4498,Hyderabad,WB,2023-12-15,Organic
4499,Mumbai,TS,2023-12-22,Google Ads
4500,Chennai,MH,2023-07-25,Google Ads
4501,Chennai,KA,2023-01-20,Referral
4502,Mumbai,MH,2023-07-22,Facebook Ads
4503,Chennai,MH,2023-06-19,Referral
4504,Mumbai,MH,2023-12-20,Google Ads
4505,Hyderabad,GJ,2023-05-02,Organic
4506,Bangalore,KA,2023-01-26,Facebook Ads
4507,Mumbai,GJ,2023-09-01,Google Ads
4508,Delhi,DL,2023-05-18,Organic
4509,Ahmedabad,MH,2023-07-10,Instagram
4510,Ahmedabad,TS,2023-01-11,Google Ads
4511,Mumbai,KA,2023-06-22,Instagram
4512,Ahmedabad,KA,2023-06-05,Referral
4513,Chennai,MH,2023-06-09,Instagram
4514,Pune,TS,2023-05-24,Google Ads
4515,Pune,TN,2023-09-09,Instagram
4516,Ahmedabad,KA,2023-12-23,Facebook Ads
4517,Hyderabad,MH,2023-12-17,Google Ads
4518,Kolkata,WB,2023-02-20,Organic
4519,Hyderabad,MH,2023-04-27,Instagram
4520,Kolkata,GJ,2023-03-10,Facebook Ads
4521,Pune,DL,2023-06-03,Referral
4522,Pune,KA,2023-08-15,Referral
4523,Mumbai,WB,2023-06-14,Instagram
4524,Bangalore,WB,2023-05-18,Referral
4525,Delhi,KA,2023-08-02,Organic
4526,Hyderabad,TN,2023-11-06,Google Ads
4527,Chennai,MH,2023-11-27,Facebook Ads
4528,Kolkata,DL,2023-02-15,Instagram
4529,Ahmedabad,KA,2023-04-07,Referral
4530,Chennai,GJ,2023-08-15,Google Ads
4531,Bangalore,DL,2023-04-19,Organic
4532,Kolkata,TS,2023-07-28,Referral
4533,Hyderabad,WB,2023-09-06,Referral
4534,Mumbai,WB,2023-09-22,Facebook Ads
4535,Chennai,KA,2023-07-11,Organic
4536,Bangalore,KA,2023-01-29,Organic
4537,Hyderabad,GJ,2023-09-21,Instagram
4538,Pune,TS,2023-03-23,Facebook Ads
4539,Pune,TN,2023-02-03,Instagram
4540,Hyderabad,KA,2023-06-09,Facebook Ads
4541,Hyderabad,WB,2023-12-30,Organic
4542,Hyderabad,DL,2023-09-17,Facebook Ads
4543,Kolkata,MH,2023-07-26,Facebook Ads
4544,Hyderabad,MH,2023-03-11,Facebook Ads
4545,Chennai,DL,2023-09-26,Google Ads
4546,Bangalore,TN,2023-10-19,Google Ads
4547,Kolkata,MH,2023-01-15,Organic
4548,Hyderabad,DL,2023-03-30,Facebook Ads
4549,Delhi,DL,2023-04-09,Organic
4550,Ahmedabad,TS,2023-04-13,Google Ads
4551,Delhi,MH,2023-01-30,Facebook Ads
4552,Bangalore,GJ,2023-05-08,Instagram
4553,Pune,TN,2023-01-17,Google Ads
4554,Mumbai,WB,2023-08-22,Google Ads
4555,Mumbai,TS,2023-01-26,Google Ads
4556,Ahmedabad,MH,2023-07-04,Facebook Ads
4557,Pune,MH,2023-12-27,Referral
4558,Kolkata,WB,2023-04-12,Instagram
4559,Kolkata,TS,2023-05-21,Instagram
4560,Kolkata,MH,2023-07-08,Organic
4561,Mumbai,GJ,2023-08-26,Facebook Ads
4562,Delhi,TN,2023-09-16,Google Ads
4563,Mumbai,KA,2023-07-23,Referral
4564,Chennai,GJ,2023-11-22,Facebook Ads
4565,Hyderabad,KA,2023-03-05,Facebook Ads
4566,Kolkata,MH,2023-12-15,Referral
4567,Delhi,KA,2023-01-16,Google Ads
4568,Bangalore,TS,2023-05-04,Facebook Ads
4569,Ahmedabad,MH,2023-07-10,Instagram
4570,Bangalore,WB,2023-09-08,Instagram
4571,Hyderabad,GJ,2023-11-01,Referral
4572,Delhi,GJ,2023-08-17,Google Ads
4573,Mumbai,TN,2023-04-01,Referral
4574,Mumbai,MH,2023-08-31,Facebook Ads
4575,Chennai,WB,2023-10-28,Instagram
4576,Chennai,GJ,2023-10-10,Organic
4577,Mumbai,MH,2023-06-29,Referral
4578,Bangalore,DL,2023-06-26,Organic
4579,Ahmedabad,DL,2023-03-25,Organic
4580,Kolkata,MH,2023-05-13,Instagram
4581,Bangalore,GJ,2023-12-19,Referral
4582,Ahmedabad,MH,2023-02-16,Organic
4583,Chennai,KA,2023-05-26,Facebook Ads
4584,Hyderabad,DL,2023-01-15,Google Ads
4585,Ahmedabad,MH,2023-07-17,Google Ads
4586,Mumbai,MH,2023-01-26,Instagram
4587,Chennai,TN,2023-03-25,Referral
4588,Chennai,WB,2023-10-20,Referral
4589,Kolkata,TS,2023-04-20,Google Ads
4590,Mumbai,DL,2023-04-24,Facebook Ads
4591,Kolkata,MH,2023-11-28,Google Ads
4592,Mumbai,KA,2023-04-26,Google Ads
4593,Kolkata,TS,2023-12-13,Referral
4594,Ahmedabad,WB,2023-04-16,Organic
4595,Bangalore,MH,2023-05-18,Facebook Ads
4596,Hyderabad,WB,2023-11-30,Referral
4597,Hyderabad,GJ,2023-07-29,Google Ads
4598,Mumbai,DL,2023-09-20,Organic
4599,Delhi,WB,2023-01-11,Facebook Ads
4600,Pune,WB,2023-12-16,Instagram
4601,Chennai,KA,2023-01-05,Facebook Ads
4602,Chennai,GJ,2023-08-31,Facebook Ads
4603,Mumbai,GJ,2023-03-09,Google Ads
4604,Ahmedabad,MH,2023-11-28,Google Ads
4605,Kolkata,KA,2023-03-30,Instagram
4606,Delhi,KA,2023-11-04,Instagram
4607,Bangalore,MH,2023-01-05,Instagram
4608,Kolkata,WB,2023-04-25,Referral
4609,Kolkata,WB,2023-05-10,Referral
4610,Mumbai,GJ,2023-11-08,Google Ads
4611,Mumbai,WB,2023-06-06,Google Ads
4612,Ahmedabad,TN,2023-12-31,Instagram
4613,Chennai,KA,2023-12-30,Referral
4614,Mumbai,TS,2023-11-26,Organic
4615,Mumbai,GJ,2023-05-21,Referral
4616,Mumbai,DL,2023-08-05,Google Ads
4617,Ahmedabad,GJ,2023-07-12,Referral
4618,Chennai,MH,2023-06-28,Google Ads
4619,Bangalore,TS,2023-08-24,Instagram
4620,Bangalore,MH,2023-05-10,Instagram
4621,Pune,MH,2023-04-22,Instagram
4622,Pune,MH,2023-08-27,Organic
4623,Mumbai,MH,2023-06-04,Organic
4624,Pune,WB,2023-12-13,Google Ads
4625,Chennai,TS,2023-09-24,Facebook Ads
4626,Ahmedabad,WB,2023-11-16,Organic
4627,Bangalore,GJ,2023-07-23,Google Ads
4628,Kolkata,TN,2023-10-27,Referral
4629,Bangalore,MH,2023-02-22,Instagram
4630,Bangalore,MH,2023-01-04,Instagram
4631,Chennai,TS,2023-09-19,Instagram
4632,Pune,MH,2023-12-06,Google Ads
4633,Kolkata,TN,2023-07-11,Instagram
4634,Chennai,TN,2023-10-15,Organic
4635,Mumbai,TN,2023-11-28,Referral
4636,Ahmedabad,DL,2023-11-01,Instagram
4637,Hyderabad,TN,2023-11-08,Google Ads
4638,Bangalore,TN,2023-05-25,Referral
4639,Hyderabad,DL,2023-06-02,Instagram
4640,Ahmedabad,WB,2023-12-17,Facebook Ads
4641,Ahmedabad,GJ,2023-02-25,Instagram
4642,Chennai,KA,2023-09-04,Organic
4643,Chennai,MH,2023-02-02,Referral
4644,Chennai,TN,2023-06-22,Organic
4645,Hyderabad,MH,2023-05-22,Facebook Ads
4646,Chennai,TS,2023-11-24,Facebook Ads
4647,Ahmedabad,MH,2023-06-16,Organic
4648,Mumbai,MH,2023-05-22,Referral
4649,Chennai,WB,2023-05-14,Facebook Ads
4650,Delhi,GJ,2023-12-02,Facebook Ads
4651,Pune,DL,2023-12-31,Instagram
4652,Hyderabad,MH,2023-11-30,Google Ads
4653,Delhi,MH,2023-06-02,Facebook Ads
4654,Chennai,MH,2023-04-07,Referral
4655,Ahmedabad,KA,2023-03-18,Referral
4656,Mumbai,KA,2023-09-22,Instagram
4657,Bangalore,TS,2023-05-04,Referral
4658,Kolkata,DL,2023-01-30,Instagram
4659,Pune,MH,2023-11-04,Facebook Ads
4660,Kolkata,MH,2023-07-26,Facebook Ads
4661,Chennai,MH,2023-12-05,Facebook Ads
4662,Pune,MH,2023-06-13,Facebook Ads
4663,Pune,KA,2023-12-15,Google Ads
4664,Mumbai,WB,2023-03-13,Google Ads
4665,Pune,WB,2023-01-14,Facebook Ads
4666,Hyderabad,TS,2023-12-02,Referral
4667,Delhi,MH,2023-09-12,Instagram
4668,Delhi,TN,2023-06-01,Organic
4669,Delhi,DL,2023-05-13,Instagram
4670,Hyderabad,WB,2023-08-03,Organic
4671,Kolkata,MH,2023-07-27,Organic
4672,Mumbai,GJ,2023-07-18,Facebook Ads
4673,Pune,GJ,2023-01-19,Organic
4674,Hyderabad,MH,2023-10-26,Facebook Ads
4675,Delhi,GJ,2023-12-29,Google Ads
4676,Chennai,WB,2023-10-20,Referral
4677,Bangalore,TS,2023-04-08,Organic
4678,Pune,TN,2023-06-25,Referral
4679,Hyderabad,WB,2024-01-01,Facebook Ads
4680,Ahmedabad,TS,2023-04-24,Organic
4681,Hyderabad,GJ,2023-12-18,Instagram
4682,Mumbai,KA,2023-10-01,Google Ads
4683,Mumbai,TN,2023-11-23,Google Ads
4684,Hyderabad,TS,2023-09-01,Organic
4685,Delhi,MH,2023-12-10,Google Ads
4686,Bangalore,WB,2023-07-03,Instagram
4687,Pune,KA,2023-09-17,Referral
4688,Mumbai,MH,2023-06-03,Instagram
4689,Pune,TS,2023-03-29,Google Ads
4690,Delhi,TS,2023-12-03,Referral
4691,Pune,GJ,2023-10-13,Instagram
4692,Chennai,MH,2023-04-03,Facebook Ads
4693,Mumbai,WB,2023-05-31,Facebook Ads
4694,Delhi,TN,2023-02-19,Referral
4695,Delhi,KA,2023-08-30,Referral
4696,Bangalore,GJ,2023-03-07,Referral
4697,Bangalore,MH,2023-05-13,Facebook Ads
4698,Chennai,DL,2023-10-14,Instagram
4699,Delhi,TN,2023-04-04,Referral
4700,Kolkata,GJ,2023-12-15,Facebook Ads
4701,Delhi,KA,2023-06-21,Referral
4702,Bangalore,MH,2023-12-02,Referral
4703,Kolkata,TS,2023-02-15,Referral
4704,Mumbai,MH,2023-04-24,Facebook Ads
4705,Mumbai,GJ,2023-07-01,Instagram
4706,Pune,KA,2023-04-25,Facebook Ads
4707,Hyderabad,MH,2023-06-07,Facebook Ads
4708,Bangalore,MH,2023-08-04,Referral
4709,Hyderabad,DL,2023-06-19,Organic
4710,Kolkata,WB,2023-07-10,Organic
4711,Bangalore,GJ,2023-05-14,Organic
4712,Chennai,DL,2023-10-27,Facebook Ads
4713,Delhi,GJ,2023-05-31,Referral
4714,Chennai,MH,2023-08-26,Organic
4715,Kolkata,MH,2023-03-02,Google Ads
4716,Bangalore,DL,2023-08-29,Google Ads
4717,Ahmedabad,TN,2023-01-28,Google Ads
4718,Kolkata,TN,2023-11-21,Instagram
4719,Ahmedabad,MH,2023-10-26,Referral
4720,Delhi,MH,2023-10-25,Facebook Ads
4721,Mumbai,TS,2023-11-14,Facebook Ads
4722,Mumbai,MH,2023-02-06,Referral
4723,Kolkata,GJ,2023-08-30,Instagram
4724,Hyderabad,TS,2023-04-10,Referral
4725,Bangalore,MH,2023-09-14,Instagram
4726,Bangalore,DL,2023-03-03,Organic
4727,Mumbai,TN,2023-12-15,Organic
4728,Pune,MH,2023-07-15,Instagram
4729,Chennai,TN,2023-09-29,Referral
4730,Pune,DL,2023-06-02,Organic
4731,Delhi,TS,2023-07-31,Referral
4732,Chennai,TS,2023-01-28,Organic
4733,Chennai,KA,2023-03-19,Referral
4734,Kolkata,MH,2023-03-12,Referral
4735,Mumbai,MH,2023-04-13,Google Ads
4736,Pune,GJ,2023-06-25,Instagram
4737,Pune,MH,2023-07-29,Facebook Ads
4738,Mumbai,MH,2023-10-19,Instagram
4739,Pune,TS,2023-08-23,Referral
4740,Ahmedabad,DL,2023-03-15,Referral
4741,Mumbai,TS,2023-06-11,Instagram
4742,Kolkata,TN,2023-04-03,Referral
4743,Hyderabad,MH,2023-02-11,Organic
4744,Chennai,MH,2023-09-07,Referral
4745,Kolkata,GJ,2023-06-20,Instagram
4746,Bangalore,GJ,2023-11-20,Instagram
4747,Delhi,GJ,2023-04-01,Instagram
4748,Hyderabad,WB,2023-06-10,Google Ads
4749,Bangalore,KA,2023-11-21,Google Ads
4750,Chennai,MH,2023-01-30,Google Ads
4751,Pune,TN,2023-01-03,Google Ads
4752,Mumbai,MH,2023-08-20,Google Ads
4753,Chennai,TN,2023-05-21,Google Ads
4754,Kolkata,TN,2023-04-18,Google Ads
4755,Delhi,MH,2023-03-28,Instagram
4756,Kolkata,TN,2023-10-23,Facebook Ads
4757,Hyderabad,GJ,2023-03-23,Google Ads
4758,Hyderabad,DL,2023-09-08,Instagram
4759,Delhi,KA,2023-02-15,Facebook Ads
4760,Ahmedabad,WB,2023-03-08,Google Ads
4761,Bangalore,TN,2023-11-11,Facebook Ads
4762,Bangalore,TN,2023-08-11,Facebook Ads
4763,Hyderabad,TS,2023-11-21,Organic
4764,Hyderabad,KA,2023-08-08,Referral
4765,Pune,MH,2023-07-26,Organic
4766,Mumbai,KA,2023-08-08,Facebook Ads
4767,Pune,KA,2023-09-02,Instagram
4768,Pune,MH,2023-07-16,Google Ads
4769,Ahmedabad,MH,2023-01-03,Referral
4770,Bangalore,MH,2023-01-20,Google Ads
4771,Ahmedabad,WB,2023-10-01,Instagram
4772,Ahmedabad,GJ,2023-04-13,Referral
4773,Delhi,KA,2023-07-11,Organic
4774,Bangalore,WB,2023-01-08,Facebook Ads
4775,Mumbai,TN,2023-06-14,Instagram
4776,Kolkata,MH,2023-09-29,Facebook Ads
4777,Hyderabad,TN,2023-04-08,Facebook Ads
4778,Hyderabad,MH,2023-01-10,Google Ads
4779,Mumbai,DL,2023-12-13,Instagram
4780,Ahmedabad,WB,2023-01-03,Facebook Ads
4781,Pune,WB,2023-11-17,Organic
4782,Delhi,GJ,2023-05-08,Referral
4783,Ahmedabad,MH,2023-04-26,Instagram
4784,Hyderabad,TS,2023-12-22,Google Ads
4785,Chennai,KA,2023-06-26,Instagram
4786,Pune,MH,2023-06-09,Google Ads
4787,Hyderabad,WB,2023-03-08,Referral
4788,Chennai,MH,2023-02-22,Organic
4789,Ahmedabad,DL,2023-07-16,Facebook Ads
4790,Mumbai,TS,2023-09-15,Instagram
4791,Mumbai,GJ,2023-10-29,Google Ads
4792,Pune,WB,2023-06-06,Referral
4793,Hyderabad,WB,2023-03-27,Facebook Ads
4794,Bangalore,KA,2023-02-03,Referral
4795,Chennai,GJ,2023-01-24,Organic
4796,Delhi,GJ,2023-06-02,Facebook Ads
4797,Hyderabad,MH,2023-05-29,Facebook Ads
4798,Delhi,TS,2023-08-22,Facebook Ads
4799,Hyderabad,DL,2023-09-24,Google Ads
4800,Bangalore,TN,2023-11-02,Facebook Ads
4801,Bangalore,MH,2023-09-26,Referral
4802,Pune,GJ,2023-06-22,Google Ads
4803,Pune,KA,2023-08-11,Facebook Ads
4804,Bangalore,WB,2023-12-18,Referral
4805,Kolkata,TN,2023-03-10,Referral
4806,Bangalore,DL,2023-06-25,Instagram
4807,Mumbai,TS,2023-09-08,Referral
4808,Mumbai,GJ,2023-07-03,Organic
4809,Kolkata,MH,2023-04-07,Facebook Ads
4810,Ahmedabad,GJ,2023-03-26,Facebook Ads
4811,Chennai,KA,2023-07-26,Facebook Ads
4812,Ahmedabad,GJ,2023-01-10,Referral
4813,Delhi,GJ,2023-04-27,Referral
4814,Ahmedabad,GJ,2023-04-25,Facebook Ads
4815,Hyderabad,WB,2023-03-09,Google Ads
4816,Ahmedabad,WB,2023-04-19,Google Ads
4817,Hyderabad,TN,2023-01-12,Organic
4818,Kolkata,TN,2023-10-29,Instagram
4819,Mumbai,MH,2023-09-16,Organic
4820,Pune,TS,2023-03-28,Facebook Ads
4821,Hyderabad,DL,2023-03-05,Facebook Ads
4822,Mumbai,MH,2023-07-07,Facebook Ads
4823,Chennai,TS,2023-12-31,Instagram
4824,Delhi,TS,2023-11-30,Referral
4825,Chennai,TS,2023-01-20,Instagram
4826,Kolkata,MH,2023-07-12,Organic
4827,Ahmedabad,MH,2023-11-24,Referral
4828,Ahmedabad,MH,2023-05-11,Referral
4829,Bangalore,MH,2023-10-01,Organic
4830,Bangalore,MH,2023-11-16,Referral
4831,Bangalore,DL,2023-01-25,Google Ads
4832,Chennai,GJ,2023-11-01,Organic
4833,Hyderabad,TS,2023-01-25,Organic
4834,Delhi,GJ,2023-12-05,Google Ads
4835,Bangalore,MH,2023-02-25,Instagram
4836,Kolkata,MH,2023-12-01,Instagram
4837,Kolkata,DL,2023-01-11,Instagram
4838,Bangalore,MH,2023-01-25,Referral
4839,Ahmedabad,GJ,2023-12-20,Google Ads
4840,Bangalore,WB,2023-03-01,Organic
4841,Delhi,DL,2023-08-02,Organic
4842,Bangalore,TS,2023-08-16,Organic
4843,Delhi,KA,2023-07-14,Referral
4844,Kolkata,TS,2023-03-05,Referral
4845,Bangalore,KA,2023-10-08,Instagram
4846,Chennai,DL,2023-05-10,Referral
4847,Pune,WB,2023-08-31,Instagram
4848,Chennai,GJ,2023-12-26,Instagram
4849,Kolkata,WB,2023-03-20,Organic
4850,Delhi,MH,2023-04-16,Referral
4851,Chennai,WB,2023-12-22,Instagram
4852,Delhi,TN,2023-12-18,Google Ads
4853,Chennai,DL,2023-11-19,Google Ads
4854,Chennai,GJ,2023-01-05,Referral
4855,Delhi,GJ,2023-06-04,Organic
4856,Hyderabad,MH,2023-08-04,Organic
4857,Chennai,GJ,2023-12-05,Instagram
4858,Bangalore,WB,2023-02-21,Referral
4859,Pune,DL,2023-12-06,Google Ads
4860,Kolkata,TS,2023-09-24,Instagram
4861,Hyderabad,WB,2023-05-19,Instagram
4862,Delhi,MH,2023-11-15,Facebook Ads
4863,Hyderabad,KA,2023-11-07,Referral
4864,Mumbai,DL,2023-12-25,Instagram
4865,Mumbai,GJ,2023-03-12,Google Ads
4866,Chennai,MH,2023-08-03,Facebook Ads
4867,Chennai,TS,2023-02-23,Google Ads
4868,Bangalore,TN,2023-09-19,Organic
4869,Pune,TS,2023-11-13,Facebook Ads
4870,Kolkata,WB,2023-03-02,Facebook Ads
4871,Hyderabad,KA,2023-05-25,Instagram
4872,Mumbai,TS,2023-02-28,Organic
4873,Chennai,TN,2023-02-24,Instagram
4874,Ahmedabad,MH,2023-09-12,Referral
4875,Ahmedabad,MH,2023-04-12,Google Ads
4876,Kolkata,DL,2023-11-08,Google Ads
4877,Hyderabad,KA,2023-04-13,Instagram
4878,Chennai,TN,2023-05-15,Google Ads
4879,Chennai,GJ,2023-09-25,Google Ads
4880,Mumbai,WB,2023-04-14,Referral
4881,Mumbai,WB,2023-07-03,Organic
4882,Chennai,WB,2023-12-27,Facebook Ads
4883,Delhi,GJ,2023-07-29,Instagram
4884,Chennai,GJ,2023-06-01,Instagram
4885,Kolkata,KA,2023-03-24,Referral
4886,Chennai,TS,2023-01-21,Referral
4887,Bangalore,KA,2023-10-08,Facebook Ads
4888,Pune,WB,2023-09-12,Organic
4889,Bangalore,MH,2023-04-17,Instagram
4890,Bangalore,TN,2023-12-19,Referral
4891,Delhi,DL,2023-09-04,Instagram
4892,Delhi,DL,2023-06-19,Google Ads
4893,Ahmedabad,KA,2023-05-01,Instagram
4894,Chennai,WB,2023-01-02,Organic
4895,Bangalore,GJ,2023-01-07,Organic
4896,Delhi,MH,2023-12-10,Instagram
4897,Mumbai,MH,2023-02-15,Google Ads
4898,Chennai,KA,2023-02-26,Organic
4899,Kolkata,WB,2023-10-21,Referral
4900,Pune,TS,2023-12-09,Instagram
4901,Hyderabad,DL,2023-09-10,Google Ads
4902,Chennai,DL,2023-03-18,Referral
4903,Hyderabad,MH,2023-02-16,Instagram
4904,Bangalore,DL,2023-09-19,Google Ads
4905,Pune,MH,2023-02-08,Referral
4906,Hyderabad,WB,2023-02-21,Organic
4907,Bangalore,WB,2023-05-12,Instagram
4908,Mumbai,MH,2023-11-26,Instagram
4909,Hyderabad,WB,2023-04-29,Organic
4910,Pune,GJ,2023-08-22,Facebook Ads
4911,Ahmedabad,MH,2023-06-01,Referral
4912,Chennai,WB,2023-05-16,Organic
4913,Bangalore,MH,2023-08-26,Instagram
4914,Chennai,TN,2023-01-26,Referral
4915,Pune,KA,2023-02-21,Referral
4916,Delhi,KA,2023-03-31,Facebook Ads
4917,Bangalore,WB,2023-01-21,Instagram
4918,Hyderabad,TS,2023-05-29,Google Ads
4919,Bangalore,DL,2023-07-04,Facebook Ads
4920,Chennai,MH,2023-12-13,Facebook Ads
4921,Mumbai,TS,2023-06-10,Google Ads
4922,Bangalore,GJ,2023-08-07,Google Ads
4923,Hyderabad,TS,2023-03-01,Facebook Ads
4924,Delhi,WB,2023-02-18,Referral
4925,Ahmedabad,MH,2023-01-24,Organic
4926,Kolkata,KA,2023-01-05,Organic
4927,Mumbai,DL,2023-03-12,Facebook Ads
4928,Ahmedabad,KA,2023-12-06,Referral
4929,Delhi,TS,2023-11-28,Google Ads
4930,Bangalore,GJ,2023-03-29,Facebook Ads
4931,Chennai,DL,2023-06-18,Instagram
4932,Pune,TN,2023-07-03,Referral
4933,Chennai,TS,2023-08-13,Instagram
4934,Ahmedabad,KA,2023-11-15,Instagram
4935,Hyderabad,KA,2023-05-18,Facebook Ads
4936,Chennai,WB,2023-02-17,Referral
4937,Mumbai,KA,2023-07-10,Instagram
4938,Chennai,MH,2023-06-25,Referral
4939,Hyderabad,TS,2023-04-04,Organic
4940,Kolkata,MH,2023-02-28,Instagram
4941,Bangalore,MH,2023-07-25,Instagram
4942,Pune,GJ,2023-07-24,Referral
4943,Ahmedabad,DL,2023-08-22,Organic
4944,Bangalore,KA,2023-05-20,Instagram
4945,Chennai,WB,2023-07-17,Facebook Ads
4946,Delhi,WB,2023-12-20,Referral
4947,Bangalore,KA,2023-09-02,Referral
4948,Kolkata,MH,2023-08-04,Instagram
4949,Chennai,WB,2023-11-29,Organic
4950,Pune,MH,2023-03-27,Instagram
4951,Hyderabad,DL,2023-02-27,Google Ads
4952,Kolkata,TS,2023-03-09,Instagram
4953,Chennai,TN,2023-12-23,Google Ads
4954,Kolkata,MH,2023-01-31,Facebook Ads
4955,Bangalore,GJ,2023-03-23,Referral
4956,Pune,GJ,2023-02-23,Referral
4957,Hyderabad,WB,2023-08-02,Organic
4958,Chennai,TS,2023-10-30,Instagram
4959,Mumbai,TN,2023-09-05,Facebook Ads
4960,Ahmedabad,GJ,2023-10-19,Google Ads
4961,Hyderabad,KA,2023-12-14,Organic
4962,Mumbai,KA,2023-08-13,Facebook Ads
4963,Kolkata,DL,2023-04-03,Facebook Ads
4964,Delhi,TN,2023-11-09,Google Ads
4965,Hyderabad,KA,2023-07-14,Google Ads
4966,Kolkata,GJ,2023-07-03,Referral
4967,Mumbai,KA,2023-11-10,Instagram
4968,Bangalore,MH,2023-01-15,Organic
4969,Bangalore,WB,2023-12-17,Instagram
4970,Delhi,GJ,2023-03-08,Organic
4971,Ahmedabad,GJ,2023-09-05,Facebook Ads
4972,Hyderabad,GJ,2023-09-07,Google Ads
4973,Hyderabad,DL,2023-02-27,Google Ads
4974,Hyderabad,TS,2023-07-30,Facebook Ads
4975,Ahmedabad,GJ,2023-08-14,Facebook Ads
4976,Kolkata,KA,2023-01-24,Organic
4977,Pune,MH,2023-02-02,Facebook Ads
4978,Pune,GJ,2023-05-14,Organic
4979,Delhi,MH,2023-12-02,Instagram
4980,Hyderabad,MH,2023-06-10,Google Ads
4981,Kolkata,TS,2023-01-07,Google Ads
4982,Bangalore,TN,2023-12-27,Google Ads
4983,Mumbai,DL,2023-12-14,Instagram
4984,Kolkata,MH,2023-09-26,Instagram
4985,Ahmedabad,WB,2023-10-23,Referral
4986,Pune,MH,2023-10-17,Organic
4987,Pune,MH,2023-04-25,Organic
4988,Bangalore,MH,2023-12-09,Referral
4989,Bangalore,TS,2023-06-23,Google Ads
4990,Ahmedabad,TN,2023-09-23,Organic
4991,Mumbai,TN,2023-09-25,Organic
4992,Bangalore,TS,2023-12-19,Google Ads
4993,Delhi,GJ,2023-12-25,Facebook Ads
4994,Mumbai,MH,2023-11-13,Facebook Ads
4995,Bangalore,MH,2023-02-18,Referral
4996,Chennai,MH,2023-08-10,Instagram
4997,Kolkata,MH,2023-12-05,Organic
4998,Bangalore,DL,2023-05-08,Organic
4999,Delhi,MH,2023-09-04,Referral
5000,Hyderabad,TN,2023-06-27,Referral
5001,Bangalore,WB,2023-12-06,Organic
5002,Pune,MH,2023-12-13,Google Ads
5003,Pune,MH,2023-11-25,Google Ads
5004,Pune,MH,2023-07-17,Instagram
5005,Hyderabad,DL,2023-03-18,Organic
5006,Pune,GJ,2023-10-13,Organic
5007,Chennai,KA,2023-11-10,Organic
5008,Bangalore,MH,2023-01-28,Organic
5009,Ahmedabad,TS,2023-01-06,Referral
5010,Pune,KA,2023-11-26,Facebook Ads
5011,Mumbai,MH,2023-03-22,Organic
5012,Ahmedabad,TS,2023-09-16,Facebook Ads
5013,Hyderabad,TS,2023-08-29,Google Ads
5014,Chennai,TS,2023-09-11,Instagram
5015,Mumbai,MH,2023-03-26,Google Ads
5016,Mumbai,TN,2023-02-08,Organic
5017,Mumbai,MH,2023-09-09,Google Ads
5018,Mumbai,KA,2023-06-14,Referral
5019,Ahmedabad,DL,2023-05-04,Facebook Ads
5020,Ahmedabad,TN,2023-06-19,Organic
5021,Bangalore,MH,2023-05-23,Referral
5022,Pune,GJ,2023-01-26,Facebook Ads
5023,Kolkata,GJ,2023-09-17,Referral
5024,Bangalore,MH,2023-04-25,Google Ads
5025,Bangalore,TS,2023-10-09,Organic
5026,Chennai,DL,2023-11-26,Google Ads
5027,Chennai,MH,2023-07-13,Instagram
5028,Pune,KA,2023-07-26,Organic
5029,Kolkata,MH,2023-05-01,Google Ads
5030,Chennai,TN,2023-02-10,Organic
5031,Pune,GJ,2023-08-24,Facebook Ads
5032,Pune,WB,2023-08-16,Organic
5033,Ahmedabad,TN,2023-10-21,Organic
5034,Delhi,MH,2023-08-18,Facebook Ads
5035,Ahmedabad,DL,2023-02-15,Google Ads
5036,Kolkata,MH,2023-09-13,Organic
5037,Chennai,MH,2023-08-17,Referral
5038,Kolkata,MH,2023-06-11,Organic
5039,Bangalore,KA,2023-03-02,Google Ads
5040,Bangalore,DL,2023-09-12,Facebook Ads
5041,Kolkata,MH,2023-12-01,Google Ads
5042,Delhi,TS,2023-01-10,Instagram
5043,Delhi,KA,2023-02-22,Organic
5044,Ahmedabad,TN,2023-07-26,Organic
5045,Kolkata,DL,2023-07-31,Facebook Ads
5046,Chennai,TN,2023-01-19,Organic
5047,Ahmedabad,GJ,2023-10-13,Referral
5048,Hyderabad,MH,2023-10-09,Referral
5049,Delhi,TN,2023-01-01,Google Ads
5050,Mumbai,TN,2023-02-16,Facebook Ads
5051,Ahmedabad,MH,2023-11-06,Instagram
5052,Bangalore,TN,2023-11-13,Google Ads
5053,Ahmedabad,TS,2023-11-23,Facebook Ads
5054,Kolkata,TS,2023-06-05,Facebook Ads
5055,Mumbai,KA,2023-09-18,Google Ads
5056,Kolkata,MH,2023-10-15,Google Ads
5057,Pune,WB,2023-04-16,Organic
5058,Bangalore,GJ,2023-12-02,Instagram
5059,Bangalore,TN,2023-12-10,Referral
5060,Delhi,TN,2023-08-22,Organic
5061,Ahmedabad,DL,2023-06-24,Facebook Ads
5062,Delhi,MH,2023-07-06,Instagram
5063,Mumbai,WB,2023-01-28,Instagram
5064,Ahmedabad,KA,2023-04-25,Google Ads
5065,Pune,GJ,2023-08-21,Instagram
5066,Kolkata,WB,2023-06-19,Instagram
5067,Pune,TN,2023-10-14,Facebook Ads
5068,Bangalore,DL,2023-11-14,Organic
5069,Mumbai,MH,2023-11-04,Instagram
5070,Hyderabad,MH,2023-08-31,Google Ads
5071,Mumbai,MH,2023-12-03,Organic
5072,Chennai,KA,2023-07-06,Google Ads
5073,Mumbai,WB,2023-08-20,Instagram
5074,Pune,KA,2023-02-28,Organic
5075,Chennai,TN,2023-02-19,Instagram
5076,Chennai,KA,2023-12-04,Facebook Ads
5077,Ahmedabad,MH,2023-04-24,Organic
5078,Ahmedabad,DL,2023-01-02,Google Ads
5079,Chennai,KA,2023-06-24,Facebook Ads
5080,Hyderabad,TS,2023-07-01,Referral
5081,Ahmedabad,DL,2023-11-21,Google Ads
5082,Mumbai,WB,2023-05-30,Instagram
5083,Pune,MH,2023-10-08,Google Ads
5084,Mumbai,MH,2023-09-25,Referral
5085,Hyderabad,TN,2023-07-11,Google Ads
5086,Bangalore,TN,2023-12-26,Facebook Ads
5087,Delhi,TS,2023-02-24,Google Ads
5088,Pune,WB,2023-01-24,Organic
5089,Ahmedabad,MH,2023-03-26,Referral
5090,Pune,MH,2023-09-10,Google Ads
5091,Mumbai,MH,2023-03-13,Referral
5092,Delhi,MH,2023-07-29,Facebook Ads
5093,Kolkata,MH,2023-02-24,Organic
5094,Kolkata,MH,2023-05-11,Instagram
5095,Ahmedabad,KA,2023-11-09,Google Ads
5096,Hyderabad,WB,2023-04-11,Facebook Ads
5097,Kolkata,DL,2023-04-07,Referral
5098,Pune,DL,2023-03-03,Referral
5099,Kolkata,TS,2023-07-21,Facebook Ads
5100,Bangalore,KA,2023-04-21,Google Ads
5101,Bangalore,MH,2023-08-23,Instagram
5102,Ahmedabad,MH,2023-04-08,Google Ads
5103,Bangalore,TN,2023-06-23,Organic
5104,Kolkata,TN,2023-02-25,Google Ads
5105,Hyderabad,TS,2023-08-01,Organic
5106,Chennai,MH,2023-01-24,Referral
5107,Chennai,TS,2023-11-21,Organic
5108,Ahmedabad,KA,2023-12-11,Instagram
5109,Delhi,DL,2023-10-29,Facebook Ads
5110,Chennai,MH,2023-03-05,Organic
5111,Chennai,WB,2023-08-19,Google Ads
5112,Bangalore,MH,2023-08-23,Organic
5113,Bangalore,KA,2023-12-04,Referral
5114,Kolkata,MH,2023-10-29,Organic
5115,Ahmedabad,MH,2023-09-16,Instagram
5116,Delhi,WB,2023-03-10,Organic
5117,Ahmedabad,TN,2023-09-13,Instagram
5118,Mumbai,TS,2023-01-03,Google Ads
5119,Pune,TN,2023-09-29,Referral
5120,Delhi,DL,2023-01-25,Facebook Ads
5121,Delhi,TN,2023-10-11,Google Ads
5122,Hyderabad,MH,2023-08-10,Google Ads
5123,Ahmedabad,WB,2023-10-27,Facebook Ads
5124,Kolkata,TN,2023-09-05,Organic
5125,Hyderabad,MH,2023-09-18,Organic
5126,Delhi,DL,2023-04-01,Organic
5127,Delhi,MH,2023-12-21,Referral
5128,Delhi,WB,2023-10-24,Google Ads
5129,Chennai,TN,2023-03-30,Instagram
5130,Ahmedabad,TS,2023-03-07,Facebook Ads
5131,Pune,TS,2023-02-23,Google Ads
5132,Pune,WB,2023-07-18,Organic
5133,Hyderabad,TS,2023-12-03,Facebook Ads
5134,Delhi,TN,2023-11-04,Instagram
5135,Pune,TN,2023-11-07,Google Ads
5136,Bangalore,WB,2023-06-14,Google Ads
5137,Ahmedabad,TN,2023-09-16,Referral
5138,Pune,MH,2023-07-16,Google Ads
5139,Kolkata,MH,2023-08-03,Google Ads
5140,Ahmedabad,DL,2023-11-08,Instagram
5141,Kolkata,MH,2023-12-21,Instagram
5142,Pune,MH,2023-05-08,Facebook Ads
5143,Bangalore,TS,2023-05-21,Organic
5144,Kolkata,MH,2023-07-23,Instagram
5145,Chennai,WB,2023-06-25,Facebook Ads
5146,Pune,GJ,2023-05-31,Google Ads
5147,Chennai,TS,2023-08-20,Facebook Ads
5148,Pune,MH,2023-03-10,Facebook Ads
5149,Mumbai,TN,2023-03-12,Facebook Ads
5150,Mumbai,WB,2023-07-31,Facebook Ads
5151,Mumbai,GJ,2023-11-05,Instagram
5152,Kolkata,WB,2023-12-25,Organic
5153,Chennai,GJ,2023-09-20,Facebook Ads
5154,Chennai,GJ,2023-06-03,Referral
5155,Chennai,TS,2023-12-26,Google Ads
5156,Bangalore,TN,2023-10-08,Google Ads
5157,Chennai,TS,2023-06-10,Google Ads
5158,Bangalore,GJ,2023-12-31,Google Ads
5159,Mumbai,GJ,2023-10-11,Google Ads
5160,Mumbai,KA,2023-11-20,Facebook Ads
5161,Kolkata,MH,2023-04-22,Organic
5162,Pune,KA,2023-04-13,Referral
5163,Mumbai,MH,2023-04-18,Instagram
5164,Pune,DL,2023-11-16,Referral
5165,Pune,MH,2024-01-01,Instagram
5166,Ahmedabad,WB,2023-05-29,Instagram
5167,Kolkata,TS,2023-12-18,Referral
5168,Delhi,DL,2023-06-26,Facebook Ads
5169,Delhi,DL,2023-12-11,Google Ads
5170,Hyderabad,WB,2023-03-09,Facebook Ads
5171,Ahmedabad,WB,2023-12-30,Google Ads
5172,Kolkata,MH,2023-11-29,Organic
5173,Hyderabad,KA,2023-04-02,Instagram
5174,Hyderabad,TN,2023-09-15,Referral
5175,Ahmedabad,MH,2023-10-05,Organic
5176,Delhi,TN,2023-12-22,Google Ads
5177,Kolkata,DL,2023-11-23,Facebook Ads
5178,Delhi,TN,2023-06-15,Referral
5179,Hyderabad,KA,2023-12-30,Instagram
5180,Kolkata,MH,2023-03-01,Organic
5181,Hyderabad,GJ,2023-06-30,Instagram
5182,Chennai,WB,2023-10-15,Google Ads
5183,Ahmedabad,GJ,2023-09-03,Instagram
5184,Pune,KA,2023-10-26,Facebook Ads
5185,Kolkata,MH,2023-10-20,Organic
5186,Kolkata,KA,2023-12-08,Organic
5187,Pune,MH,2023-12-30,Facebook Ads
5188,Hyderabad,MH,2023-08-02,Instagram
5189,Chennai,WB,2023-12-12,Facebook Ads
5190,Bangalore,KA,2023-10-01,Referral
5191,Pune,GJ,2023-05-27,Facebook Ads
5192,Ahmedabad,MH,2023-08-05,Instagram
5193,Delhi,WB,2023-01-07,Facebook Ads
5194,Hyderabad,TS,2023-09-25,Google Ads
5195,Pune,TS,2023-02-24,Facebook Ads
5196,Pune,TS,2023-01-13,Facebook Ads
5197,Kolkata,TN,2023-07-15,Instagram
5198,Delhi,KA,2023-03-16,Referral
5199,Delhi,MH,2023-01-28,Referral
5200,Ahmedabad,GJ,2023-12-10,Instagram
5201,Delhi,MH,2023-01-29,Instagram
5202,Pune,TN,2023-04-13,Instagram
5203,Bangalore,MH,2023-05-17,Google Ads
5204,Mumbai,MH,2023-03-24,Organic
5205,Hyderabad,TS,2023-05-27,Facebook Ads
5206,Mumbai,GJ,2023-12-16,Instagram
5207,Pune,KA,2023-05-09,Instagram
5208,Mumbai,MH,2023-03-16,Instagram
5209,Pune,MH,2023-02-01,Referral
5210,Mumbai,DL,2023-12-20,Instagram
5211,Delhi,DL,2023-06-01,Facebook Ads
5212,Chennai,DL,2023-04-15,Instagram
5213,Delhi,KA,2023-10-05,Facebook Ads
5214,Delhi,TS,2023-01-17,Google Ads
5215,Ahmedabad,WB,2023-07-03,Organic
5216,Kolkata,TS,2023-08-20,Referral
5217,Kolkata,GJ,2023-02-22,Facebook Ads
5218,Mumbai,TS,2023-11-12,Google Ads
5219,Pune,KA,2023-12-12,Organic
5220,Ahmedabad,MH,2023-10-15,Organic
5221,Delhi,MH,2023-04-25,Organic
5222,Ahmedabad,KA,2023-11-28,Facebook Ads
5223,Mumbai,DL,2023-10-15,Google Ads
5224,Kolkata,MH,2023-07-19,Instagram
5225,Chennai,TN,2023-05-02,Google Ads
5226,Hyderabad,TN,2023-09-19,Google Ads
5227,Mumbai,WB,2023-12-23,Google Ads
5228,Ahmedabad,MH,2023-05-28,Facebook Ads
5229,Chennai,WB,2023-12-21,Facebook Ads
5230,Hyderabad,DL,2023-12-07,Facebook Ads
5231,Bangalore,WB,2023-01-25,Google Ads
5232,Mumbai,MH,2023-07-15,Facebook Ads
5233,Mumbai,GJ,2023-07-18,Organic
5234,Bangalore,MH,2023-08-02,Facebook Ads
5235,Bangalore,TN,2023-12-17,Referral
5236,Mumbai,MH,2023-06-10,Facebook Ads
5237,Bangalore,DL,2023-10-10,Facebook Ads
5238,Delhi,GJ,2023-01-28,Facebook Ads
5239,Hyderabad,KA,2023-01-07,Facebook Ads
5240,Hyderabad,GJ,2023-05-09,Referral
5241,Hyderabad,GJ,2023-04-14,Instagram
5242,Delhi,WB,2023-11-14,Facebook Ads
5243,Pune,TN,2023-08-15,Organic
5244,Bangalore,WB,2023-04-26,Referral
5245,Chennai,WB,2023-11-21,Instagram
5246,Bangalore,KA,2023-12-27,Facebook Ads
5247,Mumbai,DL,2023-12-30,Instagram
5248,Kolkata,MH,2023-11-28,Organic
5249,Ahmedabad,TS,2023-07-08,Referral
5250,Ahmedabad,WB,2023-10-29,Referral
5251,Hyderabad,TS,2023-10-07,Instagram
5252,Bangalore,DL,2023-11-05,Facebook Ads
5253,Chennai,TS,2023-04-11,Google Ads
5254,Mumbai,WB,2023-04-10,Referral
5255,Delhi,KA,2023-05-31,Google Ads
5256,Pune,TS,2023-08-18,Referral
5257,Delhi,DL,2023-04-01,Facebook Ads
5258,Chennai,DL,2023-12-16,Facebook Ads
5259,Mumbai,MH,2023-02-08,Referral
5260,Hyderabad,MH,2023-04-06,Instagram
5261,Bangalore,KA,2023-03-30,Facebook Ads
5262,Mumbai,TS,2023-09-21,Facebook Ads
5263,Ahmedabad,TS,2023-03-03,Organic
5264,Pune,MH,2023-07-13,Facebook Ads
5265,Delhi,MH,2023-01-21,Organic
5266,Pune,TN,2023-08-08,Facebook Ads
5267,Pune,DL,2023-05-23,Facebook Ads
5268,Chennai,MH,2023-10-12,Instagram
5269,Chennai,DL,2023-05-16,Instagram
5270,Bangalore,GJ,2023-03-08,Facebook Ads
5271,Chennai,GJ,2023-03-24,Referral
5272,Chennai,MH,2023-10-27,Referral
5273,Mumbai,GJ,2023-05-11,Facebook Ads
5274,Ahmedabad,MH,2023-01-03,Referral
5275,Hyderabad,MH,2023-06-19,Facebook Ads
5276,Bangalore,TN,2023-08-27,Instagram
5277,Mumbai,MH,2023-12-30,Google Ads
5278,Hyderabad,DL,2023-03-21,Organic
5279,Pune,TS,2023-01-21,Referral
5280,Mumbai,DL,2023-03-20,Referral
5281,Kolkata,WB,2023-06-15,Instagram
5282,Mumbai,MH,2023-11-02,Referral
5283,Chennai,KA,2023-01-27,Facebook Ads
5284,Hyderabad,KA,2023-11-17,Facebook Ads
5285,Bangalore,MH,2023-11-12,Google Ads
5286,Bangalore,WB,2023-12-05,Google Ads
5287,Hyderabad,KA,2023-06-04,Google Ads
5288,Chennai,GJ,2023-09-09,Facebook Ads
5289,Delhi,MH,2023-10-21,Google Ads
5290,Mumbai,KA,2023-10-09,Google Ads
5291,Chennai,MH,2023-07-03,Facebook Ads
5292,Kolkata,TN,2023-02-07,Instagram
5293,Ahmedabad,TS,2023-12-29,Referral
5294,Pune,TS,2023-06-12,Organic
5295,Hyderabad,DL,2023-09-27,Facebook Ads
5296,Ahmedabad,WB,2023-04-23,Facebook Ads
5297,Mumbai,MH,2023-04-05,Organic
5298,Bangalore,MH,2023-09-24,Organic
5299,Pune,DL,2023-02-04,Google Ads
5300,Ahmedabad,DL,2023-09-16,Organic
5301,Delhi,MH,2023-03-23,Referral
5302,Ahmedabad,MH,2023-08-01,Referral
5303,Kolkata,DL,2023-10-06,Referral
5304,Bangalore,DL,2023-10-02,Referral
5305,Hyderabad,TS,2023-07-26,Referral
5306,Mumbai,MH,2023-02-17,Google Ads
5307,Hyderabad,GJ,2023-06-28,Facebook Ads
5308,Pune,DL,2023-04-24,Organic
5309,Mumbai,GJ,2023-04-20,Facebook Ads
5310,Chennai,TS,2023-12-06,Organic
5311,Delhi,DL,2023-06-19,Google Ads
5312,Chennai,KA,2023-06-19,Google Ads
5313,Chennai,DL,2023-07-04,Instagram
5314,Hyderabad,MH,2023-05-31,Instagram
5315,Pune,WB,2023-04-22,Google Ads
5316,Delhi,WB,2023-11-13,Google Ads
5317,Ahmedabad,DL,2023-09-29,Organic
5318,Mumbai,TN,2023-09-01,Google Ads
5319,Mumbai,KA,2023-10-15,Facebook Ads
5320,Kolkata,MH,2023-11-29,Organic
5321,Bangalore,DL,2023-01-05,Google Ads
5322,Kolkata,GJ,2023-02-28,Organic
5323,Ahmedabad,MH,2023-12-09,Organic
5324,Kolkata,KA,2023-06-27,Referral
5325,Mumbai,DL,2023-08-17,Instagram
5326,Hyderabad,TN,2023-05-04,Organic
5327,Chennai,TS,2023-11-25,Organic
5328,Pune,TN,2023-11-11,Referral
5329,Chennai,MH,2023-11-15,Google Ads
5330,Chennai,TN,2023-05-05,Organic
5331,Delhi,GJ,2023-01-21,Referral
5332,Mumbai,TS,2023-12-16,Facebook Ads
5333,Ahmedabad,MH,2023-06-14,Referral
5334,Ahmedabad,TS,2023-07-15,Instagram
5335,Pune,WB,2023-02-28,Instagram
5336,Hyderabad,TS,2023-07-17,Google Ads
5337,Delhi,DL,2023-05-12,Google Ads
5338,Bangalore,MH,2023-10-04,Instagram
5339,Hyderabad,WB,2023-05-25,Instagram
5340,Kolkata,WB,2023-01-13,Organic
5341,Hyderabad,MH,2023-09-22,Instagram
5342,Hyderabad,GJ,2023-07-11,Google Ads
5343,Chennai,WB,2023-09-21,Instagram
5344,Hyderabad,TS,2023-09-18,Google Ads
5345,Ahmedabad,TN,2023-08-17,Facebook Ads
5346,Kolkata,KA,2023-09-07,Instagram
5347,Kolkata,GJ,2023-01-23,Google Ads
5348,Mumbai,TS,2023-06-01,Referral
5349,Hyderabad,MH,2023-11-30,Organic
5350,Chennai,MH,2023-04-09,Google Ads
5351,Hyderabad,TN,2023-06-14,Instagram
5352,Bangalore,GJ,2023-09-21,Instagram
5353,Bangalore,GJ,2023-02-12,Facebook Ads
5354,Chennai,TN,2023-02-19,Referral
5355,Mumbai,GJ,2023-03-27,Google Ads
5356,Mumbai,WB,2023-10-03,Referral
5357,Kolkata,DL,2023-10-01,Facebook Ads
5358,Kolkata,DL,2023-01-04,Organic
5359,Delhi,GJ,2023-11-17,Referral
5360,Chennai,WB,2023-02-03,Facebook Ads
5361,Hyderabad,WB,2023-04-18,Google Ads
5362,Pune,MH,2023-12-10,Organic
5363,Chennai,MH,2023-11-19,Instagram
5364,Delhi,KA,2023-04-20,Facebook Ads
5365,Kolkata,KA,2023-12-17,Instagram
5366,Chennai,KA,2023-08-06,Organic
5367,Chennai,KA,2023-02-23,Facebook Ads
5368,Kolkata,TN,2023-04-16,Facebook Ads
5369,Ahmedabad,TN,2023-10-03,Organic
5370,Delhi,MH,2023-12-26,Google Ads
5371,Kolkata,DL,2023-08-11,Facebook Ads
5372,Mumbai,WB,2023-11-28,Organic
5373,Hyderabad,MH,2023-02-06,Referral
5374,Kolkata,DL,2023-12-18,Instagram
5375,Delhi,TS,2023-03-20,Facebook Ads
5376,Bangalore,TN,2023-01-13,Referral
5377,Mumbai,KA,2023-08-24,Facebook Ads
5378,Bangalore,KA,2023-06-19,Google Ads
5379,Pune,TS,2023-01-20,Organic
5380,Kolkata,DL,2023-02-14,Facebook Ads
5381,Mumbai,KA,2023-02-07,Organic
5382,Hyderabad,DL,2023-01-28,Facebook Ads
5383,Kolkata,WB,2023-04-02,Google Ads
5384,Hyderabad,TS,2023-05-09,Google Ads
5385,Ahmedabad,MH,2023-10-13,Referral
5386,Chennai,DL,2023-02-06,Google Ads
5387,Bangalore,WB,2023-10-22,Organic
5388,Mumbai,GJ,2023-04-27,Google Ads
5389,Hyderabad,GJ,2023-05-13,Facebook Ads
5390,Delhi,DL,2023-07-28,Google Ads
5391,Hyderabad,GJ,2023-07-18,Organic
5392,Delhi,DL,2023-08-19,Facebook Ads
5393,Kolkata,KA,2023-11-19,Referral
5394,Mumbai,MH,2023-07-27,Referral
5395,Hyderabad,GJ,2023-08-10,Referral
5396,Pune,TN,2023-06-11,Facebook Ads
5397,Hyderabad,DL,2023-01-09,Referral
5398,Ahmedabad,DL,2023-07-19,Google Ads
5399,Pune,DL,2023-12-11,Facebook Ads
5400,Mumbai,MH,2023-03-02,Facebook Ads
5401,Ahmedabad,WB,2023-10-01,Facebook Ads
5402,Hyderabad,GJ,2023-01-04,Instagram
5403,Delhi,MH,2023-11-25,Organic
5404,Hyderabad,MH,2023-11-13,Instagram
5405,Bangalore,TS,2023-02-02,Instagram
5406,Kolkata,KA,2023-10-27,Instagram
5407,Chennai,MH,2023-01-24,Organic
5408,Delhi,WB,2023-12-25,Instagram
5409,Bangalore,DL,2023-02-07,Referral
5410,Pune,WB,2023-07-03,Facebook Ads
5411,Kolkata,MH,2023-09-15,Facebook Ads
5412,Mumbai,MH,2023-02-24,Google Ads
5413,Delhi,MH,2023-05-29,Referral
5414,Chennai,TS,2023-12-18,Organic
5415,Kolkata,TN,2023-06-04,Facebook Ads
5416,Pune,KA,2023-11-07,Instagram
5417,Ahmedabad,TS,2023-02-14,Google Ads
5418,Ahmedabad,TS,2023-05-25,Google Ads
5419,Chennai,GJ,2023-08-13,Facebook Ads
5420,Mumbai,TN,2023-07-15,Referral
5421,Mumbai,TS,2023-07-22,Google Ads
5422,Pune,MH,2023-12-05,Facebook Ads
5423,Delhi,MH,2023-01-16,Referral
5424,Pune,GJ,2023-08-31,Facebook Ads
5425,Hyderabad,WB,2023-03-22,Facebook Ads
5426,Mumbai,DL,2023-10-01,Referral
5427,Kolkata,TS,2023-04-23,Referral
5428,Hyderabad,DL,2023-03-11,Referral
5429,Ahmedabad,KA,2023-07-20,Facebook Ads
5430,Ahmedabad,MH,2023-10-07,Google Ads
5431,Bangalore,MH,2023-06-01,Organic
5432,Chennai,WB,2023-11-21,Organic
5433,Hyderabad,KA,2023-03-15,Facebook Ads
5434,Chennai,GJ,2023-06-02,Facebook Ads
5435,Pune,WB,2023-12-13,Google Ads
5436,Hyderabad,MH,2023-11-28,Referral
5437,Pune,MH,2023-07-11,Facebook Ads
5438,Bangalore,GJ,2023-01-06,Instagram
5439,Mumbai,TN,2023-10-11,Referral
5440,Ahmedabad,GJ,2023-10-12,Facebook Ads
5441,Bangalore,MH,2023-03-14,Instagram
5442,Ahmedabad,KA,2023-03-05,Google Ads
5443,Mumbai,TN,2023-01-22,Instagram
5444,Pune,MH,2023-01-03,Facebook Ads
5445,Mumbai,KA,2023-10-21,Organic
5446,Ahmedabad,WB,2023-11-02,Facebook Ads
5447,Ahmedabad,TN,2023-07-21,Organic
5448,Chennai,TN,2023-10-03,Google Ads
5449,Kolkata,MH,2023-10-08,Google Ads
5450,Bangalore,GJ,2023-02-13,Referral
5451,Hyderabad,DL,2023-06-06,Referral
5452,Ahmedabad,WB,2023-04-18,Organic
5453,Bangalore,WB,2023-06-26,Organic
5454,Chennai,GJ,2023-04-19,Google Ads
5455,Mumbai,TN,2023-07-31,Instagram
5456,Chennai,TN,2023-11-27,Organic
5457,Delhi,MH,2023-09-20,Organic
5458,Delhi,DL,2023-03-14,Instagram
5459,Hyderabad,WB,2023-03-24,Referral
5460,Chennai,MH,2023-04-05,Referral
5461,Pune,TS,2023-04-24,Organic
5462,Hyderabad,TS,2023-11-12,Referral
5463,Pune,DL,2023-05-10,Referral
5464,Hyderabad,KA,2023-04-10,Referral
5465,Delhi,MH,2023-02-28,Google Ads
5466,Hyderabad,DL,2023-04-03,Facebook Ads
5467,Delhi,GJ,2023-12-10,Organic
5468,Ahmedabad,GJ,2023-10-18,Organic
5469,Mumbai,TS,2023-01-28,Google Ads
5470,Pune,TN,2023-10-09,Facebook Ads
5471,Chennai,TS,2023-08-25,Facebook Ads
5472,Ahmedabad,TN,2023-11-27,Google Ads
5473,Ahmedabad,MH,2023-10-09,Instagram
5474,Hyderabad,TN,2023-02-07,Instagram
5475,Delhi,DL,2023-05-29,Facebook Ads
5476,Bangalore,TN,2023-12-10,Instagram
5477,Pune,KA,2023-02-04,Instagram
5478,Ahmedabad,GJ,2023-05-09,Instagram
5479,Hyderabad,DL,2023-02-20,Facebook Ads
5480,Kolkata,GJ,2023-04-12,Instagram
5481,Mumbai,MH,2023-10-25,Organic
5482,Mumbai,DL,2023-09-07,Facebook Ads
5483,Bangalore,KA,2023-06-19,Google Ads
5484,Delhi,MH,2023-07-02,Instagram
5485,Hyderabad,TS,2023-03-07,Referral
5486,Pune,KA,2023-12-10,Facebook Ads
5487,Delhi,MH,2023-12-02,Google Ads
5488,Mumbai,MH,2023-05-01,Organic
5489,Delhi,TN,2023-02-21,Google Ads
5490,Mumbai,DL,2023-05-26,Instagram
5491,Delhi,MH,2023-11-14,Referral
5492,Bangalore,DL,2023-02-05,Instagram
5493,Chennai,TN,2023-04-10,Google Ads
5494,Bangalore,MH,2023-06-12,Facebook Ads
5495,Bangalore,TS,2023-09-06,Referral
5496,Chennai,MH,2023-08-19,Referral
5497,Chennai,MH,2023-06-18,Google Ads
5498,Ahmedabad,KA,2023-11-12,Instagram
5499,Ahmedabad,MH,2023-12-04,Google Ads
5500,Hyderabad,TN,2023-06-06,Referral
5501,Pune,MH,2023-12-22,Google Ads
5502,Pune,DL,2023-10-27,Referral
5503,Hyderabad,WB,2023-03-20,Instagram
5504,Bangalore,GJ,2023-10-17,Facebook Ads
5505,Bangalore,MH,2023-10-18,Facebook Ads
5506,Mumbai,MH,2023-07-06,Google Ads
5507,Mumbai,MH,2023-06-11,Referral
5508,Pune,GJ,2023-08-08,Facebook Ads
5509,Hyderabad,MH,2023-03-28,Referral
5510,Kolkata,TS,2023-01-03,Instagram
5511,Ahmedabad,MH,2023-06-10,Google Ads
5512,Kolkata,KA,2023-05-07,Referral
5513,Hyderabad,MH,2023-04-24,Google Ads
5514,Mumbai,WB,2023-12-31,Referral
5515,Pune,MH,2023-11-25,Referral
5516,Pune,DL,2023-08-12,Instagram
5517,Mumbai,MH,2023-05-22,Google Ads
5518,Kolkata,MH,2023-07-04,Organic
5519,Delhi,TS,2023-03-10,Referral
5520,Delhi,TN,2023-12-14,Referral
5521,Mumbai,MH,2023-06-19,Facebook Ads
5522,Delhi,MH,2023-09-03,Google Ads
5523,Chennai,KA,2023-08-25,Organic
5524,Hyderabad,TS,2023-08-17,Instagram
5525,Hyderabad,WB,2023-07-03,Organic
5526,Mumbai,TN,2023-06-06,Instagram
5527,Bangalore,MH,2023-09-07,Organic
5528,Ahmedabad,DL,2023-10-10,Organic
5529,Kolkata,MH,2023-02-25,Google Ads
5530,Mumbai,WB,2023-03-31,Facebook Ads
5531,Delhi,TN,2023-11-27,Organic
5532,Kolkata,DL,2023-11-07,Referral
5533,Bangalore,WB,2023-02-11,Referral
5534,Delhi,TS,2023-05-24,Referral
5535,Pune,TS,2023-03-13,Facebook Ads
5536,Ahmedabad,TN,2023-10-03,Organic
5537,Chennai,MH,2023-04-11,Instagram
5538,Delhi,GJ,2023-05-15,Instagram
5539,Chennai,DL,2023-11-17,Google Ads
5540,Kolkata,TS,2023-02-09,Facebook Ads
5541,Chennai,GJ,2023-02-08,Organic
5542,Kolkata,TN,2023-01-10,Referral
5543,Kolkata,TS,2023-09-17,Facebook Ads
5544,Kolkata,TS,2023-11-20,Facebook Ads
5545,Kolkata,WB,2023-01-16,Organic
5546,Kolkata,GJ,2023-10-25,Google Ads
5547,Delhi,WB,2023-10-24,Google Ads
5548,Kolkata,TS,2023-07-27,Google Ads
5549,Delhi,GJ,2023-10-30,Referral
5550,Kolkata,KA,2023-04-19,Referral
5551,Chennai,GJ,2023-01-19,Organic
5552,Pune,WB,2023-10-10,Google Ads
5553,Kolkata,DL,2023-05-14,Organic
5554,Bangalore,TN,2023-10-06,Google Ads
5555,Kolkata,TN,2023-10-04,Facebook Ads
5556,Kolkata,MH,2023-08-30,Instagram
5557,Chennai,DL,2023-12-01,Instagram
5558,Ahmedabad,DL,2023-03-18,Google Ads
5559,Hyderabad,DL,2023-07-07,Organic
5560,Chennai,MH,2023-07-20,Referral
5561,Bangalore,DL,2023-04-25,Google Ads
5562,Hyderabad,MH,2023-10-29,Google Ads
5563,Mumbai,MH,2023-05-29,Referral
5564,Mumbai,TN,2023-03-10,Google Ads
5565,Ahmedabad,MH,2023-08-26,Facebook Ads
5566,Bangalore,MH,2023-09-14,Referral
5567,Chennai,TS,2023-09-19,Facebook Ads
5568,Delhi,TS,2023-02-16,Instagram
5569,Bangalore,TN,2023-07-23,Referral
5570,Pune,TS,2023-07-06,Referral
5571,Hyderabad,DL,2023-09-15,Organic
5572,Hyderabad,MH,2023-01-06,Organic
5573,Kolkata,MH,2023-12-06,Referral
5574,Mumbai,DL,2023-05-03,Instagram
5575,Ahmedabad,TS,2023-11-11,Google Ads
5576,Hyderabad,WB,2023-12-17,Organic
5577,Bangalore,GJ,2023-03-26,Instagram
5578,Hyderabad,MH,2023-09-21,Instagram
5579,Ahmedabad,DL,2023-03-13,Organic
5580,Ahmedabad,MH,2023-08-17,Google Ads
5581,Ahmedabad,TN,2023-03-23,Organic
5582,Bangalore,DL,2023-04-02,Instagram
5583,Delhi,WB,2023-10-17,Facebook Ads
5584,Kolkata,TS,2023-10-17,Organic
5585,Mumbai,MH,2023-12-04,Instagram
5586,Hyderabad,TN,2023-03-16,Organic
5587,Bangalore,MH,2023-09-05,Instagram
5588,Chennai,TN,2023-07-03,Google Ads
5589,Mumbai,GJ,2023-01-21,Instagram
5590,Delhi,MH,2023-04-23,Referral
5591,Bangalore,MH,2023-09-07,Facebook Ads
5592,Pune,TS,2023-04-29,Instagram
5593,Pune,MH,2023-02-02,Organic
5594,Kolkata,MH,2023-05-16,Organic
5595,Kolkata,GJ,2023-07-09,Instagram
5596,Delhi,TN,2023-04-30,Referral
5597,Delhi,KA,2023-01-22,Instagram
5598,Kolkata,MH,2023-12-09,Google Ads
5599,Hyderabad,MH,2023-04-16,Referral
5600,Hyderabad,DL,2023-09-23,Instagram
5601,Bangalore,TN,2023-07-04,Facebook Ads
5602,Chennai,WB,2023-07-18,Referral
5603,Bangalore,KA,2023-08-29,Instagram
5604,Chennai,TS,2023-08-21,Facebook Ads
5605,Delhi,DL,2023-01-24,Instagram
5606,Mumbai,GJ,2023-01-21,Google Ads
5607,Bangalore,KA,2023-11-29,Organic
5608,Bangalore,TN,2023-06-15,Instagram
5609,Chennai,KA,2023-02-22,Referral
5610,Ahmedabad,GJ,2023-12-27,Instagram
5611,Delhi,MH,2023-09-24,Instagram
5612,Delhi,MH,2023-11-21,Instagram
5613,Pune,MH,2023-05-21,Instagram
5614,Ahmedabad,MH,2023-05-15,Referral
5615,Chennai,DL,2023-10-24,Referral
5616,Delhi,GJ,2023-10-06,Instagram
5617,Ahmedabad,TN,2023-10-19,Organic
5618,Kolkata,TN,2023-03-31,Instagram
5619,Ahmedabad,KA,2023-07-12,Referral
5620,Hyderabad,DL,2023-12-01,Google Ads
5621,Pune,TN,2023-07-13,Instagram
5622,Kolkata,WB,2023-07-07,Instagram
5623,Mumbai,WB,2023-10-28,Instagram
5624,Bangalore,MH,2023-12-01,Instagram
5625,Pune,MH,2023-02-09,Facebook Ads
5626,Mumbai,KA,2023-09-22,Instagram
5627,Bangalore,TS,2023-05-09,Referral
5628,Hyderabad,GJ,2023-07-12,Referral
5629,Ahmedabad,MH,2023-04-25,Facebook Ads
5630,Delhi,DL,2023-09-22,Instagram
5631,Kolkata,TN,2023-07-27,Organic
5632,Chennai,MH,2023-06-30,Instagram
5633,Kolkata,TS,2023-06-26,Referral
5634,Hyderabad,TS,2023-09-07,Google Ads
5635,Mumbai,WB,2023-09-04,Google Ads
5636,Chennai,DL,2023-11-06,Organic
5637,Delhi,MH,2023-01-04,Instagram
5638,Hyderabad,KA,2023-09-14,Facebook Ads
5639,Chennai,MH,2023-03-13,Instagram
5640,Hyderabad,WB,2023-08-14,Organic
5641,Ahmedabad,MH,2023-03-26,Organic
5642,Hyderabad,TS,2023-04-28,Organic
5643,Delhi,DL,2023-02-09,Google Ads
5644,Pune,DL,2023-09-21,Instagram
5645,Bangalore,KA,2023-11-26,Instagram
5646,Chennai,DL,2023-05-24,Facebook Ads
5647,Ahmedabad,WB,2023-04-19,Organic
5648,Delhi,WB,2023-03-18,Organic
5649,Hyderabad,WB,2023-04-06,Referral
5650,Ahmedabad,DL,2023-03-22,Referral
5651,Delhi,DL,2023-07-05,Google Ads
5652,Pune,WB,2023-11-05,Instagram
5653,Ahmedabad,DL,2023-03-02,Facebook Ads
5654,Ahmedabad,GJ,2023-12-05,Facebook Ads
5655,Bangalore,DL,2023-04-28,Organic
5656,Kolkata,GJ,2023-08-01,Facebook Ads
5657,Chennai,TS,2023-06-19,Organic
5658,Bangalore,MH,2023-02-28,Instagram
5659,Mumbai,TN,2023-09-04,Facebook Ads
5660,Chennai,GJ,2023-12-12,Organic
5661,Bangalore,GJ,2023-09-03,Instagram
5662,Hyderabad,DL,2023-09-03,Instagram
5663,Chennai,TN,2023-04-18,Organic
5664,Chennai,MH,2023-10-30,Organic
5665,Delhi,TN,2023-03-24,Google Ads
5666,Hyderabad,TS,2023-11-28,Instagram
5667,Mumbai,GJ,2023-07-30,Organic
5668,Kolkata,DL,2023-01-12,Instagram
5669,Ahmedabad,WB,2023-05-05,Facebook Ads
5670,Pune,TN,2023-01-23,Referral
5671,Bangalore,DL,2023-03-07,Referral
5672,Delhi,KA,2023-10-21,Organic
5673,Bangalore,MH,2023-10-31,Organic
5674,Mumbai,WB,2023-03-24,Instagram
5675,Ahmedabad,KA,2023-03-10,Organic
5676,Mumbai,KA,2023-11-19,Instagram
5677,Chennai,TN,2023-09-20,Organic
5678,Pune,KA,2023-01-21,Instagram
5679,Mumbai,TS,2023-10-21,Organic
5680,Bangalore,TS,2023-03-17,Google Ads
5681,Hyderabad,TN,2023-01-29,Instagram
5682,Hyderabad,DL,2023-03-27,Google Ads
5683,Chennai,MH,2023-05-13,Google Ads
5684,Kolkata,DL,2023-04-03,Google Ads
5685,Bangalore,DL,2023-09-22,Google Ads
5686,Bangalore,DL,2023-07-27,Facebook Ads
5687,Mumbai,DL,2023-11-03,Referral
5688,Pune,WB,2023-10-16,Facebook Ads
5689,Bangalore,MH,2023-11-23,Organic
5690,Delhi,WB,2023-01-10,Organic
5691,Kolkata,KA,2023-12-05,Referral
5692,Mumbai,MH,2023-05-26,Referral
5693,Delhi,DL,2023-02-13,Referral
5694,Chennai,MH,2023-04-21,Google Ads
5695,Hyderabad,TS,2023-08-18,Facebook Ads
5696,Chennai,TN,2023-11-07,Organic
5697,Hyderabad,TN,2023-08-30,Facebook Ads
5698,Chennai,WB,2023-09-04,Facebook Ads
5699,Bangalore,WB,2023-03-29,Facebook Ads
5700,Delhi,TS,2023-04-23,Referral
5701,Hyderabad,DL,2023-07-30,Referral
5702,Mumbai,MH,2023-11-04,Organic
5703,Delhi,GJ,2023-03-15,Organic
5704,Mumbai,MH,2023-10-26,Organic
5705,Delhi,MH,2023-04-04,Facebook Ads
5706,Delhi,KA,2023-11-16,Referral
5707,Chennai,TN,2023-12-04,Google Ads
5708,Hyderabad,KA,2023-09-19,Facebook Ads
5709,Hyderabad,MH,2023-05-16,Instagram
5710,Pune,WB,2023-03-27,Facebook Ads
5711,Delhi,MH,2023-12-18,Referral
5712,Bangalore,TN,2023-06-25,Instagram
5713,Bangalore,KA,2023-08-21,Facebook Ads
5714,Mumbai,GJ,2023-11-02,Referral
5715,Mumbai,WB,2023-10-30,Referral
5716,Chennai,MH,2023-02-05,Google Ads
5717,Delhi,GJ,2023-04-28,Facebook Ads
5718,Mumbai,KA,2023-07-13,Referral
5719,Mumbai,GJ,2023-07-17,Organic
5720,Kolkata,MH,2023-03-09,Referral
5721,Delhi,DL,2023-02-25,Google Ads
5722,Ahmedabad,GJ,2023-01-09,Referral
5723,Chennai,WB,2023-04-14,Facebook Ads
5724,Mumbai,MH,2023-09-25,Facebook Ads
5725,Chennai,KA,2023-09-16,Instagram
5726,Hyderabad,MH,2023-12-17,Facebook Ads
5727,Chennai,DL,2023-08-03,Instagram
5728,Ahmedabad,DL,2023-03-18,Organic
5729,Bangalore,MH,2023-11-07,Google Ads
5730,Ahmedabad,TS,2023-02-19,Organic
5731,Bangalore,MH,2023-04-01,Instagram
5732,Chennai,MH,2023-09-01,Referral
5733,Bangalore,TN,2023-11-11,Referral
5734,Hyderabad,MH,2023-11-04,Organic
5735,Delhi,DL,2023-01-20,Referral
5736,Bangalore,DL,2023-09-30,Instagram
5737,Bangalore,GJ,2023-09-15,Google Ads
5738,Chennai,MH,2023-03-02,Facebook Ads
5739,Hyderabad,TS,2023-02-17,Instagram
5740,Pune,TN,2023-09-04,Instagram
5741,Pune,KA,2023-12-04,Facebook Ads
5742,Pune,MH,2023-03-08,Facebook Ads
5743,Pune,TN,2023-11-05,Google Ads
5744,Delhi,MH,2023-10-04,Google Ads
5745,Ahmedabad,TN,2023-01-01,Google Ads
5746,Chennai,GJ,2023-12-14,Referral
5747,Chennai,WB,2023-11-29,Instagram
5748,Kolkata,DL,2023-08-09,Facebook Ads
5749,Hyderabad,GJ,2023-09-25,Instagram
5750,Pune,KA,2023-08-04,Instagram
5751,Delhi,MH,2023-07-09,Google Ads
5752,Hyderabad,GJ,2023-01-23,Google Ads
5753,Pune,DL,2023-12-24,Instagram
5754,Delhi,WB,2023-09-29,Google Ads
5755,Hyderabad,GJ,2023-08-08,Referral
5756,Chennai,WB,2023-04-28,Facebook Ads
5757,Chennai,GJ,2023-09-04,Instagram
5758,Ahmedabad,DL,2023-07-15,Facebook Ads
5759,Mumbai,TS,2023-06-29,Referral
5760,Ahmedabad,TN,2023-10-29,Google Ads
5761,Bangalore,MH,2023-12-23,Organic
5762,Ahmedabad,MH,2023-10-22,Referral
5763,Pune,MH,2023-02-20,Organic
5764,Kolkata,DL,2023-08-06,Facebook Ads
5765,Hyderabad,MH,2023-03-10,Instagram
5766,Kolkata,TS,2023-05-11,Google Ads
5767,Mumbai,KA,2023-09-02,Referral
5768,Bangalore,WB,2023-04-30,Google Ads
5769,Hyderabad,DL,2023-02-12,Organic
5770,Delhi,MH,2023-05-26,Organic
5771,Pune,KA,2023-11-03,Instagram
5772,Bangalore,WB,2023-10-06,Organic
5773,Chennai,WB,2023-07-29,Instagram
5774,Mumbai,TS,2023-05-12,Referral
5775,Bangalore,TN,2023-04-07,Instagram
5776,Pune,MH,2023-01-03,Organic
5777,Ahmedabad,GJ,2023-12-30,Facebook Ads
5778,Bangalore,KA,2023-01-04,Instagram
5779,Ahmedabad,DL,2023-10-23,Google Ads
5780,Pune,KA,2023-09-25,Facebook Ads
5781,Chennai,TN,2023-03-02,Instagram
5782,Hyderabad,MH,2023-09-24,Google Ads
5783,Delhi,KA,2023-01-04,Facebook Ads
5784,Chennai,TN,2023-07-12,Instagram
5785,Ahmedabad,DL,2023-12-02,Referral
5786,Ahmedabad,TS,2023-04-16,Google Ads
5787,Delhi,MH,2023-12-19,Referral
5788,Hyderabad,WB,2023-06-11,Organic
5789,Bangalore,DL,2023-07-29,Instagram
5790,Delhi,MH,2023-07-05,Instagram
5791,Mumbai,WB,2023-02-24,Google Ads
5792,Mumbai,MH,2023-03-21,Instagram
5793,Pune,DL,2023-08-07,Organic
5794,Chennai,GJ,2023-11-30,Instagram
5795,Ahmedabad,DL,2023-10-27,Facebook Ads
5796,Hyderabad,DL,2023-05-10,Referral
5797,Pune,GJ,2023-05-14,Organic
5798,Chennai,DL,2023-10-02,Organic
5799,Chennai,WB,2023-08-05,Referral
5800,Pune,MH,2023-10-17,Referral
5801,Kolkata,MH,2023-07-07,Organic
5802,Chennai,TN,2023-11-10,Referral
5803,Kolkata,KA,2023-05-22,Google Ads
5804,Mumbai,GJ,2023-12-15,Referral
5805,Mumbai,TS,2023-07-23,Facebook Ads
5806,Chennai,GJ,2023-04-15,Facebook Ads
5807,Mumbai,MH,2023-07-31,Google Ads
5808,Hyderabad,KA,2023-10-10,Referral
5809,Kolkata,KA,2023-10-13,Facebook Ads
5810,Kolkata,TS,2023-09-05,Instagram
5811,Chennai,MH,2023-04-02,Referral
5812,Mumbai,WB,2023-07-09,Google Ads
5813,Delhi,MH,2023-10-14,Referral
5814,Ahmedabad,TS,2023-10-12,Organic
5815,Pune,MH,2023-09-05,Organic
5816,Pune,WB,2023-05-10,Facebook Ads
5817,Kolkata,KA,2023-06-07,Organic
5818,Chennai,MH,2023-10-23,Google Ads
5819,Chennai,WB,2023-06-26,Facebook Ads
5820,Hyderabad,WB,2023-12-28,Google Ads
5821,Bangalore,TN,2023-07-23,Google Ads
5822,Ahmedabad,TS,2023-03-12,Organic
5823,Bangalore,TN,2023-12-04,Organic
5824,Kolkata,GJ,2023-03-02,Google Ads
5825,Pune,KA,2023-04-28,Organic
5826,Hyderabad,TS,2023-08-17,Organic
5827,Hyderabad,KA,2023-12-25,Organic
5828,Hyderabad,TN,2023-03-24,Referral
5829,Kolkata,MH,2023-02-21,Google Ads
5830,Bangalore,WB,2023-04-20,Instagram
5831,Pune,KA,2023-09-18,Google Ads
5832,Hyderabad,TS,2023-07-25,Facebook Ads
5833,Pune,GJ,2023-06-23,Organic
5834,Mumbai,TS,2023-10-09,Organic
5835,Chennai,KA,2023-11-11,Instagram
5836,Chennai,TS,2023-12-23,Facebook Ads
5837,Pune,GJ,2023-12-17,Referral
5838,Delhi,WB,2023-12-28,Google Ads
5839,Delhi,MH,2023-01-27,Referral
5840,Kolkata,WB,2023-03-24,Facebook Ads
5841,Kolkata,TS,2023-07-19,Instagram
5842,Chennai,GJ,2023-11-22,Facebook Ads
5843,Mumbai,GJ,2023-01-03,Instagram
5844,Ahmedabad,KA,2023-02-16,Referral
5845,Bangalore,TN,2023-03-16,Referral
5846,Bangalore,TS,2023-08-30,Facebook Ads
5847,Kolkata,TS,2023-11-04,Facebook Ads
5848,Mumbai,TS,2023-08-11,Organic
5849,Kolkata,TS,2023-02-15,Instagram
5850,Ahmedabad,KA,2023-02-02,Organic
5851,Bangalore,TN,2023-05-15,Google Ads
5852,Pune,TN,2023-04-24,Google Ads
5853,Kolkata,MH,2023-07-09,Facebook Ads
5854,Hyderabad,TS,2023-02-10,Referral
5855,Pune,TS,2023-11-08,Google Ads
5856,Ahmedabad,MH,2023-01-20,Google Ads
5857,Ahmedabad,TN,2023-07-16,Organic
5858,Kolkata,GJ,2023-07-25,Organic
5859,Chennai,GJ,2023-11-11,Google Ads
5860,Kolkata,DL,2023-12-02,Facebook Ads
5861,Chennai,WB,2023-09-24,Organic
5862,Ahmedabad,DL,2023-05-27,Google Ads
5863,Mumbai,TN,2023-12-31,Referral
5864,Ahmedabad,MH,2023-11-02,Organic
5865,Bangalore,TS,2023-01-30,Google Ads
5866,Pune,DL,2023-03-31,Instagram
5867,Pune,KA,2023-11-24,Organic
5868,Delhi,GJ,2023-09-11,Instagram
5869,Delhi,KA,2023-08-13,Organic
5870,Ahmedabad,MH,2023-01-06,Organic
5871,Bangalore,TN,2023-04-14,Instagram
5872,Delhi,TN,2023-12-03,Facebook Ads
5873,Pune,DL,2023-09-23,Google Ads
5874,Kolkata,TS,2023-05-27,Facebook Ads
5875,Mumbai,TN,2023-04-10,Facebook Ads
5876,Mumbai,DL,2023-01-18,Google Ads
5877,Bangalore,DL,2023-11-03,Referral
5878,Ahmedabad,WB,2023-09-19,Facebook Ads
5879,Delhi,WB,2023-09-22,Facebook Ads
5880,Kolkata,TN,2023-12-24,Facebook Ads
5881,Mumbai,DL,2023-04-29,Referral
5882,Mumbai,MH,2023-11-11,Organic
5883,Hyderabad,MH,2023-03-28,Instagram
5884,Ahmedabad,WB,2023-12-12,Instagram
5885,Hyderabad,TN,2023-01-19,Referral
5886,Pune,GJ,2023-07-04,Facebook Ads
5887,Mumbai,TS,2023-05-03,Instagram
5888,Bangalore,MH,2023-12-02,Referral
5889,Chennai,GJ,2023-01-01,Google Ads
5890,Chennai,MH,2023-03-22,Instagram
5891,Kolkata,MH,2023-02-14,Google Ads
5892,Mumbai,GJ,2023-05-22,Facebook Ads
5893,Mumbai,WB,2023-07-24,Instagram
5894,Pune,WB,2023-06-30,Referral
5895,Mumbai,TN,2023-12-09,Organic
5896,Bangalore,WB,2023-07-22,Instagram
5897,Hyderabad,KA,2023-07-27,Instagram
5898,Mumbai,MH,2023-10-28,Instagram
5899,Mumbai,GJ,2023-04-13,Instagram
5900,Pune,GJ,2023-09-23,Referral
5901,Ahmedabad,DL,2023-01-08,Referral
5902,Delhi,MH,2023-12-27,Organic
5903,Ahmedabad,GJ,2023-02-05,Referral
5904,Pune,KA,2023-02-16,Referral
5905,Ahmedabad,GJ,2023-10-09,Facebook Ads
5906,Pune,TS,2023-05-26,Facebook Ads
5907,Bangalore,KA,2023-10-14,Google Ads
5908,Kolkata,TN,2023-10-26,Organic
5909,Mumbai,TS,2023-06-28,Facebook Ads
5910,Pune,TS,2023-06-27,Organic
5911,Pune,GJ,2023-05-22,Organic
5912,Delhi,WB,2023-04-26,Instagram
5913,Pune,GJ,2023-11-07,Organic
5914,Chennai,KA,2023-04-10,Instagram
5915,Kolkata,TN,2023-08-21,Google Ads
5916,Mumbai,MH,2023-07-26,Google Ads
5917,Mumbai,MH,2023-10-22,Google Ads
5918,Delhi,WB,2023-01-03,Instagram
5919,Bangalore,KA,2023-05-14,Instagram
5920,Mumbai,MH,2023-03-31,Google Ads
5921,Chennai,KA,2023-07-28,Instagram
5922,Mumbai,WB,2023-09-17,Referral
5923,Chennai,MH,2023-02-24,Referral
5924,Kolkata,WB,2023-10-14,Instagram
5925,Kolkata,KA,2023-02-07,Instagram
5926,Hyderabad,TS,2023-09-15,Facebook Ads
5927,Hyderabad,MH,2023-05-31,Facebook Ads
5928,Chennai,DL,2023-06-24,Organic
5929,Bangalore,MH,2023-03-01,Organic
5930,Mumbai,TS,2023-09-20,Organic
5931,Pune,WB,2023-05-12,Google Ads
5932,Mumbai,MH,2023-10-03,Referral
5933,Hyderabad,WB,2023-10-22,Google Ads
5934,Ahmedabad,WB,2023-05-09,Instagram
5935,Pune,MH,2023-12-22,Facebook Ads
5936,Chennai,TN,2023-08-15,Instagram
5937,Pune,WB,2023-07-13,Instagram
5938,Ahmedabad,MH,2023-10-16,Facebook Ads
5939,Mumbai,MH,2023-09-05,Instagram
5940,Mumbai,MH,2023-05-05,Organic
5941,Bangalore,TS,2023-06-23,Facebook Ads
5942,Delhi,DL,2023-08-23,Instagram
5943,Pune,WB,2023-12-15,Organic
5944,Hyderabad,GJ,2023-08-24,Organic
5945,Ahmedabad,WB,2023-10-28,Referral
5946,Ahmedabad,WB,2023-01-15,Organic
5947,Ahmedabad,GJ,2023-09-04,Google Ads
5948,Hyderabad,MH,2023-03-01,Facebook Ads
5949,Delhi,WB,2023-05-13,Facebook Ads
5950,Mumbai,TS,2023-02-04,Facebook Ads
5951,Bangalore,KA,2023-07-15,Instagram
5952,Bangalore,TN,2023-11-21,Instagram
5953,Hyderabad,MH,2023-04-23,Google Ads
5954,Bangalore,WB,2023-12-13,Organic
5955,Ahmedabad,MH,2023-12-26,Instagram
5956,Kolkata,TS,2023-04-28,Organic
5957,Delhi,WB,2023-06-11,Organic
5958,Mumbai,GJ,2023-07-31,Instagram
5959,Kolkata,MH,2023-06-30,Instagram
5960,Delhi,KA,2023-09-22,Google Ads
5961,Chennai,DL,2023-10-02,Referral
5962,Pune,WB,2023-01-05,Facebook Ads
5963,Hyderabad,TS,2023-12-25,Instagram
5964,Ahmedabad,MH,2023-05-15,Instagram
5965,Bangalore,GJ,2023-05-08,Organic
5966,Chennai,MH,2023-05-28,Referral
5967,Bangalore,WB,2023-02-17,Instagram
5968,Kolkata,MH,2023-07-24,Referral
5969,Mumbai,DL,2023-12-11,Facebook Ads
5970,Mumbai,MH,2023-06-25,Organic
5971,Mumbai,MH,2023-02-08,Google Ads
5972,Ahmedabad,TN,2023-10-11,Facebook Ads
5973,Bangalore,MH,2023-04-02,Referral
5974,Chennai,TN,2023-09-01,Referral
5975,Mumbai,MH,2023-06-10,Facebook Ads
5976,Chennai,GJ,2023-07-01,Referral
5977,Bangalore,GJ,2023-04-22,Google Ads
5978,Ahmedabad,WB,2023-10-21,Google Ads
5979,Kolkata,GJ,2023-05-18,Referral
5980,Ahmedabad,TN,2023-04-04,Referral
5981,Chennai,TS,2023-12-16,Google Ads
5982,Ahmedabad,TN,2023-04-08,Referral
5983,Ahmedabad,MH,2023-09-13,Instagram
5984,Kolkata,MH,2023-04-13,Organic
5985,Bangalore,WB,2023-05-01,Instagram
5986,Bangalore,KA,2023-05-04,Referral
5987,Hyderabad,WB,2023-05-16,Referral
5988,Ahmedabad,WB,2023-04-16,Organic
5989,Bangalore,WB,2023-04-28,Referral
5990,Bangalore,TS,2023-04-14,Organic
5991,Delhi,DL,2023-05-08,Google Ads
5992,Mumbai,MH,2023-11-13,Organic
5993,Hyderabad,MH,2023-07-02,Organic
5994,Pune,DL,2023-03-21,Instagram
5995,Hyderabad,KA,2023-02-24,Referral
5996,Hyderabad,DL,2023-03-03,Google Ads
5997,Pune,MH,2023-02-10,Facebook Ads
5998,Delhi,MH,2023-12-13,Organic
5999,Ahmedabad,MH,2023-12-06,Facebook Ads
6000,Kolkata,MH,2023-09-10,Referral
6001,Bangalore,KA,2023-11-11,Organic
6002,Mumbai,MH,2023-01-04,Facebook Ads
6003,Chennai,KA,2023-10-05,Instagram
6004,Ahmedabad,KA,2023-01-22,Facebook Ads
6005,Pune,MH,2023-09-04,Instagram
6006,Kolkata,TN,2023-07-10,Google Ads
6007,Ahmedabad,MH,2023-11-14,Referral
6008,Pune,KA,2023-06-11,Facebook Ads
6009,Bangalore,MH,2023-09-10,Organic
6010,Delhi,GJ,2023-10-22,Referral
6011,Ahmedabad,TN,2023-05-21,Facebook Ads
6012,Pune,MH,2023-09-09,Organic
6013,Bangalore,KA,2023-04-04,Organic
6014,Bangalore,MH,2023-09-19,Organic
6015,Delhi,TN,2023-05-24,Organic
6016,Hyderabad,MH,2023-07-23,Facebook Ads
6017,Ahmedabad,TS,2023-04-24,Google Ads
6018,Ahmedabad,WB,2023-10-23,Instagram
6019,Hyderabad,TS,2023-03-07,Instagram
6020,Mumbai,TN,2023-01-28,Instagram
6021,Mumbai,KA,2023-09-27,Google Ads
6022,Hyderabad,MH,2023-08-05,Organic
6023,Kolkata,DL,2023-09-02,Organic
6024,Chennai,MH,2023-10-04,Referral
6025,Bangalore,MH,2023-01-17,Instagram
6026,Chennai,DL,2023-09-15,Instagram
6027,Bangalore,DL,2023-06-27,Organic
6028,Hyderabad,MH,2023-07-21,Instagram
6029,Mumbai,MH,2023-12-18,Organic
6030,Kolkata,KA,2023-03-31,Organic
6031,Mumbai,TN,2023-08-23,Organic
6032,Chennai,GJ,2023-03-03,Facebook Ads
6033,Mumbai,MH,2023-12-24,Facebook Ads
6034,Hyderabad,TN,2023-09-23,Facebook Ads
6035,Kolkata,TS,2023-08-24,Facebook Ads
6036,Chennai,KA,2023-06-11,Google Ads
6037,Kolkata,KA,2023-12-19,Referral
6038,Ahmedabad,GJ,2023-01-05,Referral
6039,Bangalore,TS,2023-01-07,Organic
6040,Mumbai,MH,2023-12-12,Instagram
6041,Kolkata,WB,2023-04-18,Facebook Ads
6042,Delhi,TS,2023-07-14,Referral
6043,Ahmedabad,MH,2023-10-25,Referral
6044,Mumbai,DL,2023-02-21,Facebook Ads
6045,Bangalore,MH,2023-06-16,Google Ads
6046,Kolkata,KA,2023-07-05,Google Ads
6047,Chennai,MH,2023-11-10,Referral
6048,Bangalore,TN,2023-05-13,Google Ads
6049,Delhi,GJ,2023-04-06,Facebook Ads
6050,Kolkata,MH,2023-10-08,Referral
6051,Pune,TN,2023-05-15,Facebook Ads
6052,Pune,MH,2023-05-02,Google Ads
6053,Hyderabad,KA,2023-05-18,Facebook Ads
6054,Mumbai,TS,2023-08-30,Google Ads
6055,Chennai,WB,2023-11-10,Google Ads
6056,Hyderabad,TS,2023-06-25,Facebook Ads
6057,Kolkata,MH,2023-07-07,Google Ads
6058,Pune,GJ,2023-04-05,Organic
6059,Pune,TS,2023-09-13,Facebook Ads
6060,Pune,KA,2023-08-06,Organic
6061,Kolkata,GJ,2023-04-18,Facebook Ads
6062,Pune,MH,2023-08-03,Google Ads
6063,Bangalore,DL,2023-12-25,Google Ads
6064,Ahmedabad,TS,2023-07-10,Referral
6065,Kolkata,TS,2023-07-06,Referral
6066,Chennai,WB,2023-07-25,Organic
6067,Ahmedabad,MH,2023-05-24,Google Ads
6068,Hyderabad,TN,2023-08-19,Referral
6069,Chennai,TS,2023-04-03,Google Ads
6070,Ahmedabad,KA,2023-10-20,Facebook Ads
6071,Delhi,TS,2023-03-09,Referral
6072,Pune,WB,2023-10-22,Organic
6073,Delhi,DL,2023-12-18,Referral
6074,Mumbai,WB,2023-04-28,Google Ads
6075,Mumbai,TS,2023-02-21,Instagram
6076,Ahmedabad,GJ,2023-05-19,Instagram
6077,Delhi,TN,2023-05-01,Google Ads
6078,Kolkata,MH,2023-10-12,Facebook Ads
6079,Chennai,TS,2023-08-10,Referral
6080,Delhi,MH,2023-07-15,Instagram
6081,Mumbai,TS,2023-04-11,Facebook Ads
6082,Delhi,TN,2023-03-16,Google Ads
6083,Kolkata,MH,2023-03-18,Facebook Ads
6084,Delhi,KA,2023-08-31,Google Ads
6085,Chennai,GJ,2023-01-05,Referral
6086,Hyderabad,MH,2023-04-01,Facebook Ads
6087,Kolkata,WB,2023-08-04,Referral
6088,Mumbai,DL,2023-09-13,Facebook Ads
6089,Chennai,WB,2023-03-10,Google Ads
6090,Delhi,MH,2023-11-19,Google Ads
6091,Delhi,MH,2023-09-22,Facebook Ads
6092,Hyderabad,KA,2023-10-01,Google Ads
6093,Mumbai,TS,2023-06-11,Organic
6094,Mumbai,GJ,2023-09-07,Organic
6095,Bangalore,MH,2023-06-03,Referral
6096,Mumbai,WB,2023-05-09,Organic
6097,Hyderabad,MH,2023-10-15,Organic
6098,Pune,MH,2023-10-18,Instagram
6099,Bangalore,MH,2023-01-25,Instagram
6100,Bangalore,KA,2023-07-23,Instagram
6101,Delhi,GJ,2023-02-20,Instagram
6102,Delhi,TN,2023-12-20,Google Ads
6103,Mumbai,TN,2023-03-25,Referral
6104,Bangalore,MH,2023-01-31,Referral
6105,Ahmedabad,KA,2023-04-21,Organic
6106,Delhi,KA,2023-05-11,Referral
6107,Hyderabad,MH,2023-09-01,Organic
6108,Ahmedabad,MH,2023-11-19,Referral
6109,Delhi,WB,2023-02-19,Facebook Ads
6110,Kolkata,WB,2023-08-19,Facebook Ads
6111,Kolkata,DL,2023-06-21,Referral
6112,Delhi,GJ,2023-05-14,Google Ads
6113,Bangalore,MH,2023-07-04,Organic
6114,Pune,DL,2023-07-04,Referral
6115,Pune,WB,2023-10-14,Organic
6116,Bangalore,WB,2023-10-13,Instagram
6117,Chennai,MH,2023-05-12,Referral
6118,Pune,DL,2023-06-26,Google Ads
6119,Kolkata,DL,2023-01-11,Instagram
6120,Hyderabad,MH,2023-07-30,Referral
6121,Bangalore,GJ,2023-03-04,Facebook Ads
6122,Mumbai,MH,2023-06-29,Referral
6123,Kolkata,DL,2023-12-14,Facebook Ads
6124,Hyderabad,MH,2023-11-07,Facebook Ads
6125,Hyderabad,TS,2023-04-12,Referral
6126,Bangalore,GJ,2023-10-23,Referral
6127,Hyderabad,WB,2023-10-22,Facebook Ads
6128,Bangalore,TN,2023-11-29,Organic
6129,Pune,GJ,2023-11-29,Instagram
6130,Delhi,MH,2023-10-03,Google Ads
6131,Kolkata,MH,2023-03-31,Referral
6132,Chennai,MH,2023-05-26,Instagram
6133,Delhi,KA,2023-07-01,Instagram
6134,Kolkata,GJ,2023-06-16,Organic
6135,Bangalore,DL,2023-12-11,Instagram
6136,Kolkata,DL,2023-09-19,Referral
6137,Pune,KA,2023-09-07,Instagram
6138,Bangalore,DL,2023-08-17,Referral
6139,Delhi,KA,2023-02-10,Referral
6140,Mumbai,MH,2023-07-15,Facebook Ads
6141,Mumbai,MH,2023-11-11,Organic
6142,Ahmedabad,GJ,2023-05-27,Google Ads
6143,Ahmedabad,TS,2023-08-26,Facebook Ads
6144,Kolkata,MH,2023-11-20,Google Ads
6145,Mumbai,TS,2023-03-16,Referral
6146,Bangalore,WB,2023-03-27,Facebook Ads
6147,Hyderabad,MH,2023-11-24,Instagram
6148,Bangalore,TN,2023-06-22,Instagram
6149,Hyderabad,DL,2023-08-04,Google Ads
6150,Delhi,TN,2023-11-20,Referral
6151,Chennai,MH,2023-11-10,Google Ads
6152,Hyderabad,TS,2023-10-20,Organic
6153,Mumbai,GJ,2023-07-27,Instagram
6154,Bangalore,MH,2023-02-06,Facebook Ads
6155,Delhi,GJ,2023-02-10,Facebook Ads
6156,Mumbai,MH,2023-03-24,Facebook Ads
6157,Delhi,MH,2023-06-25,Instagram
6158,Chennai,DL,2023-04-27,Referral
6159,Pune,MH,2023-06-10,Instagram
6160,Bangalore,MH,2023-06-12,Instagram
6161,Kolkata,MH,2023-12-01,Facebook Ads
6162,Bangalore,GJ,2023-05-30,Instagram
6163,Ahmedabad,GJ,2023-12-30,Facebook Ads
6164,Chennai,TS,2023-05-17,Referral
6165,Bangalore,MH,2023-11-06,Organic
6166,Ahmedabad,TN,2023-11-27,Facebook Ads
6167,Kolkata,TS,2023-07-22,Google Ads
6168,Hyderabad,DL,2023-05-19,Organic
6169,Delhi,TS,2023-08-16,Referral
6170,Kolkata,KA,2023-07-05,Organic
6171,Mumbai,GJ,2023-10-28,Facebook Ads
6172,Chennai,TN,2023-09-24,Referral
6173,Hyderabad,GJ,2023-08-19,Google Ads
6174,Mumbai,KA,2023-07-31,Facebook Ads
6175,Mumbai,KA,2023-03-27,Facebook Ads
6176,Chennai,WB,2023-04-05,Referral
6177,Hyderabad,MH,2023-01-12,Referral
6178,Pune,DL,2023-03-06,Organic
6179,Mumbai,MH,2023-05-01,Google Ads
6180,Mumbai,KA,2023-12-05,Organic
6181,Hyderabad,TS,2023-05-09,Organic
6182,Bangalore,MH,2023-12-25,Facebook Ads
6183,Mumbai,TS,2023-02-10,Referral
6184,Delhi,GJ,2023-04-18,Facebook Ads
6185,Hyderabad,TS,2023-03-27,Google Ads
6186,Mumbai,MH,2023-07-23,Organic
6187,Chennai,MH,2023-02-22,Google Ads
6188,Kolkata,MH,2023-02-18,Referral
6189,Delhi,TS,2023-02-02,Referral
6190,Ahmedabad,DL,2023-08-31,Instagram
6191,Ahmedabad,MH,2023-10-08,Google Ads
6192,Kolkata,TN,2023-01-28,Facebook Ads
6193,Ahmedabad,WB,2023-01-14,Google Ads
6194,Kolkata,TN,2023-07-23,Organic
6195,Mumbai,DL,2023-09-26,Referral
6196,Delhi,MH,2023-02-12,Referral
6197,Delhi,WB,2023-02-23,Google Ads
6198,Bangalore,MH,2023-05-15,Google Ads
6199,Kolkata,MH,2023-11-13,Google Ads
6200,Delhi,WB,2023-03-21,Organic
6201,Bangalore,GJ,2023-02-13,Organic
6202,Hyderabad,TS,2023-12-02,Facebook Ads
6203,Bangalore,TN,2023-07-19,Google Ads
6204,Chennai,WB,2023-06-08,Facebook Ads
6205,Pune,TS,2023-04-28,Instagram
6206,Mumbai,MH,2023-05-07,Organic
6207,Hyderabad,DL,2023-05-26,Referral
6208,Pune,WB,2023-08-15,Instagram
6209,Pune,TS,2023-11-17,Referral
6210,Hyderabad,MH,2023-03-06,Instagram
6211,Chennai,MH,2023-03-09,Facebook Ads
6212,Bangalore,MH,2023-09-27,Facebook Ads
6213,Mumbai,DL,2023-03-29,Organic
6214,Bangalore,MH,2023-01-15,Referral
6215,Delhi,DL,2023-01-18,Instagram
6216,Bangalore,DL,2023-12-06,Google Ads
6217,Ahmedabad,GJ,2023-07-02,Google Ads
6218,Hyderabad,TN,2023-06-16,Organic
6219,Mumbai,MH,2023-09-01,Referral
6220,Bangalore,TS,2023-08-28,Google Ads
6221,Mumbai,WB,2023-10-04,Organic
6222,Mumbai,TN,2023-05-20,Organic
6223,Delhi,MH,2023-10-08,Referral
6224,Delhi,KA,2023-08-16,Google Ads
6225,Hyderabad,DL,2023-03-11,Google Ads
6226,Chennai,KA,2023-12-24,Google Ads
6227,Ahmedabad,MH,2023-10-04,Facebook Ads
6228,Pune,TN,2023-04-01,Google Ads
6229,Mumbai,TS,2023-10-30,Instagram
6230,Chennai,TN,2023-11-02,Facebook Ads
6231,Pune,GJ,2023-08-22,Facebook Ads
6232,Pune,TS,2023-11-20,Facebook Ads
6233,Ahmedabad,TS,2023-11-22,Facebook Ads
6234,Hyderabad,MH,2023-10-16,Organic
6235,Pune,MH,2023-08-11,Instagram
6236,Ahmedabad,MH,2023-09-26,Referral
6237,Pune,DL,2023-11-24,Google Ads
6238,Mumbai,TN,2023-11-24,Facebook Ads
6239,Mumbai,TS,2023-10-01,Referral
6240,Kolkata,MH,2023-06-08,Organic
6241,Chennai,MH,2023-06-27,Referral
6242,Bangalore,TN,2023-09-04,Facebook Ads
6243,Ahmedabad,TN,2023-10-04,Instagram
6244,Delhi,GJ,2023-04-27,Referral
6245,Ahmedabad,TS,2023-02-15,Facebook Ads
6246,Bangalore,WB,2023-08-15,Facebook Ads
6247,Chennai,GJ,2023-06-07,Google Ads
6248,Delhi,KA,2023-07-07,Google Ads
6249,Bangalore,DL,2023-07-31,Instagram
6250,Kolkata,DL,2023-05-14,Google Ads
6251,Delhi,WB,2023-03-21,Instagram
6252,Mumbai,MH,2023-06-05,Organic
6253,Bangalore,GJ,2023-01-06,Organic
6254,Ahmedabad,WB,2023-01-01,Google Ads
6255,Delhi,MH,2023-09-25,Organic
6256,Kolkata,MH,2023-03-11,Referral
6257,Ahmedabad,WB,2023-06-26,Referral
6258,Pune,DL,2023-05-27,Referral
6259,Delhi,KA,2023-08-29,Organic
6260,Delhi,DL,2023-10-01,Referral
6261,Kolkata,MH,2023-01-05,Instagram
6262,Pune,DL,2023-12-19,Facebook Ads
6263,Bangalore,DL,2023-09-09,Google Ads
6264,Hyderabad,GJ,2023-09-02,Instagram
6265,Bangalore,WB,2023-06-03,Referral
6266,Pune,WB,2023-01-05,Facebook Ads
6267,Chennai,MH,2023-08-09,Google Ads
6268,Ahmedabad,MH,2023-05-30,Instagram
6269,Kolkata,GJ,2023-11-02,Google Ads
6270,Bangalore,WB,2023-04-29,Organic
6271,Delhi,DL,2023-01-04,Referral
6272,Kolkata,KA,2023-10-08,Instagram
6273,Mumbai,MH,2023-07-11,Instagram
6274,Pune,TN,2023-04-07,Facebook Ads
6275,Ahmedabad,MH,2023-07-30,Facebook Ads
6276,Bangalore,MH,2023-10-15,Facebook Ads
6277,Kolkata,MH,2023-08-12,Google Ads
6278,Ahmedabad,MH,2023-07-22,Referral
6279,Bangalore,TN,2023-05-08,Google Ads
6280,Kolkata,DL,2023-03-25,Referral
6281,Delhi,KA,2023-11-27,Instagram
6282,Mumbai,KA,2023-07-19,Google Ads
6283,Mumbai,MH,2023-07-13,Google Ads
6284,Chennai,TN,2023-04-23,Google Ads
6285,Kolkata,GJ,2023-05-15,Organic
6286,Bangalore,MH,2023-02-10,Referral
6287,Mumbai,TS,2023-08-05,Referral
6288,Pune,DL,2023-11-17,Google Ads
6289,Mumbai,GJ,2023-05-03,Organic
6290,Hyderabad,MH,2023-09-22,Google Ads
6291,Hyderabad,KA,2023-11-10,Referral
6292,Mumbai,MH,2023-12-22,Instagram
6293,Kolkata,GJ,2023-12-17,Organic
6294,Chennai,GJ,2023-05-20,Organic
6295,Mumbai,WB,2023-05-26,Google Ads
6296,Delhi,WB,2023-11-29,Instagram
6297,Ahmedabad,TN,2023-09-30,Referral
6298,Bangalore,TN,2023-05-18,Facebook Ads
6299,Chennai,MH,2023-07-31,Referral
6300,Delhi,GJ,2023-04-07,Referral
6301,Chennai,TS,2023-02-05,Instagram
6302,Delhi,KA,2023-04-04,Organic
6303,Bangalore,MH,2023-03-11,Referral
6304,Bangalore,TS,2023-05-29,Organic
6305,Hyderabad,MH,2023-02-26,Instagram
6306,Kolkata,TN,2023-11-23,Instagram
6307,Delhi,WB,2023-08-22,Google Ads
6308,Ahmedabad,DL,2023-11-13,Facebook Ads
6309,Hyderabad,GJ,2023-08-20,Instagram
6310,Delhi,MH,2023-05-20,Instagram
6311,Hyderabad,WB,2023-12-25,Organic
6312,Bangalore,KA,2023-11-15,Instagram
6313,Chennai,KA,2023-09-09,Referral
6314,Pune,WB,2023-04-07,Google Ads
6315,Hyderabad,MH,2023-06-14,Google Ads
6316,Delhi,WB,2023-01-10,Referral
6317,Delhi,TS,2023-03-19,Instagram
6318,Pune,MH,2023-01-26,Facebook Ads
6319,Kolkata,TN,2023-10-01,Instagram
6320,Ahmedabad,TS,2023-01-12,Google Ads
6321,Bangalore,DL,2023-04-06,Facebook Ads
6322,Delhi,WB,2023-02-22,Organic
6323,Mumbai,DL,2023-05-25,Organic
6324,Chennai,DL,2023-05-18,Instagram
6325,Hyderabad,TS,2023-03-06,Instagram
6326,Kolkata,TN,2023-08-13,Facebook Ads
6327,Ahmedabad,MH,2023-01-05,Facebook Ads
6328,Pune,KA,2023-04-30,Instagram
6329,Chennai,MH,2023-02-16,Google Ads
6330,Bangalore,GJ,2023-03-19,Organic
6331,Kolkata,KA,2023-01-08,Facebook Ads
6332,Ahmedabad,TN,2023-09-10,Google Ads
6333,Hyderabad,GJ,2023-04-22,Instagram
6334,Hyderabad,KA,2023-06-25,Referral
6335,Pune,WB,2023-08-04,Facebook Ads
6336,Mumbai,WB,2023-06-09,Referral
6337,Pune,TS,2023-09-13,Google Ads
6338,Bangalore,DL,2023-07-10,Organic
6339,Kolkata,GJ,2023-08-26,Google Ads
6340,Kolkata,TN,2023-12-23,Organic
6341,Delhi,TN,2023-01-17,Google Ads
6342,Mumbai,KA,2023-06-19,Facebook Ads
6343,Mumbai,TS,2023-02-11,Facebook Ads
6344,Kolkata,KA,2023-03-16,Referral
6345,Kolkata,KA,2023-01-29,Google Ads
6346,Chennai,TN,2023-05-17,Google Ads
6347,Ahmedabad,KA,2023-07-20,Referral
6348,Chennai,DL,2023-02-06,Instagram
6349,Chennai,KA,2023-10-06,Google Ads
6350,Mumbai,GJ,2023-08-29,Google Ads
6351,Delhi,DL,2023-04-03,Google Ads
6352,Hyderabad,TN,2023-04-09,Instagram
6353,Chennai,TS,2023-05-09,Facebook Ads
6354,Delhi,WB,2023-07-15,Referral
6355,Pune,GJ,2023-01-07,Instagram
6356,Bangalore,DL,2023-03-04,Organic
6357,Chennai,TS,2024-01-01,Organic
6358,Pune,TS,2023-05-08,Instagram
6359,Hyderabad,DL,2023-07-17,Instagram
6360,Bangalore,TN,2023-08-15,Facebook Ads
6361,Bangalore,MH,2023-05-07,Organic
6362,Hyderabad,TS,2023-01-18,Referral
6363,Chennai,TS,2023-04-12,Google Ads
6364,Mumbai,TN,2023-08-24,Google Ads
6365,Hyderabad,TN,2023-02-18,Facebook Ads
6366,Hyderabad,KA,2023-09-24,Facebook Ads
6367,Hyderabad,TN,2023-12-07,Organic
6368,Bangalore,TS,2023-04-17,Referral
6369,Ahmedabad,DL,2023-08-31,Referral
6370,Delhi,MH,2023-07-19,Instagram
6371,Pune,MH,2023-12-15,Facebook Ads
6372,Mumbai,KA,2023-06-09,Google Ads
6373,Chennai,MH,2023-06-15,Google Ads
6374,Chennai,DL,2023-03-23,Organic
6375,Pune,MH,2023-11-19,Google Ads
6376,Delhi,MH,2023-01-22,Referral
6377,Hyderabad,MH,2023-10-09,Referral
6378,Ahmedabad,WB,2023-09-24,Facebook Ads
6379,Mumbai,DL,2023-03-04,Organic
6380,Chennai,GJ,2023-05-10,Google Ads
6381,Pune,KA,2023-09-04,Facebook Ads
6382,Kolkata,KA,2023-11-23,Instagram
6383,Ahmedabad,MH,2023-06-02,Instagram
6384,Pune,DL,2023-04-12,Google Ads
6385,Ahmedabad,WB,2023-07-04,Google Ads
6386,Chennai,MH,2023-01-27,Google Ads
6387,Hyderabad,TN,2023-12-08,Referral
6388,Kolkata,GJ,2023-04-22,Google Ads
6389,Delhi,MH,2023-02-27,Instagram
6390,Mumbai,KA,2023-05-01,Google Ads
6391,Delhi,MH,2023-11-21,Organic
6392,Delhi,TS,2023-08-11,Instagram
6393,Pune,MH,2023-06-16,Organic
6394,Ahmedabad,TN,2023-01-08,Instagram
6395,Mumbai,KA,2023-03-27,Facebook Ads
6396,Mumbai,MH,2023-05-22,Instagram
6397,Chennai,GJ,2023-10-27,Instagram
6398,Chennai,WB,2023-03-03,Organic
6399,Mumbai,DL,2023-07-22,Organic
6400,Kolkata,KA,2023-05-05,Instagram
6401,Bangalore,GJ,2023-01-05,Instagram
6402,Chennai,MH,2023-01-22,Referral
6403,Bangalore,DL,2023-10-25,Facebook Ads
6404,Pune,MH,2023-12-20,Facebook Ads
6405,Kolkata,DL,2023-09-01,Google Ads
6406,Mumbai,WB,2023-12-19,Instagram
6407,Kolkata,WB,2023-11-02,Instagram
6408,Chennai,MH,2023-03-21,Instagram
6409,Delhi,MH,2023-07-10,Instagram
6410,Pune,KA,2023-02-15,Facebook Ads
6411,Mumbai,WB,2023-05-08,Organic
6412,Hyderabad,TN,2023-03-22,Referral
6413,Pune,MH,2023-09-13,Organic
6414,Ahmedabad,MH,2023-02-16,Organic
6415,Bangalore,MH,2023-12-18,Facebook Ads
6416,Kolkata,KA,2023-11-13,Referral
6417,Mumbai,MH,2023-06-23,Instagram
6418,Pune,TS,2023-11-17,Facebook Ads
6419,Kolkata,DL,2023-01-31,Facebook Ads
6420,Mumbai,MH,2023-01-31,Referral
6421,Chennai,GJ,2023-07-02,Google Ads
6422,Pune,DL,2023-11-27,Facebook Ads
6423,Chennai,MH,2023-03-20,Organic
6424,Pune,MH,2023-12-26,Organic
6425,Chennai,GJ,2023-10-02,Instagram
6426,Ahmedabad,TN,2023-02-24,Facebook Ads
6427,Kolkata,GJ,2023-03-06,Instagram
6428,Hyderabad,WB,2023-09-07,Facebook Ads
6429,Pune,WB,2023-04-30,Referral
6430,Ahmedabad,MH,2023-06-12,Facebook Ads
6431,Pune,TS,2023-10-13,Google Ads
6432,Chennai,KA,2023-11-27,Organic
6433,Mumbai,KA,2023-06-27,Referral
6434,Pune,TN,2023-08-13,Organic
6435,Ahmedabad,MH,2023-04-09,Instagram
6436,Chennai,MH,2023-01-11,Referral
6437,Delhi,TS,2023-12-19,Google Ads
6438,Chennai,MH,2023-07-13,Organic
6439,Kolkata,KA,2023-07-03,Facebook Ads
6440,Hyderabad,MH,2023-03-10,Facebook Ads
6441,Delhi,MH,2023-05-09,Facebook Ads
6442,Kolkata,MH,2023-01-21,Referral
6443,Kolkata,WB,2023-09-06,Google Ads
6444,Kolkata,TN,2023-12-28,Google Ads
6445,Mumbai,KA,2023-08-13,Google Ads
6446,Kolkata,TS,2023-10-14,Organic
6447,Mumbai,TN,2023-05-31,Referral
6448,Kolkata,DL,2023-10-05,Facebook Ads
6449,Bangalore,WB,2023-12-23,Organic
6450,Ahmedabad,TS,2023-09-08,Google Ads
6451,Delhi,GJ,2023-04-08,Facebook Ads
6452,Bangalore,TN,2023-10-18,Referral
6453,Kolkata,MH,2023-04-06,Instagram
6454,Delhi,DL,2023-10-06,Google Ads
6455,Delhi,TS,2023-06-28,Google Ads
6456,Pune,MH,2023-06-15,Google Ads
6457,Hyderabad,WB,2023-08-28,Google Ads
6458,Bangalore,GJ,2023-05-21,Facebook Ads
6459,Hyderabad,DL,2023-11-03,Referral
6460,Delhi,KA,2023-10-11,Organic
6461,Mumbai,GJ,2023-03-24,Facebook Ads
6462,Delhi,MH,2023-02-05,Referral
6463,Hyderabad,TN,2023-09-29,Organic
6464,Bangalore,MH,2023-03-21,Google Ads
6465,Kolkata,TS,2023-08-19,Referral
6466,Pune,DL,2023-06-01,Google Ads
6467,Pune,MH,2023-05-15,Referral
6468,Pune,KA,2023-10-05,Instagram
6469,Kolkata,MH,2023-07-07,Google Ads
6470,Pune,TS,2023-08-21,Google Ads
6471,Bangalore,TS,2023-01-01,Google Ads
6472,Kolkata,MH,2023-11-23,Facebook Ads
6473,Pune,KA,2023-09-17,Organic
6474,Kolkata,WB,2023-07-14,Google Ads
6475,Hyderabad,MH,2023-04-05,Google Ads
6476,Ahmedabad,WB,2023-01-10,Facebook Ads
6477,Ahmedabad,DL,2023-11-14,Facebook Ads
6478,Bangalore,MH,2023-07-06,Instagram
6479,Chennai,MH,2023-11-14,Referral
6480,Mumbai,DL,2023-05-03,Google Ads
6481,Pune,GJ,2023-06-14,Referral
6482,Mumbai,WB,2023-02-02,Facebook Ads
6483,Kolkata,GJ,2023-12-04,Facebook Ads
6484,Mumbai,GJ,2023-10-03,Instagram
6485,Bangalore,MH,2023-07-18,Organic
6486,Bangalore,TS,2023-04-08,Facebook Ads
6487,Delhi,DL,2023-09-26,Google Ads
6488,Ahmedabad,GJ,2023-12-16,Instagram
6489,Pune,KA,2023-09-12,Organic
6490,Delhi,TN,2023-10-10,Instagram
6491,Mumbai,WB,2023-03-20,Facebook Ads
6492,Chennai,WB,2023-11-10,Organic
6493,Delhi,KA,2023-05-25,Referral
6494,Delhi,MH,2023-06-15,Organic
6495,Bangalore,MH,2023-07-29,Google Ads
6496,Chennai,MH,2023-11-25,Referral
6497,Kolkata,DL,2023-06-14,Referral
6498,Mumbai,MH,2023-02-26,Google Ads
6499,Delhi,GJ,2023-02-19,Referral
6500,Chennai,TS,2023-09-25,Facebook Ads
6501,Ahmedabad,TN,2023-12-04,Organic
6502,Pune,MH,2023-02-04,Organic
6503,Chennai,MH,2023-01-23,Google Ads
6504,Ahmedabad,KA,2023-03-08,Facebook Ads
6505,Mumbai,DL,2023-04-02,Referral
6506,Chennai,WB,2023-01-17,Organic
6507,Ahmedabad,WB,2023-04-14,Organic
6508,Chennai,KA,2023-02-24,Organic
6509,Chennai,DL,2023-09-06,Organic
6510,Pune,KA,2023-04-09,Instagram
6511,Ahmedabad,WB,2023-02-20,Google Ads
6512,Ahmedabad,MH,2023-01-17,Referral
6513,Delhi,TS,2023-10-20,Referral
6514,Mumbai,GJ,2023-11-25,Google Ads
6515,Pune,MH,2023-07-18,Facebook Ads
6516,Chennai,DL,2023-12-03,Google Ads
6517,Chennai,GJ,2023-09-08,Organic
6518,Delhi,TN,2023-09-27,Organic
6519,Mumbai,TN,2023-11-16,Google Ads
6520,Bangalore,MH,2023-12-26,Google Ads
6521,Pune,KA,2023-10-30,Referral
6522,Delhi,KA,2023-05-12,Referral
6523,Mumbai,WB,2023-01-26,Instagram
6524,Pune,MH,2023-07-07,Instagram
6525,Chennai,WB,2023-04-24,Organic
6526,Mumbai,WB,2023-11-07,Instagram
6527,Mumbai,TN,2023-02-06,Instagram
6528,Kolkata,WB,2023-01-07,Facebook Ads
6529,Mumbai,GJ,2023-04-17,Google Ads
6530,Bangalore,MH,2023-12-02,Referral
6531,Mumbai,WB,2023-09-09,Instagram
6532,Bangalore,TN,2023-02-10,Referral
6533,Chennai,MH,2023-08-28,Instagram
6534,Bangalore,KA,2023-11-24,Instagram
6535,Pune,DL,2023-02-01,Organic
6536,Chennai,TS,2023-07-04,Facebook Ads
6537,Chennai,WB,2023-10-13,Google Ads
6538,Bangalore,GJ,2023-08-01,Google Ads
6539,Ahmedabad,MH,2023-07-08,Organic
6540,Delhi,DL,2023-12-29,Organic
6541,Hyderabad,TN,2023-01-30,Google Ads
6542,Ahmedabad,DL,2023-11-12,Google Ads
6543,Mumbai,TS,2023-05-17,Facebook Ads
6544,Kolkata,GJ,2023-09-28,Instagram
6545,Hyderabad,DL,2023-01-21,Facebook Ads
6546,Mumbai,GJ,2023-02-06,Google Ads
6547,Ahmedabad,MH,2023-06-05,Instagram
6548,Ahmedabad,DL,2023-02-09,Google Ads
6549,Mumbai,GJ,2023-04-21,Facebook Ads
6550,Chennai,DL,2023-09-23,Facebook Ads
6551,Mumbai,DL,2023-02-19,Facebook Ads
6552,Kolkata,MH,2023-02-21,Instagram
6553,Ahmedabad,WB,2023-04-29,Referral
6554,Mumbai,TN,2023-09-30,Referral
6555,Bangalore,TS,2023-07-17,Google Ads
6556,Hyderabad,TN,2023-04-08,Instagram
6557,Bangalore,MH,2023-04-09,Organic
6558,Kolkata,MH,2023-09-27,Referral
6559,Mumbai,MH,2023-12-03,Instagram
6560,Pune,MH,2023-05-08,Instagram
6561,Kolkata,WB,2023-10-19,Referral
6562,Chennai,MH,2023-11-17,Instagram
6563,Bangalore,DL,2023-04-02,Instagram
6564,Bangalore,TN,2023-10-13,Referral
6565,Delhi,KA,2023-10-13,Facebook Ads
6566,Mumbai,TS,2023-08-01,Google Ads
6567,Chennai,MH,2023-02-24,Organic
6568,Pune,TN,2023-11-23,Google Ads
6569,Bangalore,MH,2023-10-23,Facebook Ads
6570,Bangalore,MH,2023-07-03,Facebook Ads
6571,Chennai,WB,2023-12-12,Instagram
6572,Kolkata,MH,2023-08-23,Google Ads
6573,Kolkata,MH,2023-12-26,Facebook Ads
6574,Mumbai,GJ,2023-12-07,Google Ads
6575,Ahmedabad,GJ,2023-08-07,Facebook Ads
6576,Delhi,MH,2023-02-23,Organic
6577,Bangalore,MH,2023-03-27,Facebook Ads
6578,Ahmedabad,GJ,2023-04-03,Google Ads
6579,Ahmedabad,MH,2023-10-09,Instagram
6580,Delhi,TS,2023-07-25,Google Ads
6581,Ahmedabad,TN,2023-09-16,Referral
6582,Ahmedabad,GJ,2023-06-22,Google Ads
6583,Kolkata,GJ,2023-12-03,Organic
6584,Kolkata,WB,2023-03-22,Organic
6585,Hyderabad,MH,2023-10-01,Organic
6586,Pune,MH,2023-11-04,Facebook Ads
6587,Mumbai,MH,2023-08-15,Organic
6588,Ahmedabad,MH,2023-06-30,Google Ads
6589,Hyderabad,GJ,2023-06-11,Instagram
6590,Pune,DL,2023-10-09,Organic
6591,Hyderabad,DL,2023-06-16,Google Ads
6592,Hyderabad,KA,2023-07-10,Facebook Ads
6593,Mumbai,MH,2023-07-31,Facebook Ads
6594,Mumbai,KA,2023-11-21,Instagram
6595,Chennai,TS,2023-08-09,Instagram
6596,Delhi,KA,2023-06-15,Google Ads
6597,Delhi,TN,2023-11-08,Instagram
6598,Chennai,DL,2023-05-04,Instagram
6599,Chennai,DL,2023-10-16,Facebook Ads
6600,Kolkata,MH,2023-10-07,Google Ads
6601,Pune,GJ,2023-04-20,Instagram
6602,Hyderabad,MH,2023-07-12,Google Ads
6603,Ahmedabad,TS,2023-10-09,Organic
6604,Chennai,WB,2023-05-11,Facebook Ads
6605,Bangalore,TS,2023-07-04,Facebook Ads
6606,Delhi,TN,2023-08-20,Facebook Ads
6607,Chennai,MH,2023-08-18,Referral
6608,Bangalore,MH,2023-07-23,Google Ads
6609,Bangalore,TS,2023-01-01,Organic
6610,Bangalore,TS,2023-01-18,Instagram
6611,Kolkata,TS,2023-05-26,Organic
6612,Kolkata,DL,2023-11-02,Google Ads
6613,Ahmedabad,KA,2023-01-09,Facebook Ads
6614,Ahmedabad,KA,2023-09-23,Referral
6615,Bangalore,MH,2023-03-11,Google Ads
6616,Pune,DL,2023-06-04,Google Ads
6617,Kolkata,TS,2023-01-04,Instagram
6618,Hyderabad,MH,2023-06-03,Organic
6619,Bangalore,DL,2023-04-24,Organic
6620,Hyderabad,TN,2023-04-20,Instagram
6621,Hyderabad,WB,2023-06-11,Referral
6622,Bangalore,DL,2023-01-12,Facebook Ads
6623,Delhi,MH,2023-12-20,Facebook Ads
6624,Pune,MH,2023-05-22,Referral
6625,Bangalore,GJ,2023-10-11,Instagram
6626,Ahmedabad,KA,2023-09-19,Google Ads
6627,Bangalore,MH,2023-10-12,Organic
6628,Kolkata,TS,2023-10-20,Google Ads
6629,Bangalore,WB,2023-10-20,Organic
6630,Delhi,GJ,2023-03-21,Google Ads
6631,Kolkata,TN,2023-02-18,Instagram
6632,Ahmedabad,GJ,2023-01-20,Instagram
6633,Mumbai,WB,2023-08-24,Referral
6634,Mumbai,GJ,2023-07-02,Google Ads
6635,Hyderabad,WB,2023-03-21,Google Ads
6636,Pune,DL,2023-03-12,Referral
6637,Hyderabad,MH,2023-05-16,Referral
6638,Delhi,GJ,2023-07-07,Instagram
6639,Chennai,GJ,2023-10-26,Instagram
6640,Ahmedabad,MH,2023-05-08,Google Ads
6641,Pune,WB,2023-04-30,Instagram
6642,Ahmedabad,TS,2023-05-12,Instagram
6643,Mumbai,MH,2023-06-03,Google Ads
6644,Hyderabad,WB,2023-02-17,Referral
6645,Ahmedabad,MH,2023-10-20,Google Ads
6646,Mumbai,TS,2023-07-24,Facebook Ads
6647,Delhi,TN,2023-10-19,Google Ads
6648,Delhi,MH,2023-04-22,Facebook Ads
6649,Chennai,WB,2023-02-09,Google Ads
6650,Ahmedabad,KA,2023-06-16,Facebook Ads
6651,Chennai,KA,2023-09-05,Facebook Ads
6652,Kolkata,WB,2023-03-30,Google Ads
6653,Pune,DL,2023-09-07,Instagram
6654,Ahmedabad,TN,2023-12-20,Organic
6655,Delhi,DL,2023-12-26,Instagram
6656,Hyderabad,MH,2023-10-23,Facebook Ads
6657,Mumbai,KA,2023-02-18,Google Ads
6658,Bangalore,TS,2023-11-01,Google Ads
6659,Chennai,WB,2023-11-25,Google Ads
6660,Bangalore,MH,2023-06-03,Google Ads
6661,Ahmedabad,GJ,2023-01-20,Organic
6662,Hyderabad,GJ,2023-10-23,Referral
6663,Chennai,MH,2023-07-15,Facebook Ads
6664,Bangalore,KA,2023-02-10,Organic
6665,Pune,TN,2023-01-29,Instagram
6666,Hyderabad,KA,2023-06-21,Referral
6667,Mumbai,TN,2023-06-28,Referral
6668,Pune,TN,2023-08-11,Google Ads
6669,Hyderabad,WB,2023-08-02,Organic
6670,Kolkata,TN,2023-03-03,Instagram
6671,Chennai,DL,2023-04-27,Google Ads
6672,Delhi,GJ,2023-12-01,Google Ads
6673,Mumbai,MH,2023-11-05,Facebook Ads
6674,Ahmedabad,TS,2023-01-06,Referral
6675,Pune,KA,2023-11-21,Instagram
6676,Pune,TS,2023-11-20,Referral
6677,Bangalore,MH,2023-07-15,Organic
6678,Chennai,MH,2023-01-28,Facebook Ads
6679,Ahmedabad,MH,2023-06-06,Google Ads
6680,Delhi,KA,2023-09-26,Facebook Ads
6681,Hyderabad,GJ,2023-01-22,Google Ads
6682,Delhi,TS,2023-06-13,Facebook Ads
6683,Chennai,TS,2023-10-04,Google Ads
6684,Chennai,WB,2023-10-17,Referral
6685,Kolkata,WB,2023-03-18,Referral
6686,Kolkata,MH,2023-06-17,Referral
6687,Delhi,MH,2023-09-15,Referral
6688,Hyderabad,MH,2023-12-24,Facebook Ads
6689,Delhi,TN,2023-04-24,Google Ads
6690,Chennai,KA,2023-03-20,Referral
6691,Chennai,WB,2023-01-26,Facebook Ads
6692,Bangalore,KA,2023-12-11,Google Ads
6693,Kolkata,MH,2023-07-21,Facebook Ads
6694,Ahmedabad,WB,2023-08-17,Referral
6695,Ahmedabad,WB,2023-11-01,Organic
6696,Ahmedabad,TN,2023-10-22,Facebook Ads
6697,Bangalore,KA,2023-09-16,Referral
6698,Mumbai,GJ,2023-02-16,Instagram
6699,Ahmedabad,KA,2023-04-24,Google Ads
6700,Chennai,KA,2023-08-10,Referral
6701,Bangalore,TN,2023-05-29,Instagram
6702,Delhi,WB,2023-07-21,Facebook Ads
6703,Kolkata,MH,2023-03-17,Facebook Ads
6704,Kolkata,KA,2023-03-09,Instagram
6705,Hyderabad,TS,2023-06-22,Instagram
6706,Delhi,GJ,2023-02-12,Google Ads
6707,Hyderabad,GJ,2023-09-01,Facebook Ads
6708,Bangalore,TN,2023-10-20,Instagram
6709,Pune,DL,2023-01-26,Organic
6710,Ahmedabad,MH,2023-10-08,Organic
6711,Mumbai,TS,2023-07-24,Instagram
6712,Delhi,KA,2023-05-15,Google Ads
6713,Delhi,DL,2023-02-13,Facebook Ads
6714,Delhi,MH,2023-07-24,Organic
6715,Hyderabad,TN,2023-09-14,Instagram
6716,Bangalore,DL,2023-08-11,Instagram
6717,Delhi,WB,2023-12-24,Referral
6718,Pune,MH,2023-03-08,Instagram
6719,Delhi,DL,2023-03-11,Google Ads
6720,Kolkata,MH,2023-09-04,Organic
6721,Ahmedabad,GJ,2023-10-14,Referral
6722,Mumbai,TS,2023-04-12,Organic
6723,Ahmedabad,MH,2023-09-07,Organic
6724,Kolkata,TS,2023-07-22,Google Ads
6725,Kolkata,TS,2023-11-30,Instagram
6726,Mumbai,KA,2023-10-20,Google Ads
6727,Pune,TN,2023-04-11,Instagram
6728,Bangalore,DL,2023-10-15,Referral
6729,Kolkata,MH,2023-11-12,Google Ads
6730,Bangalore,GJ,2023-09-26,Google Ads
6731,Kolkata,WB,2023-05-07,Facebook Ads
6732,Chennai,TN,2023-05-05,Google Ads
6733,Mumbai,TN,2023-02-06,Facebook Ads
6734,Kolkata,MH,2023-05-17,Instagram
6735,Chennai,TN,2023-08-09,Instagram
6736,Ahmedabad,KA,2023-06-15,Instagram
6737,Hyderabad,TN,2023-12-17,Facebook Ads
6738,Chennai,GJ,2023-10-22,Instagram
6739,Delhi,GJ,2023-02-15,Organic
6740,Kolkata,KA,2023-02-27,Google Ads
6741,Chennai,DL,2023-12-10,Facebook Ads
6742,Bangalore,DL,2023-07-31,Instagram
6743,Hyderabad,TS,2023-08-05,Organic
6744,Pune,GJ,2023-07-07,Google Ads
6745,Kolkata,KA,2023-06-28,Google Ads
6746,Delhi,WB,2023-04-08,Instagram
6747,Pune,DL,2023-06-14,Organic
6748,Chennai,TN,2023-06-26,Facebook Ads
6749,Pune,MH,2023-11-01,Instagram
6750,Pune,MH,2023-12-02,Google Ads
6751,Hyderabad,MH,2023-01-13,Google Ads
6752,Ahmedabad,GJ,2023-06-06,Google Ads
6753,Pune,KA,2023-03-28,Instagram
6754,Pune,WB,2023-06-29,Referral
6755,Kolkata,TS,2023-11-12,Referral
6756,Ahmedabad,TN,2023-08-15,Referral
6757,Hyderabad,KA,2023-11-16,Organic
6758,Delhi,MH,2023-03-16,Instagram
6759,Chennai,MH,2023-08-14,Google Ads
6760,Hyderabad,KA,2023-01-23,Organic
6761,Hyderabad,TN,2023-04-30,Referral
6762,Mumbai,WB,2023-04-13,Facebook Ads
6763,Hyderabad,GJ,2023-12-17,Organic
6764,Ahmedabad,WB,2023-07-11,Organic
6765,Mumbai,DL,2023-03-21,Instagram
6766,Chennai,TN,2023-02-13,Organic
6767,Pune,MH,2023-02-27,Instagram
6768,Kolkata,DL,2023-01-28,Facebook Ads
6769,Kolkata,DL,2023-05-05,Google Ads
6770,Chennai,DL,2023-11-14,Google Ads
6771,Chennai,KA,2023-03-17,Referral
6772,Ahmedabad,MH,2023-05-28,Referral
6773,Bangalore,MH,2023-01-08,Facebook Ads
6774,Pune,WB,2023-06-25,Google Ads
6775,Chennai,GJ,2023-12-22,Referral
6776,Hyderabad,KA,2023-02-26,Organic
6777,Ahmedabad,MH,2023-06-06,Instagram
6778,Kolkata,WB,2023-08-19,Referral
6779,Delhi,GJ,2023-08-30,Facebook Ads
6780,Ahmedabad,MH,2023-01-12,Google Ads
6781,Kolkata,GJ,2023-06-19,Facebook Ads
6782,Mumbai,MH,2023-04-18,Instagram
6783,Ahmedabad,TN,2023-10-03,Instagram
6784,Kolkata,GJ,2023-04-19,Facebook Ads
6785,Bangalore,WB,2023-04-15,Referral
6786,Ahmedabad,WB,2023-10-07,Referral
6787,Ahmedabad,MH,2023-09-25,Google Ads
6788,Pune,WB,2023-05-13,Google Ads
6789,Chennai,TS,2023-10-08,Organic
6790,Pune,TN,2023-09-05,Organic
6791,Ahmedabad,KA,2023-11-15,Google Ads
6792,Chennai,GJ,2023-03-14,Organic
6793,Kolkata,KA,2023-12-22,Facebook Ads
6794,Delhi,MH,2023-12-24,Referral
6795,Delhi,KA,2023-12-09,Organic
6796,Ahmedabad,DL,2023-01-10,Organic
6797,Bangalore,WB,2023-07-12,Facebook Ads
6798,Mumbai,KA,2023-10-26,Instagram
6799,Kolkata,MH,2023-12-06,Google Ads
6800,Chennai,MH,2023-09-27,Facebook Ads
6801,Ahmedabad,DL,2023-01-23,Instagram
6802,Kolkata,MH,2023-05-11,Facebook Ads
6803,Ahmedabad,MH,2023-03-29,Referral
6804,Bangalore,TS,2023-01-31,Facebook Ads
6805,Hyderabad,MH,2023-05-26,Facebook Ads
6806,Hyderabad,WB,2023-04-13,Referral
6807,Bangalore,WB,2023-12-23,Google Ads
6808,Chennai,WB,2023-11-13,Instagram
6809,Pune,TN,2023-05-19,Organic
6810,Bangalore,KA,2023-01-28,Google Ads
6811,Ahmedabad,TS,2023-08-27,Facebook Ads
6812,Chennai,KA,2023-12-02,Organic
6813,Delhi,TS,2023-01-05,Referral
6814,Bangalore,KA,2023-02-04,Google Ads
6815,Chennai,DL,2023-07-18,Instagram
6816,Bangalore,GJ,2023-12-05,Google Ads
6817,Bangalore,MH,2023-05-19,Google Ads
6818,Pune,MH,2023-12-06,Organic
6819,Pune,MH,2023-12-04,Referral
6820,Ahmedabad,MH,2023-07-04,Referral
6821,Chennai,DL,2023-02-25,Google Ads
6822,Chennai,TS,2023-01-10,Referral
6823,Mumbai,MH,2023-05-30,Organic
6824,Bangalore,TN,2023-11-29,Organic
6825,Hyderabad,TS,2023-07-17,Instagram
6826,Bangalore,MH,2023-04-29,Referral
6827,Bangalore,TN,2023-07-14,Instagram
6828,Chennai,KA,2023-09-18,Facebook Ads
6829,Bangalore,TN,2023-12-30,Organic
6830,Kolkata,TS,2023-02-20,Google Ads
6831,Bangalore,DL,2023-06-11,Organic
6832,Kolkata,KA,2023-09-06,Facebook Ads
6833,Pune,TS,2023-11-02,Google Ads
6834,Hyderabad,KA,2023-09-30,Referral
6835,Ahmedabad,TN,2023-02-15,Referral
6836,Chennai,MH,2023-04-06,Organic
6837,Bangalore,TS,2023-04-12,Google Ads
6838,Kolkata,GJ,2023-09-14,Google Ads
6839,Kolkata,DL,2023-08-23,Instagram
6840,Pune,GJ,2023-10-15,Facebook Ads
6841,Kolkata,GJ,2023-12-31,Referral
6842,Ahmedabad,MH,2023-01-12,Organic
6843,Delhi,TN,2023-01-21,Google Ads
6844,Mumbai,TS,2023-05-07,Referral
6845,Ahmedabad,DL,2023-09-29,Organic
6846,Hyderabad,TS,2023-06-06,Referral
6847,Ahmedabad,TN,2023-06-20,Organic
6848,Pune,TS,2023-09-08,Referral
6849,Pune,KA,2023-07-21,Instagram
6850,Ahmedabad,TN,2023-03-22,Facebook Ads
6851,Bangalore,TS,2023-01-10,Referral
6852,Delhi,MH,2023-06-27,Facebook Ads
6853,Bangalore,MH,2023-12-17,Referral
6854,Bangalore,TS,2023-06-30,Google Ads
6855,Ahmedabad,KA,2023-07-01,Instagram
6856,Chennai,DL,2023-11-17,Instagram
6857,Chennai,MH,2023-06-04,Facebook Ads
6858,Chennai,DL,2023-05-01,Google Ads
6859,Delhi,GJ,2023-09-14,Organic
6860,Bangalore,MH,2023-05-22,Instagram
6861,Mumbai,DL,2023-02-01,Google Ads
6862,Hyderabad,MH,2023-11-17,Google Ads
6863,Chennai,KA,2023-05-12,Facebook Ads
6864,Chennai,GJ,2023-07-18,Google Ads
6865,Pune,TN,2023-01-16,Google Ads
6866,Bangalore,DL,2023-10-12,Organic
6867,Bangalore,MH,2023-05-24,Facebook Ads
6868,Delhi,KA,2023-04-26,Facebook Ads
6869,Delhi,TS,2023-03-19,Google Ads
6870,Chennai,MH,2023-06-24,Organic
6871,Bangalore,KA,2023-07-21,Referral
6872,Mumbai,KA,2023-12-03,Instagram
6873,Hyderabad,TN,2023-03-12,Facebook Ads
6874,Ahmedabad,KA,2023-02-14,Organic
6875,Bangalore,TN,2023-07-15,Organic
6876,Pune,MH,2023-09-24,Google Ads
6877,Ahmedabad,MH,2023-12-14,Instagram
6878,Bangalore,TS,2023-11-10,Facebook Ads
6879,Kolkata,TN,2023-11-17,Referral
6880,Delhi,TN,2023-12-18,Google Ads
6881,Pune,DL,2023-04-27,Facebook Ads
6882,Hyderabad,DL,2023-08-02,Facebook Ads
6883,Chennai,TS,2023-05-04,Organic
6884,Pune,MH,2023-10-21,Instagram
6885,Bangalore,WB,2023-03-20,Referral
6886,Chennai,DL,2023-08-07,Instagram
6887,Bangalore,KA,2023-06-09,Organic
6888,Chennai,MH,2023-11-06,Referral
6889,Hyderabad,WB,2023-06-18,Referral
6890,Delhi,GJ,2023-08-18,Google Ads
6891,Hyderabad,KA,2023-10-05,Referral
6892,Kolkata,MH,2023-03-09,Facebook Ads
6893,Mumbai,TN,2023-04-16,Instagram
6894,Delhi,MH,2023-12-01,Instagram
6895,Hyderabad,MH,2023-03-12,Google Ads
6896,Kolkata,TS,2023-10-25,Referral
6897,Mumbai,TN,2023-10-05,Organic
6898,Kolkata,TN,2023-12-17,Facebook Ads
6899,Bangalore,KA,2023-04-14,Google Ads
6900,Ahmedabad,MH,2023-03-12,Referral
6901,Bangalore,TN,2023-06-08,Organic
6902,Chennai,DL,2023-12-19,Referral
6903,Delhi,MH,2023-12-28,Google Ads
6904,Bangalore,DL,2023-09-26,Organic
6905,Pune,KA,2023-03-11,Organic
6906,Kolkata,WB,2023-08-09,Organic
6907,Delhi,GJ,2023-03-16,Organic
6908,Ahmedabad,KA,2023-12-02,Referral
6909,Pune,MH,2023-10-17,Organic
6910,Bangalore,TN,2023-03-22,Referral
6911,Chennai,MH,2023-06-12,Organic
6912,Hyderabad,MH,2023-02-04,Organic
6913,Chennai,TS,2023-10-13,Google Ads
6914,Pune,KA,2023-09-30,Referral
6915,Mumbai,MH,2023-03-02,Referral
6916,Bangalore,TS,2023-04-05,Instagram
6917,Pune,TN,2023-06-12,Google Ads
6918,Mumbai,WB,2023-03-16,Referral
6919,Mumbai,KA,2023-01-16,Google Ads
6920,Kolkata,WB,2023-06-13,Google Ads
6921,Delhi,MH,2023-07-31,Google Ads
6922,Kolkata,WB,2023-07-30,Facebook Ads
6923,Bangalore,WB,2023-06-05,Referral
6924,Mumbai,MH,2023-08-15,Google Ads
6925,Ahmedabad,MH,2023-11-23,Facebook Ads
6926,Pune,KA,2023-05-21,Facebook Ads
6927,Hyderabad,WB,2023-03-19,Organic
6928,Mumbai,TS,2023-04-07,Organic
6929,Pune,GJ,2023-02-24,Referral
6930,Ahmedabad,MH,2023-03-09,Organic
6931,Hyderabad,TN,2023-04-05,Referral
6932,Kolkata,WB,2023-01-14,Facebook Ads
6933,Kolkata,MH,2023-11-10,Facebook Ads
6934,Delhi,TS,2023-11-12,Referral
6935,Pune,MH,2023-05-17,Organic
6936,Mumbai,KA,2023-11-07,Organic
6937,Chennai,WB,2023-10-18,Referral
6938,Kolkata,MH,2023-11-10,Instagram
6939,Kolkata,MH,2023-04-29,Organic
6940,Delhi,MH,2023-11-02,Google Ads
6941,Hyderabad,TN,2023-04-29,Organic
6942,Delhi,TN,2023-04-29,Instagram
6943,Ahmedabad,WB,2023-12-18,Facebook Ads
6944,Mumbai,MH,2023-01-14,Facebook Ads
6945,Pune,GJ,2023-07-03,Facebook Ads
6946,Bangalore,MH,2023-02-10,Organic
6947,Bangalore,MH,2023-12-19,Facebook Ads
6948,Pune,GJ,2023-09-02,Instagram
6949,Hyderabad,WB,2023-03-10,Instagram
6950,Ahmedabad,MH,2023-09-15,Organic
6951,Kolkata,TN,2023-11-06,Google Ads
6952,Hyderabad,TS,2023-08-29,Organic
6953,Kolkata,DL,2023-12-31,Facebook Ads
6954,Kolkata,GJ,2023-11-29,Organic
6955,Bangalore,DL,2023-07-11,Instagram
6956,Hyderabad,MH,2023-04-05,Organic
6957,Ahmedabad,MH,2023-07-18,Organic
6958,Delhi,TN,2023-09-09,Google Ads
6959,Kolkata,KA,2023-08-31,Instagram
6960,Chennai,KA,2023-03-12,Referral
6961,Chennai,DL,2023-03-25,Referral
6962,Delhi,TS,2023-04-09,Instagram
6963,Chennai,DL,2023-04-26,Referral
6964,Mumbai,MH,2023-01-17,Facebook Ads
6965,Kolkata,TS,2023-07-29,Referral
6966,Delhi,KA,2023-01-08,Facebook Ads
6967,Hyderabad,MH,2023-05-19,Instagram
6968,Kolkata,TN,2023-07-31,Referral
6969,Delhi,GJ,2023-04-24,Referral
6970,Bangalore,TN,2023-12-10,Facebook Ads
6971,Ahmedabad,MH,2023-04-14,Facebook Ads
6972,Hyderabad,DL,2023-04-15,Organic
6973,Ahmedabad,MH,2023-02-03,Google Ads
6974,Bangalore,GJ,2023-04-01,Referral
6975,Kolkata,TN,2023-08-13,Google Ads
6976,Hyderabad,GJ,2023-11-12,Google Ads
6977,Ahmedabad,KA,2023-09-08,Referral
6978,Chennai,TN,2023-12-19,Facebook Ads
6979,Ahmedabad,TS,2023-06-16,Organic
6980,Delhi,MH,2023-08-23,Instagram
6981,Kolkata,GJ,2023-05-07,Referral
6982,Mumbai,MH,2023-08-07,Referral
6983,Ahmedabad,WB,2023-07-27,Instagram
6984,Hyderabad,TN,2023-01-22,Google Ads
6985,Hyderabad,TN,2023-11-08,Organic
6986,Pune,MH,2023-07-14,Google Ads
6987,Ahmedabad,WB,2023-06-10,Instagram
6988,Kolkata,TS,2023-07-21,Instagram
6989,Kolkata,DL,2023-11-10,Organic
6990,Bangalore,GJ,2023-10-20,Instagram
6991,Pune,GJ,2023-11-01,Instagram
6992,Ahmedabad,TN,2023-10-02,Organic
6993,Chennai,MH,2023-09-26,Referral
6994,Bangalore,MH,2023-11-25,Google Ads
6995,Pune,TN,2023-12-27,Referral
6996,Ahmedabad,MH,2023-01-20,Referral
6997,Ahmedabad,TS,2023-09-24,Google Ads
6998,Bangalore,TN,2023-02-25,Referral
6999,Chennai,GJ,2023-08-20,Organic
7000,Pune,MH,2023-08-22,Google Ads
7001,Ahmedabad,TS,2023-01-22,Facebook Ads
7002,Ahmedabad,TS,2023-05-06,Referral
7003,Pune,DL,2023-09-23,Instagram
7004,Mumbai,TN,2023-10-03,Google Ads
7005,Bangalore,MH,2023-07-22,Facebook Ads
7006,Bangalore,MH,2023-01-21,Instagram
7007,Hyderabad,TN,2023-10-13,Facebook Ads
7008,Chennai,WB,2023-07-18,Referral
7009,Delhi,DL,2023-09-22,Instagram
7010,Mumbai,DL,2023-11-19,Referral
7011,Pune,DL,2023-01-26,Instagram
7012,Pune,MH,2023-04-08,Google Ads
7013,Pune,TS,2023-05-30,Organic
7014,Mumbai,MH,2023-08-14,Organic
7015,Ahmedabad,WB,2023-07-23,Facebook Ads
7016,Pune,GJ,2023-06-05,Instagram
7017,Pune,DL,2023-05-27,Referral
7018,Chennai,MH,2023-08-25,Google Ads
7019,Kolkata,MH,2023-03-27,Google Ads
7020,Kolkata,GJ,2023-08-05,Google Ads
7021,Hyderabad,TS,2023-05-31,Organic
7022,Hyderabad,GJ,2023-11-10,Referral
7023,Pune,TN,2023-01-28,Google Ads
7024,Chennai,TN,2023-12-20,Google Ads
7025,Pune,MH,2023-09-22,Facebook Ads
7026,Hyderabad,GJ,2023-03-14,Instagram
7027,Mumbai,MH,2023-08-26,Instagram
7028,Mumbai,DL,2023-11-27,Instagram
7029,Ahmedabad,MH,2023-08-20,Facebook Ads
7030,Delhi,DL,2023-02-16,Organic
7031,Kolkata,WB,2023-09-14,Facebook Ads
7032,Chennai,MH,2023-02-27,Google Ads
7033,Bangalore,TS,2023-04-03,Referral
7034,Kolkata,DL,2023-10-27,Google Ads
7035,Bangalore,TS,2023-12-23,Google Ads
7036,Delhi,MH,2023-10-07,Referral
7037,Delhi,DL,2023-03-11,Instagram
7038,Pune,MH,2023-07-21,Facebook Ads
7039,Hyderabad,KA,2023-07-31,Organic
7040,Delhi,TS,2023-06-15,Google Ads
7041,Delhi,KA,2023-08-19,Google Ads
7042,Bangalore,DL,2023-01-13,Organic
7043,Hyderabad,MH,2023-04-02,Facebook Ads
7044,Delhi,DL,2023-08-21,Google Ads
7045,Kolkata,KA,2023-10-30,Organic
7046,Ahmedabad,GJ,2023-12-31,Google Ads
7047,Delhi,GJ,2023-04-14,Instagram
7048,Ahmedabad,DL,2023-08-21,Instagram
7049,Hyderabad,WB,2023-02-16,Google Ads
7050,Pune,TN,2023-05-09,Google Ads
7051,Chennai,KA,2023-06-15,Instagram
7052,Hyderabad,DL,2023-12-21,Google Ads
7053,Bangalore,MH,2023-11-29,Facebook Ads
7054,Chennai,DL,2023-12-31,Facebook Ads
7055,Kolkata,GJ,2023-03-25,Referral
7056,Mumbai,MH,2023-03-05,Facebook Ads
7057,Ahmedabad,TN,2023-02-16,Google Ads
7058,Ahmedabad,DL,2023-02-28,Google Ads
7059,Ahmedabad,MH,2023-12-28,Organic
7060,Hyderabad,GJ,2023-08-19,Facebook Ads
7061,Ahmedabad,MH,2023-11-21,Instagram
7062,Pune,TN,2023-07-05,Instagram
7063,Ahmedabad,KA,2023-02-13,Referral
7064,Bangalore,MH,2023-09-26,Organic
7065,Kolkata,MH,2023-12-29,Instagram
7066,Ahmedabad,WB,2023-07-16,Referral
7067,Ahmedabad,KA,2023-09-19,Facebook Ads
7068,Chennai,MH,2023-11-10,Organic
7069,Kolkata,GJ,2023-03-23,Organic
7070,Ahmedabad,GJ,2023-07-13,Google Ads
7071,Hyderabad,GJ,2023-10-09,Facebook Ads
7072,Delhi,TN,2023-07-14,Organic
7073,Pune,MH,2023-01-23,Referral
7074,Hyderabad,GJ,2023-03-29,Instagram
7075,Mumbai,TS,2023-06-21,Facebook Ads
7076,Hyderabad,GJ,2023-10-17,Facebook Ads
7077,Chennai,DL,2023-12-04,Organic
7078,Chennai,TN,2023-03-18,Organic
7079,Ahmedabad,MH,2023-03-25,Organic
7080,Hyderabad,MH,2023-03-16,Referral
7081,Chennai,MH,2023-04-02,Google Ads
7082,Delhi,MH,2023-12-31,Organic
7083,Kolkata,DL,2023-01-27,Google Ads
7084,Hyderabad,KA,2023-08-03,Google Ads
7085,Pune,WB,2023-06-07,Facebook Ads
7086,Delhi,TS,2023-06-08,Instagram
7087,Ahmedabad,DL,2023-08-17,Instagram
7088,Kolkata,MH,2023-05-28,Referral
7089,Pune,DL,2023-11-17,Referral
7090,Ahmedabad,TN,2023-04-03,Instagram
7091,Pune,WB,2023-03-02,Instagram
7092,Ahmedabad,MH,2023-03-09,Facebook Ads
7093,Pune,TS,2023-04-14,Facebook Ads
7094,Kolkata,MH,2023-01-02,Instagram
7095,Delhi,WB,2023-11-15,Organic
7096,Pune,TS,2023-05-10,Organic
7097,Pune,WB,2023-01-07,Facebook Ads
7098,Bangalore,TS,2023-08-23,Google Ads
7099,Hyderabad,KA,2023-09-12,Instagram
7100,Kolkata,MH,2023-09-13,Referral
7101,Ahmedabad,KA,2023-10-06,Organic
7102,Kolkata,DL,2023-01-03,Google Ads
7103,Chennai,DL,2023-11-08,Organic
7104,Ahmedabad,GJ,2023-09-10,Google Ads
7105,Kolkata,TS,2023-05-02,Instagram
7106,Delhi,GJ,2023-04-22,Instagram
7107,Ahmedabad,GJ,2023-10-29,Instagram
7108,Ahmedabad,MH,2023-12-04,Facebook Ads
7109,Kolkata,MH,2023-09-01,Google Ads
7110,Ahmedabad,TN,2023-08-21,Referral
7111,Bangalore,TN,2023-07-29,Referral
7112,Hyderabad,MH,2023-08-15,Instagram
7113,Ahmedabad,MH,2023-02-10,Referral
7114,Hyderabad,KA,2023-11-04,Organic
7115,Kolkata,TN,2023-11-04,Google Ads
7116,Pune,TS,2023-01-04,Google Ads
7117,Mumbai,WB,2023-05-06,Google Ads
7118,Mumbai,GJ,2023-10-08,Organic
7119,Pune,DL,2023-05-23,Facebook Ads
7120,Pune,GJ,2023-11-14,Organic
7121,Pune,GJ,2023-11-18,Google Ads
7122,Delhi,WB,2023-10-13,Google Ads
7123,Mumbai,KA,2023-04-17,Google Ads
7124,Pune,TN,2023-01-26,Referral
7125,Delhi,GJ,2023-04-05,Facebook Ads
7126,Chennai,MH,2023-03-17,Organic
7127,Ahmedabad,MH,2023-01-29,Google Ads
7128,Delhi,MH,2023-12-01,Instagram
7129,Mumbai,MH,2023-06-28,Facebook Ads
7130,Kolkata,TN,2023-01-19,Instagram
7131,Chennai,TS,2023-03-16,Facebook Ads
7132,Mumbai,KA,2023-01-17,Google Ads
7133,Ahmedabad,GJ,2023-12-08,Facebook Ads
7134,Delhi,GJ,2023-10-23,Facebook Ads
7135,Bangalore,GJ,2023-11-05,Google Ads
7136,Hyderabad,MH,2023-06-02,Instagram
7137,Ahmedabad,WB,2023-06-19,Instagram
7138,Mumbai,TS,2023-02-14,Referral
7139,Pune,WB,2023-01-26,Instagram
7140,Delhi,DL,2023-02-25,Instagram
7141,Pune,KA,2023-08-02,Facebook Ads
7142,Pune,TS,2023-04-02,Referral
7143,Pune,TS,2023-03-24,Google Ads
7144,Pune,GJ,2023-12-11,Google Ads
7145,Pune,WB,2023-05-26,Organic
7146,Chennai,MH,2023-11-09,Referral
7147,Mumbai,DL,2023-12-05,Facebook Ads
7148,Ahmedabad,GJ,2023-12-21,Organic
7149,Mumbai,GJ,2023-12-25,Organic
7150,Ahmedabad,GJ,2023-11-01,Google Ads
7151,Hyderabad,WB,2023-10-21,Instagram
7152,Delhi,TS,2023-10-15,Facebook Ads
7153,Bangalore,KA,2023-04-01,Referral
7154,Chennai,TS,2023-08-22,Organic
7155,Delhi,TN,2023-10-24,Facebook Ads
7156,Chennai,KA,2023-07-04,Google Ads
7157,Ahmedabad,GJ,2023-01-19,Organic
7158,Mumbai,KA,2023-02-17,Organic
7159,Pune,TS,2023-06-03,Google Ads
7160,Hyderabad,MH,2023-06-15,Google Ads
7161,Hyderabad,GJ,2023-07-08,Google Ads
7162,Kolkata,KA,2023-07-14,Facebook Ads
7163,Bangalore,TN,2023-02-04,Facebook Ads
7164,Hyderabad,WB,2023-08-07,Facebook Ads
7165,Pune,MH,2023-10-09,Instagram
7166,Mumbai,MH,2023-02-03,Organic
7167,Bangalore,MH,2023-05-30,Facebook Ads
7168,Ahmedabad,KA,2023-08-30,Instagram
7169,Delhi,MH,2023-03-10,Organic
7170,Ahmedabad,TS,2023-03-04,Facebook Ads
7171,Pune,MH,2023-12-22,Google Ads
7172,Pune,TN,2023-05-21,Referral
7173,Hyderabad,GJ,2023-06-18,Facebook Ads
7174,Bangalore,GJ,2023-09-27,Referral
7175,Mumbai,DL,2023-07-31,Facebook Ads
7176,Ahmedabad,TN,2023-09-26,Google Ads
7177,Kolkata,KA,2023-04-18,Referral
7178,Ahmedabad,MH,2023-12-23,Instagram
7179,Chennai,MH,2023-04-18,Google Ads
7180,Chennai,TS,2023-11-10,Referral
7181,Mumbai,WB,2023-01-30,Referral
7182,Mumbai,MH,2023-02-25,Google Ads
7183,Chennai,MH,2023-10-20,Google Ads
7184,Kolkata,TN,2023-11-19,Google Ads
7185,Bangalore,KA,2023-09-28,Organic
7186,Chennai,GJ,2023-02-14,Instagram
7187,Mumbai,DL,2023-09-05,Facebook Ads
7188,Hyderabad,MH,2023-12-19,Referral
7189,Delhi,DL,2023-11-06,Facebook Ads
7190,Kolkata,MH,2023-12-28,Google Ads
7191,Pune,KA,2023-05-28,Instagram
7192,Kolkata,WB,2023-08-07,Instagram
7193,Hyderabad,TN,2023-11-08,Organic
7194,Hyderabad,GJ,2023-06-12,Google Ads
7195,Pune,KA,2023-05-13,Referral
7196,Ahmedabad,DL,2023-09-27,Organic
7197,Mumbai,MH,2023-10-22,Google Ads
7198,Chennai,DL,2023-11-16,Organic
7199,Ahmedabad,TN,2023-07-01,Facebook Ads
7200,Bangalore,MH,2023-03-08,Google Ads
7201,Kolkata,GJ,2023-11-11,Referral
7202,Pune,KA,2023-10-16,Referral
7203,Kolkata,DL,2023-09-12,Google Ads
7204,Ahmedabad,DL,2023-09-24,Organic
7205,Hyderabad,TN,2023-11-20,Instagram
7206,Chennai,MH,2023-09-12,Google Ads
7207,Kolkata,MH,2023-09-10,Referral
7208,Bangalore,MH,2023-04-03,Facebook Ads
7209,Hyderabad,DL,2023-11-09,Referral
7210,Bangalore,TN,2023-04-30,Instagram
7211,Chennai,MH,2023-12-29,Referral
7212,Kolkata,MH,2023-05-29,Instagram
7213,Delhi,GJ,2023-04-10,Google Ads
7214,Ahmedabad,MH,2023-01-01,Referral
7215,Kolkata,GJ,2023-03-02,Organic
7216,Ahmedabad,MH,2023-01-13,Organic
7217,Chennai,WB,2023-08-27,Referral
7218,Kolkata,MH,2023-11-17,Referral
7219,Ahmedabad,MH,2023-03-02,Facebook Ads
7220,Pune,WB,2023-04-17,Referral
7221,Ahmedabad,KA,2023-11-12,Facebook Ads
7222,Kolkata,TN,2023-08-01,Facebook Ads
7223,Mumbai,MH,2023-07-31,Facebook Ads
7224,Kolkata,GJ,2023-01-24,Facebook Ads
7225,Kolkata,MH,2023-06-20,Google Ads
7226,Ahmedabad,GJ,2023-06-29,Organic
7227,Bangalore,WB,2023-10-14,Facebook Ads
7228,Delhi,WB,2023-11-23,Organic
7229,Bangalore,KA,2023-04-19,Facebook Ads
7230,Ahmedabad,GJ,2023-01-06,Organic
7231,Bangalore,TS,2023-11-24,Referral
7232,Hyderabad,TN,2023-04-14,Referral
7233,Mumbai,GJ,2023-12-20,Organic
7234,Bangalore,TS,2023-05-25,Facebook Ads
7235,Pune,MH,2023-05-11,Google Ads
7236,Chennai,TN,2023-02-04,Organic
7237,Pune,GJ,2023-06-07,Instagram
7238,Chennai,KA,2023-06-03,Google Ads
7239,Kolkata,MH,2023-09-17,Instagram
7240,Hyderabad,TN,2023-10-09,Organic
7241,Mumbai,GJ,2023-06-15,Facebook Ads
7242,Pune,GJ,2023-01-04,Instagram
7243,Mumbai,TN,2023-02-28,Organic
7244,Pune,TS,2023-12-18,Google Ads
7245,Kolkata,MH,2023-06-20,Facebook Ads
7246,Chennai,KA,2023-06-24,Instagram
7247,Delhi,KA,2023-07-22,Organic
7248,Hyderabad,MH,2023-10-19,Facebook Ads
7249,Pune,MH,2023-11-12,Facebook Ads
7250,Pune,WB,2023-01-15,Referral
7251,Kolkata,DL,2023-03-31,Facebook Ads
7252,Hyderabad,GJ,2023-04-10,Organic
7253,Chennai,TS,2023-06-19,Google Ads
7254,Chennai,MH,2023-06-23,Referral
7255,Pune,MH,2023-12-11,Organic
7256,Delhi,DL,2023-09-03,Organic
7257,Delhi,DL,2023-08-31,Organic
7258,Mumbai,TN,2023-01-19,Instagram
7259,Hyderabad,MH,2023-11-27,Instagram
7260,Hyderabad,KA,2023-03-11,Google Ads
7261,Chennai,TS,2023-09-04,Organic
7262,Mumbai,TN,2023-03-21,Instagram
7263,Kolkata,MH,2023-11-18,Instagram
7264,Hyderabad,GJ,2023-08-24,Instagram
7265,Mumbai,DL,2023-10-02,Google Ads
7266,Mumbai,WB,2023-06-21,Google Ads
7267,Pune,KA,2023-08-25,Organic
7268,Chennai,TN,2023-07-31,Referral
7269,Mumbai,WB,2023-01-29,Organic
7270,Ahmedabad,KA,2023-09-24,Instagram
7271,Delhi,MH,2023-06-03,Instagram
7272,Ahmedabad,MH,2023-10-17,Facebook Ads
7273,Delhi,WB,2023-12-14,Organic
7274,Bangalore,DL,2023-06-11,Instagram
7275,Chennai,TN,2023-10-12,Instagram
7276,Pune,TN,2023-10-02,Referral
7277,Kolkata,MH,2023-01-10,Facebook Ads
7278,Ahmedabad,KA,2023-04-17,Organic
7279,Ahmedabad,WB,2023-10-23,Google Ads
7280,Bangalore,DL,2023-12-17,Organic
7281,Delhi,MH,2023-06-19,Organic
7282,Pune,TN,2023-07-01,Referral
7283,Bangalore,GJ,2023-02-03,Organic
7284,Chennai,MH,2023-03-18,Referral
7285,Pune,DL,2023-05-24,Referral
7286,Chennai,MH,2023-01-16,Instagram
7287,Mumbai,GJ,2023-06-23,Google Ads
7288,Hyderabad,TN,2023-07-12,Referral
7289,Mumbai,TN,2023-11-17,Facebook Ads
7290,Chennai,WB,2023-10-01,Facebook Ads
7291,Ahmedabad,GJ,2023-03-26,Google Ads
7292,Pune,MH,2023-10-20,Referral
7293,Delhi,MH,2023-11-07,Google Ads
7294,Kolkata,WB,2023-07-19,Instagram
7295,Delhi,TS,2023-04-06,Facebook Ads
7296,Pune,MH,2023-11-01,Organic
7297,Mumbai,MH,2023-03-01,Facebook Ads
7298,Kolkata,TS,2023-06-07,Referral
7299,Pune,DL,2023-12-28,Google Ads
7300,Chennai,GJ,2023-06-11,Facebook Ads
7301,Ahmedabad,GJ,2023-12-30,Organic
7302,Delhi,DL,2023-01-17,Organic
7303,Chennai,TN,2023-05-20,Google Ads
7304,Kolkata,KA,2023-07-31,Google Ads
7305,Kolkata,WB,2023-02-14,Facebook Ads
7306,Delhi,KA,2023-09-12,Referral
7307,Chennai,TN,2023-05-02,Instagram
7308,Bangalore,GJ,2023-07-10,Organic
7309,Chennai,KA,2023-08-20,Google Ads
7310,Kolkata,MH,2023-06-04,Instagram
7311,Chennai,MH,2023-04-21,Instagram
7312,Ahmedabad,TS,2023-09-26,Instagram
7313,Pune,TS,2023-06-04,Referral
7314,Mumbai,TN,2023-03-31,Google Ads
7315,Ahmedabad,TN,2023-02-27,Organic
7316,Bangalore,MH,2023-07-11,Google Ads
7317,Hyderabad,TN,2023-01-20,Facebook Ads
7318,Pune,MH,2023-04-14,Organic
7319,Mumbai,KA,2023-02-17,Google Ads
7320,Hyderabad,WB,2023-08-16,Organic
7321,Delhi,MH,2023-09-17,Facebook Ads
7322,Hyderabad,MH,2023-01-13,Organic
7323,Pune,GJ,2023-09-05,Instagram
7324,Chennai,MH,2023-09-14,Referral
7325,Pune,TN,2023-03-20,Facebook Ads
7326,Ahmedabad,TN,2023-04-08,Organic
7327,Hyderabad,MH,2023-06-24,Facebook Ads
7328,Kolkata,WB,2023-09-05,Instagram
7329,Mumbai,MH,2023-09-26,Referral
7330,Mumbai,WB,2023-06-08,Facebook Ads
7331,Hyderabad,MH,2023-06-17,Instagram
7332,Mumbai,KA,2023-03-15,Instagram
7333,Kolkata,GJ,2023-02-20,Instagram
7334,Pune,TN,2023-09-22,Organic
7335,Mumbai,DL,2023-12-13,Google Ads
7336,Hyderabad,DL,2023-03-09,Facebook Ads
7337,Bangalore,GJ,2023-04-16,Google Ads
7338,Bangalore,TN,2023-01-19,Instagram
7339,Delhi,MH,2023-08-24,Google Ads
7340,Ahmedabad,TN,2023-07-18,Instagram
7341,Mumbai,TN,2024-01-01,Instagram
7342,Ahmedabad,GJ,2023-09-25,Referral
7343,Pune,TN,2023-03-01,Referral
7344,Hyderabad,MH,2023-01-03,Google Ads
7345,Mumbai,WB,2023-06-09,Facebook Ads
7346,Chennai,GJ,2023-01-23,Google Ads
7347,Kolkata,KA,2023-12-18,Facebook Ads
7348,Mumbai,DL,2023-11-01,Google Ads
7349,Mumbai,GJ,2023-02-14,Organic
7350,Ahmedabad,TS,2023-06-20,Organic
7351,Ahmedabad,DL,2023-08-28,Facebook Ads
7352,Bangalore,DL,2023-01-24,Referral
7353,Kolkata,MH,2023-02-22,Facebook Ads
7354,Hyderabad,MH,2023-09-24,Google Ads
7355,Mumbai,TN,2023-12-04,Instagram
7356,Bangalore,TN,2023-06-09,Organic
7357,Ahmedabad,TN,2023-01-12,Instagram
7358,Delhi,MH,2023-10-23,Organic
7359,Kolkata,MH,2023-06-09,Google Ads
7360,Bangalore,GJ,2023-11-24,Organic
7361,Bangalore,KA,2023-04-18,Facebook Ads
7362,Pune,KA,2023-06-14,Instagram
7363,Bangalore,MH,2023-04-13,Instagram
7364,Pune,TS,2023-04-09,Google Ads
7365,Mumbai,KA,2023-05-27,Instagram
7366,Mumbai,MH,2023-05-22,Google Ads
7367,Ahmedabad,GJ,2023-09-30,Referral
7368,Delhi,KA,2023-06-13,Facebook Ads
7369,Chennai,TN,2023-08-14,Organic
7370,Chennai,WB,2023-12-10,Organic
7371,Chennai,MH,2023-03-02,Organic
7372,Ahmedabad,DL,2023-05-20,Referral
7373,Pune,KA,2023-03-18,Facebook Ads
7374,Ahmedabad,KA,2023-03-22,Instagram
7375,Kolkata,MH,2023-05-21,Instagram
7376,Kolkata,TS,2023-02-28,Facebook Ads
7377,Delhi,WB,2023-01-08,Facebook Ads
7378,Kolkata,GJ,2023-11-15,Organic
7379,Chennai,MH,2023-10-14,Instagram
7380,Chennai,TN,2023-09-21,Facebook Ads
7381,Ahmedabad,DL,2023-02-22,Instagram
7382,Bangalore,TS,2023-04-16,Facebook Ads
7383,Kolkata,MH,2023-10-05,Google Ads
7384,Ahmedabad,MH,2023-06-29,Organic
7385,Mumbai,KA,2023-10-09,Facebook Ads
7386,Mumbai,KA,2023-06-13,Referral
7387,Bangalore,TS,2023-05-19,Facebook Ads
7388,Bangalore,KA,2023-03-14,Google Ads
7389,Bangalore,MH,2023-12-27,Referral
7390,Ahmedabad,MH,2023-05-26,Referral
7391,Mumbai,MH,2023-10-21,Facebook Ads
7392,Chennai,KA,2023-05-06,Google Ads
7393,Bangalore,KA,2023-03-29,Referral
7394,Delhi,TN,2023-02-06,Organic
7395,Pune,DL,2023-06-09,Organic
7396,Ahmedabad,GJ,2023-11-10,Instagram
7397,Bangalore,TS,2023-06-23,Instagram
7398,Pune,MH,2023-10-04,Google Ads
7399,Hyderabad,TS,2023-08-16,Referral
7400,Bangalore,TN,2023-01-26,Organic
7401,Mumbai,MH,2023-03-08,Organic
7402,Kolkata,TN,2023-01-15,Google Ads
7403,Bangalore,TN,2023-08-30,Referral
7404,Ahmedabad,WB,2023-12-12,Google Ads
7405,Kolkata,KA,2023-01-26,Facebook Ads
7406,Hyderabad,MH,2023-02-24,Organic
7407,Delhi,WB,2023-07-16,Google Ads
7408,Kolkata,GJ,2023-01-28,Google Ads
7409,Pune,TS,2023-02-14,Facebook Ads
7410,Chennai,MH,2023-08-07,Instagram
7411,Bangalore,TS,2023-07-20,Organic
7412,Hyderabad,KA,2023-04-02,Google Ads
7413,Hyderabad,MH,2023-12-27,Organic
7414,Kolkata,WB,2023-11-02,Instagram
7415,Delhi,TS,2023-10-31,Google Ads
7416,Mumbai,WB,2023-11-19,Facebook Ads
7417,Bangalore,KA,2023-12-20,Organic
7418,Hyderabad,MH,2023-12-25,Facebook Ads
7419,Delhi,MH,2023-08-17,Instagram
7420,Chennai,MH,2023-11-12,Instagram
7421,Hyderabad,TN,2023-07-02,Organic
7422,Delhi,TN,2023-06-09,Instagram
7423,Ahmedabad,WB,2023-06-20,Referral
7424,Mumbai,MH,2023-04-12,Organic
7425,Mumbai,TS,2024-01-01,Referral
7426,Hyderabad,WB,2023-12-10,Instagram
7427,Pune,WB,2023-10-01,Organic
7428,Hyderabad,DL,2023-02-10,Referral
7429,Kolkata,GJ,2023-08-27,Instagram
7430,Bangalore,MH,2023-10-18,Google Ads
7431,Delhi,TN,2023-03-09,Google Ads
7432,Hyderabad,MH,2023-02-17,Facebook Ads
7433,Bangalore,KA,2023-12-24,Google Ads
7434,Kolkata,WB,2023-08-28,Referral
7435,Ahmedabad,DL,2023-02-19,Google Ads
7436,Ahmedabad,DL,2023-08-22,Organic
7437,Bangalore,TN,2023-06-08,Organic
7438,Hyderabad,TN,2023-12-17,Organic
7439,Mumbai,TN,2023-11-26,Google Ads
7440,Delhi,KA,2023-12-30,Google Ads
7441,Delhi,DL,2023-08-27,Facebook Ads
7442,Ahmedabad,TS,2023-08-29,Instagram
7443,Ahmedabad,KA,2023-04-29,Facebook Ads
7444,Mumbai,MH,2023-04-25,Referral
7445,Pune,GJ,2023-03-15,Organic
7446,Hyderabad,GJ,2023-11-12,Google Ads
7447,Ahmedabad,WB,2023-05-13,Instagram
7448,Ahmedabad,GJ,2023-07-06,Instagram
7449,Ahmedabad,TN,2023-07-20,Google Ads
7450,Delhi,DL,2023-04-04,Facebook Ads
7451,Hyderabad,GJ,2023-12-25,Instagram
7452,Kolkata,WB,2023-12-07,Facebook Ads
7453,Hyderabad,GJ,2023-06-19,Google Ads
7454,Bangalore,MH,2023-06-16,Facebook Ads
7455,Mumbai,KA,2023-08-21,Organic
7456,Pune,MH,2023-09-07,Google Ads
7457,Ahmedabad,MH,2023-01-16,Google Ads
7458,Ahmedabad,KA,2023-02-03,Instagram
7459,Hyderabad,KA,2023-09-01,Instagram
7460,Pune,TS,2023-02-27,Instagram
7461,Ahmedabad,GJ,2023-06-29,Organic
7462,Pune,WB,2023-09-03,Organic
7463,Kolkata,TS,2023-08-25,Referral
7464,Chennai,KA,2023-03-29,Google Ads
7465,Mumbai,GJ,2023-05-25,Instagram
7466,Pune,MH,2023-06-28,Google Ads
7467,Delhi,DL,2023-11-06,Facebook Ads
7468,Bangalore,DL,2023-10-22,Organic
7469,Delhi,GJ,2023-03-07,Referral
7470,Ahmedabad,MH,2023-09-18,Facebook Ads
7471,Kolkata,WB,2023-02-22,Google Ads
7472,Kolkata,TN,2023-07-27,Organic
7473,Delhi,TN,2024-01-01,Instagram
7474,Mumbai,DL,2023-02-24,Facebook Ads
7475,Delhi,KA,2023-06-16,Organic
7476,Hyderabad,KA,2023-10-12,Google Ads
7477,Ahmedabad,TS,2023-11-29,Google Ads
7478,Ahmedabad,GJ,2023-02-06,Facebook Ads
7479,Delhi,WB,2023-06-04,Facebook Ads
7480,Bangalore,GJ,2023-09-30,Facebook Ads
7481,Bangalore,GJ,2023-08-25,Referral
7482,Ahmedabad,TS,2023-07-25,Instagram
7483,Chennai,TN,2023-10-30,Organic
7484,Bangalore,GJ,2023-07-31,Google Ads
7485,Delhi,DL,2023-05-03,Google Ads
7486,Bangalore,MH,2023-11-14,Instagram
7487,Ahmedabad,GJ,2023-05-05,Facebook Ads
7488,Mumbai,KA,2023-10-08,Facebook Ads
7489,Pune,GJ,2023-03-23,Google Ads
7490,Bangalore,DL,2023-09-04,Instagram
7491,Hyderabad,MH,2023-07-16,Google Ads
7492,Mumbai,DL,2023-02-03,Facebook Ads
7493,Chennai,MH,2023-06-24,Organic
7494,Hyderabad,TS,2023-04-17,Facebook Ads
7495,Delhi,TS,2023-12-22,Organic
7496,Pune,TN,2023-10-30,Referral
7497,Delhi,DL,2023-08-09,Instagram
7498,Pune,DL,2023-08-11,Referral
7499,Pune,MH,2023-10-18,Facebook Ads
7500,Delhi,TS,2023-06-25,Instagram
7501,Hyderabad,MH,2023-10-06,Facebook Ads
7502,Hyderabad,TS,2023-12-22,Instagram
7503,Pune,MH,2023-05-01,Instagram
7504,Hyderabad,TS,2023-03-30,Facebook Ads
7505,Pune,MH,2023-12-06,Facebook Ads
7506,Ahmedabad,MH,2023-12-09,Instagram
7507,Pune,TS,2023-02-09,Instagram
7508,Ahmedabad,WB,2023-12-31,Facebook Ads
7509,Mumbai,MH,2023-10-21,Facebook Ads
7510,Kolkata,DL,2023-09-07,Google Ads
7511,Mumbai,TN,2023-02-28,Google Ads
7512,Delhi,WB,2023-10-31,Google Ads
7513,Kolkata,WB,2023-11-02,Referral
7514,Bangalore,MH,2023-08-26,Instagram
7515,Delhi,TN,2023-06-16,Organic
7516,Chennai,DL,2023-10-12,Referral
7517,Mumbai,WB,2023-02-19,Instagram
7518,Hyderabad,DL,2023-08-16,Organic
7519,Mumbai,TS,2023-04-01,Google Ads
7520,Hyderabad,GJ,2023-06-07,Organic
7521,Kolkata,MH,2023-07-27,Facebook Ads
7522,Chennai,GJ,2023-02-05,Facebook Ads
7523,Kolkata,GJ,2023-11-03,Instagram
7524,Chennai,TN,2023-02-25,Referral
7525,Mumbai,MH,2023-12-17,Google Ads
7526,Hyderabad,KA,2023-11-02,Instagram
7527,Kolkata,TS,2023-07-14,Google Ads
7528,Chennai,TN,2023-06-17,Facebook Ads
7529,Pune,MH,2023-09-11,Referral
7530,Delhi,MH,2023-11-27,Referral
7531,Delhi,MH,2023-12-05,Facebook Ads
7532,Kolkata,DL,2023-02-01,Organic
7533,Hyderabad,GJ,2023-02-16,Referral
7534,Pune,WB,2023-04-22,Organic
7535,Kolkata,MH,2023-03-13,Google Ads
7536,Mumbai,KA,2023-10-25,Referral
7537,Chennai,MH,2023-11-22,Facebook Ads
7538,Ahmedabad,TN,2023-01-01,Organic
7539,Mumbai,MH,2023-03-17,Google Ads
7540,Delhi,MH,2023-12-05,Google Ads
7541,Chennai,WB,2023-03-18,Referral
7542,Kolkata,WB,2023-08-20,Referral
7543,Mumbai,TN,2023-09-30,Instagram
7544,Bangalore,WB,2023-05-30,Instagram
7545,Ahmedabad,MH,2023-07-19,Referral
7546,Hyderabad,TN,2023-11-12,Instagram
7547,Pune,GJ,2023-10-23,Facebook Ads
7548,Pune,TN,2023-08-17,Facebook Ads
7549,Hyderabad,DL,2023-04-11,Instagram
7550,Bangalore,KA,2023-04-16,Referral
7551,Delhi,MH,2023-12-15,Facebook Ads
7552,Chennai,DL,2023-06-12,Google Ads
7553,Hyderabad,KA,2023-06-03,Referral
7554,Bangalore,TN,2023-10-19,Organic
7555,Kolkata,MH,2023-12-14,Organic
7556,Ahmedabad,WB,2023-06-05,Referral
7557,Pune,KA,2023-08-11,Instagram
7558,Ahmedabad,TN,2023-06-26,Facebook Ads
7559,Bangalore,TN,2023-02-15,Facebook Ads
7560,Ahmedabad,DL,2023-10-26,Referral
7561,Delhi,DL,2023-01-05,Google Ads
7562,Delhi,WB,2023-11-10,Instagram
7563,Mumbai,GJ,2023-09-19,Google Ads
7564,Hyderabad,TS,2023-07-26,Referral
7565,Mumbai,MH,2023-03-07,Referral
7566,Ahmedabad,TS,2023-05-31,Google Ads
7567,Pune,TS,2023-02-01,Organic
7568,Bangalore,MH,2023-07-09,Referral
7569,Chennai,GJ,2023-10-09,Instagram
7570,Ahmedabad,MH,2023-01-28,Google Ads
7571,Chennai,WB,2023-01-01,Organic
7572,Delhi,MH,2023-12-27,Google Ads
7573,Chennai,KA,2023-10-14,Organic
7574,Chennai,WB,2023-07-03,Organic
7575,Pune,WB,2023-02-26,Instagram
7576,Chennai,TN,2023-05-25,Referral
7577,Ahmedabad,TN,2023-01-16,Organic
7578,Bangalore,TN,2023-05-01,Referral
7579,Chennai,MH,2023-08-10,Instagram
7580,Kolkata,KA,2023-12-26,Referral
7581,Chennai,KA,2023-10-30,Facebook Ads
7582,Chennai,TN,2023-07-21,Organic
7583,Mumbai,TS,2023-11-17,Instagram
7584,Bangalore,MH,2023-06-12,Google Ads
7585,Ahmedabad,TS,2023-12-31,Instagram
7586,Delhi,DL,2023-07-15,Organic
7587,Mumbai,KA,2023-07-27,Instagram
7588,Ahmedabad,KA,2023-07-15,Google Ads
7589,Hyderabad,TS,2023-08-11,Facebook Ads
7590,Bangalore,MH,2023-10-07,Organic
7591,Kolkata,KA,2023-04-19,Organic
7592,Bangalore,TS,2023-12-06,Instagram
7593,Hyderabad,WB,2023-03-30,Referral
7594,Hyderabad,WB,2023-09-01,Referral
7595,Hyderabad,MH,2023-03-13,Google Ads
7596,Pune,MH,2023-04-07,Facebook Ads
7597,Delhi,TS,2023-10-12,Facebook Ads
7598,Chennai,MH,2023-07-16,Instagram
7599,Bangalore,WB,2023-07-04,Instagram
7600,Ahmedabad,MH,2023-08-02,Referral
7601,Pune,GJ,2023-03-20,Facebook Ads
7602,Ahmedabad,MH,2023-05-28,Facebook Ads
7603,Chennai,GJ,2023-12-10,Facebook Ads
7604,Chennai,TN,2023-03-06,Google Ads
7605,Kolkata,MH,2023-03-10,Google Ads
7606,Hyderabad,DL,2023-01-06,Instagram
7607,Delhi,TN,2023-02-06,Referral
7608,Kolkata,MH,2023-11-28,Organic
7609,Mumbai,TS,2023-01-09,Referral
7610,Pune,TN,2023-03-15,Google Ads
7611,Pune,TN,2023-09-07,Google Ads
7612,Delhi,MH,2023-12-03,Instagram
7613,Chennai,TS,2023-08-12,Organic
7614,Ahmedabad,TS,2023-03-11,Facebook Ads
7615,Pune,WB,2023-02-13,Organic
7616,Delhi,DL,2023-03-12,Organic
7617,Pune,TS,2023-11-25,Organic
7618,Pune,KA,2023-08-01,Instagram
7619,Hyderabad,KA,2023-08-22,Google Ads
7620,Mumbai,DL,2023-12-23,Facebook Ads
7621,Hyderabad,MH,2023-11-06,Organic
7622,Mumbai,MH,2023-08-06,Facebook Ads
7623,Pune,MH,2023-11-16,Organic
7624,Kolkata,KA,2023-04-03,Google Ads
7625,Ahmedabad,TS,2023-08-21,Facebook Ads
7626,Chennai,DL,2023-09-18,Referral
7627,Pune,MH,2023-08-06,Google Ads
7628,Mumbai,MH,2023-10-10,Facebook Ads
7629,Mumbai,GJ,2023-08-19,Organic
7630,Mumbai,MH,2023-07-16,Organic
7631,Pune,TN,2023-07-01,Google Ads
7632,Delhi,KA,2023-04-26,Google Ads
7633,Kolkata,TS,2023-04-06,Organic
7634,Delhi,DL,2023-08-06,Facebook Ads
7635,Chennai,MH,2023-11-06,Referral
7636,Pune,MH,2023-01-04,Instagram
7637,Mumbai,TN,2023-10-23,Google Ads
7638,Kolkata,KA,2023-09-13,Organic
7639,Kolkata,KA,2023-05-02,Facebook Ads
7640,Bangalore,MH,2023-12-31,Google Ads
7641,Chennai,GJ,2023-09-14,Facebook Ads
7642,Ahmedabad,DL,2023-05-18,Google Ads
7643,Ahmedabad,MH,2023-07-30,Organic
7644,Kolkata,DL,2023-10-07,Facebook Ads
7645,Pune,MH,2023-10-23,Organic
7646,Mumbai,MH,2023-07-07,Facebook Ads
7647,Mumbai,DL,2023-01-18,Google Ads
7648,Kolkata,WB,2023-01-20,Instagram
7649,Delhi,TN,2023-10-18,Instagram
7650,Chennai,KA,2023-09-05,Referral
7651,Mumbai,WB,2023-12-27,Referral
7652,Kolkata,TS,2023-07-08,Organic
7653,Mumbai,KA,2023-02-27,Facebook Ads
7654,Ahmedabad,KA,2023-10-25,Referral
7655,Kolkata,TN,2023-09-04,Google Ads
7656,Chennai,TS,2023-12-20,Instagram
7657,Kolkata,MH,2023-02-10,Facebook Ads
7658,Bangalore,TS,2023-03-14,Instagram
7659,Kolkata,MH,2023-09-27,Facebook Ads
7660,Kolkata,GJ,2023-05-24,Referral
7661,Pune,GJ,2023-08-27,Referral
7662,Ahmedabad,TS,2023-09-22,Organic
7663,Chennai,DL,2023-02-10,Facebook Ads
7664,Pune,MH,2023-09-25,Google Ads
7665,Kolkata,TS,2023-11-09,Referral
7666,Chennai,WB,2023-02-15,Organic
7667,Bangalore,WB,2023-05-06,Referral
7668,Chennai,TN,2023-08-30,Instagram
7669,Mumbai,MH,2023-11-19,Referral
7670,Pune,MH,2023-12-06,Facebook Ads
7671,Chennai,MH,2023-12-09,Organic
7672,Ahmedabad,KA,2023-02-09,Facebook Ads
7673,Bangalore,TN,2023-12-17,Google Ads
7674,Hyderabad,WB,2023-11-21,Google Ads
7675,Kolkata,WB,2023-10-04,Referral
7676,Chennai,GJ,2023-10-24,Organic
7677,Kolkata,MH,2023-06-09,Organic
7678,Delhi,WB,2023-11-10,Organic
7679,Mumbai,WB,2023-01-28,Organic
7680,Pune,MH,2023-06-25,Referral
7681,Mumbai,WB,2023-10-01,Facebook Ads
7682,Delhi,KA,2023-01-06,Referral
7683,Delhi,DL,2023-08-29,Facebook Ads
7684,Pune,TN,2023-08-21,Instagram
7685,Chennai,KA,2023-09-20,Instagram
7686,Delhi,KA,2023-08-29,Facebook Ads
7687,Hyderabad,DL,2023-10-21,Referral
7688,Kolkata,GJ,2023-06-19,Google Ads
7689,Kolkata,MH,2023-08-04,Referral
7690,Bangalore,TN,2023-06-30,Google Ads
7691,Ahmedabad,GJ,2023-05-31,Referral
7692,Delhi,GJ,2023-05-29,Organic
7693,Delhi,KA,2023-03-27,Organic
7694,Hyderabad,WB,2023-01-19,Instagram
7695,Mumbai,GJ,2023-12-22,Instagram
7696,Mumbai,DL,2023-11-02,Facebook Ads
7697,Kolkata,MH,2023-06-05,Google Ads
7698,Kolkata,TN,2023-10-16,Organic
7699,Chennai,TS,2023-05-14,Referral
7700,Pune,MH,2023-02-01,Facebook Ads
7701,Ahmedabad,WB,2023-11-19,Referral
7702,Hyderabad,DL,2023-08-31,Organic
7703,Pune,MH,2023-10-24,Organic
7704,Pune,MH,2023-03-28,Organic
7705,Bangalore,MH,2023-10-21,Organic
7706,Pune,TS,2023-01-27,Referral
7707,Bangalore,GJ,2023-12-03,Facebook Ads
7708,Pune,KA,2023-05-30,Organic
7709,Hyderabad,KA,2023-11-16,Instagram
7710,Bangalore,TN,2023-01-14,Facebook Ads
7711,Mumbai,DL,2023-05-27,Instagram
7712,Bangalore,DL,2023-09-06,Referral
7713,Bangalore,GJ,2023-02-12,Organic
7714,Hyderabad,MH,2023-03-06,Facebook Ads
7715,Hyderabad,TN,2023-09-16,Organic
7716,Bangalore,GJ,2023-02-09,Organic
7717,Ahmedabad,MH,2023-05-23,Facebook Ads
7718,Delhi,KA,2023-05-10,Organic
7719,Ahmedabad,KA,2023-03-09,Organic
7720,Hyderabad,MH,2023-11-12,Google Ads
7721,Ahmedabad,DL,2023-05-24,Google Ads
7722,Ahmedabad,MH,2023-05-21,Facebook Ads
7723,Chennai,GJ,2023-05-12,Facebook Ads
7724,Chennai,DL,2023-01-08,Organic
7725,Mumbai,TN,2023-02-27,Instagram
7726,Pune,GJ,2023-11-06,Facebook Ads
7727,Bangalore,TS,2023-03-31,Organic
7728,Delhi,MH,2023-10-30,Instagram
7729,Mumbai,WB,2023-03-19,Google Ads
7730,Bangalore,TS,2023-12-04,Facebook Ads
7731,Ahmedabad,GJ,2023-08-17,Organic
7732,Hyderabad,TS,2023-07-09,Google Ads
7733,Chennai,DL,2023-03-31,Referral
7734,Kolkata,DL,2023-05-14,Google Ads
7735,Delhi,DL,2023-12-25,Organic
7736,Ahmedabad,TS,2023-05-01,Instagram
7737,Kolkata,MH,2023-09-06,Referral
7738,Chennai,MH,2023-04-03,Referral
7739,Ahmedabad,MH,2023-09-28,Referral
7740,Pune,DL,2023-01-17,Facebook Ads
7741,Pune,GJ,2023-06-25,Organic
7742,Kolkata,GJ,2023-02-13,Referral
7743,Hyderabad,KA,2023-03-16,Google Ads
7744,Ahmedabad,MH,2023-11-01,Instagram
7745,Bangalore,MH,2023-03-20,Organic
7746,Ahmedabad,GJ,2023-09-11,Google Ads
7747,Hyderabad,KA,2023-07-31,Facebook Ads
7748,Ahmedabad,MH,2023-07-16,Referral
7749,Kolkata,DL,2023-05-02,Google Ads
7750,Hyderabad,MH,2023-12-05,Organic
7751,Chennai,WB,2023-08-14,Google Ads
7752,Delhi,TN,2023-11-23,Facebook Ads
7753,Hyderabad,DL,2023-03-27,Instagram
7754,Ahmedabad,GJ,2023-04-18,Referral
7755,Chennai,TS,2023-10-23,Organic
7756,Delhi,WB,2023-06-26,Referral
7757,Pune,TS,2023-01-28,Referral
7758,Bangalore,MH,2023-11-25,Referral
7759,Kolkata,TS,2023-05-16,Google Ads
7760,Ahmedabad,WB,2023-03-01,Google Ads
7761,Ahmedabad,WB,2023-01-27,Instagram
7762,Pune,DL,2023-03-27,Facebook Ads
7763,Bangalore,KA,2023-08-26,Organic
7764,Pune,DL,2023-07-24,Google Ads
7765,Mumbai,MH,2023-09-01,Referral
7766,Pune,GJ,2023-06-04,Facebook Ads
7767,Chennai,TS,2023-09-01,Organic
7768,Delhi,KA,2023-09-30,Organic
7769,Ahmedabad,MH,2023-04-30,Organic
7770,Pune,TN,2023-07-14,Organic
7771,Ahmedabad,WB,2023-12-16,Instagram
7772,Hyderabad,KA,2023-12-28,Organic
7773,Bangalore,GJ,2023-07-19,Facebook Ads
7774,Pune,MH,2023-08-31,Google Ads
7775,Delhi,KA,2023-05-15,Facebook Ads
7776,Chennai,DL,2023-03-16,Referral
7777,Mumbai,MH,2023-09-29,Instagram
7778,Ahmedabad,TN,2023-08-11,Instagram
7779,Bangalore,GJ,2023-01-07,Referral
7780,Kolkata,WB,2023-05-28,Facebook Ads
7781,Delhi,GJ,2023-08-18,Facebook Ads
7782,Kolkata,MH,2023-07-15,Referral
7783,Delhi,MH,2023-12-14,Organic
7784,Delhi,KA,2023-06-11,Organic
7785,Chennai,MH,2023-09-29,Google Ads
7786,Chennai,KA,2023-12-16,Facebook Ads
7787,Chennai,TS,2023-01-22,Facebook Ads
7788,Pune,TN,2023-02-19,Referral
7789,Hyderabad,WB,2023-09-30,Referral
7790,Delhi,KA,2023-11-23,Organic
7791,Bangalore,TS,2023-07-01,Facebook Ads
7792,Kolkata,MH,2023-08-10,Facebook Ads
7793,Chennai,TN,2023-11-09,Instagram
7794,Pune,WB,2023-11-30,Google Ads
7795,Chennai,MH,2023-05-20,Google Ads
7796,Kolkata,TS,2023-06-21,Organic
7797,Kolkata,MH,2023-05-19,Facebook Ads
7798,Ahmedabad,TN,2023-05-17,Instagram
7799,Delhi,TS,2023-02-20,Facebook Ads
7800,Chennai,KA,2023-05-11,Referral
7801,Kolkata,DL,2023-12-02,Organic
7802,Hyderabad,MH,2023-10-27,Google Ads
7803,Hyderabad,KA,2023-07-20,Facebook Ads
7804,Chennai,KA,2023-08-25,Organic
7805,Pune,MH,2023-12-12,Google Ads
7806,Kolkata,MH,2023-05-04,Facebook Ads
7807,Ahmedabad,TN,2023-12-11,Instagram
7808,Delhi,MH,2023-10-29,Organic
7809,Delhi,TS,2023-04-10,Facebook Ads
7810,Pune,MH,2023-09-24,Google Ads
7811,Ahmedabad,KA,2023-06-22,Google Ads
7812,Delhi,TN,2023-12-13,Instagram
7813,Ahmedabad,GJ,2023-12-20,Organic
7814,Mumbai,GJ,2023-04-03,Organic
7815,Chennai,MH,2023-06-10,Facebook Ads
7816,Delhi,MH,2023-10-08,Google Ads
7817,Hyderabad,MH,2023-01-06,Google Ads
7818,Kolkata,TS,2023-12-11,Instagram
7819,Ahmedabad,MH,2023-01-05,Instagram
7820,Ahmedabad,GJ,2023-02-04,Organic
7821,Bangalore,KA,2023-01-07,Google Ads
7822,Pune,GJ,2023-07-30,Facebook Ads
7823,Bangalore,WB,2023-02-20,Referral
7824,Delhi,KA,2023-09-26,Facebook Ads
7825,Bangalore,KA,2023-02-23,Instagram
7826,Bangalore,MH,2023-12-17,Facebook Ads
7827,Mumbai,MH,2023-08-17,Google Ads
7828,Ahmedabad,MH,2023-06-29,Organic
7829,Hyderabad,MH,2023-04-23,Referral
7830,Pune,MH,2023-05-26,Organic
7831,Hyderabad,GJ,2023-05-09,Referral
7832,Mumbai,MH,2023-04-09,Referral
7833,Mumbai,TN,2023-01-18,Google Ads
7834,Bangalore,DL,2023-01-13,Google Ads
7835,Chennai,MH,2023-11-14,Instagram
7836,Ahmedabad,TN,2023-02-17,Instagram
7837,Kolkata,KA,2023-01-30,Referral
7838,Ahmedabad,TN,2023-11-01,Instagram
7839,Kolkata,TS,2023-12-03,Google Ads
7840,Bangalore,WB,2023-04-22,Instagram
7841,Kolkata,MH,2023-11-03,Referral
7842,Mumbai,MH,2023-11-23,Organic
7843,Hyderabad,TS,2023-03-04,Facebook Ads
7844,Kolkata,MH,2023-12-29,Instagram
7845,Ahmedabad,GJ,2023-03-03,Google Ads
7846,Pune,WB,2023-02-14,Organic
7847,Bangalore,TS,2023-11-06,Google Ads
7848,Chennai,MH,2023-03-08,Instagram
7849,Bangalore,KA,2023-07-12,Referral
7850,Delhi,MH,2023-12-03,Facebook Ads
7851,Bangalore,TS,2023-11-28,Facebook Ads
7852,Mumbai,KA,2023-10-17,Organic
7853,Hyderabad,MH,2023-04-05,Facebook Ads
7854,Hyderabad,DL,2023-02-26,Referral
7855,Pune,KA,2023-12-23,Google Ads
7856,Kolkata,TN,2023-04-05,Referral
7857,Mumbai,MH,2023-05-10,Organic
7858,Delhi,GJ,2023-05-31,Organic
7859,Mumbai,MH,2023-08-28,Facebook Ads
7860,Bangalore,TS,2023-12-05,Referral
7861,Mumbai,WB,2023-02-08,Google Ads
7862,Mumbai,TS,2023-11-24,Referral
7863,Pune,TN,2023-08-21,Google Ads
7864,Delhi,MH,2023-05-22,Google Ads
7865,Bangalore,TN,2023-08-07,Referral
7866,Chennai,TS,2023-12-21,Instagram
7867,Pune,GJ,2023-12-08,Referral
7868,Chennai,MH,2023-06-15,Google Ads
7869,Pune,WB,2023-05-12,Organic
7870,Hyderabad,MH,2023-03-24,Organic
7871,Ahmedabad,MH,2023-02-07,Facebook Ads
7872,Pune,KA,2023-05-22,Organic
7873,Kolkata,MH,2023-02-01,Instagram
7874,Mumbai,TN,2023-07-15,Google Ads
7875,Hyderabad,TN,2023-07-18,Referral
7876,Delhi,TN,2023-06-20,Referral
7877,Chennai,WB,2023-01-31,Instagram
7878,Ahmedabad,MH,2023-05-13,Organic
7879,Ahmedabad,GJ,2023-05-16,Google Ads
7880,Pune,GJ,2023-04-02,Organic
7881,Mumbai,MH,2023-08-14,Facebook Ads
7882,Delhi,GJ,2023-02-05,Organic
7883,Kolkata,DL,2023-09-09,Facebook Ads
7884,Delhi,WB,2023-04-13,Referral
7885,Mumbai,MH,2023-11-09,Google Ads
7886,Kolkata,MH,2023-07-21,Facebook Ads
7887,Delhi,MH,2023-04-02,Organic
7888,Kolkata,MH,2023-11-27,Organic
7889,Pune,MH,2023-09-09,Referral
7890,Pune,GJ,2023-02-25,Instagram
7891,Mumbai,TS,2023-03-15,Instagram
7892,Mumbai,TN,2023-10-04,Organic
7893,Kolkata,WB,2023-08-09,Instagram
7894,Bangalore,TS,2023-04-22,Google Ads
7895,Hyderabad,WB,2023-11-11,Instagram
7896,Ahmedabad,DL,2023-11-26,Google Ads
7897,Delhi,MH,2023-02-24,Organic
7898,Delhi,KA,2023-08-15,Organic
7899,Bangalore,TN,2023-05-13,Organic
7900,Bangalore,DL,2023-02-22,Referral
7901,Bangalore,TS,2023-01-18,Instagram
7902,Chennai,KA,2023-02-07,Facebook Ads
7903,Chennai,MH,2023-02-06,Facebook Ads
7904,Kolkata,DL,2023-10-20,Organic
7905,Chennai,MH,2023-05-09,Instagram
7906,Pune,MH,2023-08-17,Google Ads
7907,Pune,GJ,2023-01-10,Facebook Ads
7908,Mumbai,WB,2023-09-12,Organic
7909,Ahmedabad,KA,2023-03-18,Facebook Ads
7910,Kolkata,WB,2023-12-01,Facebook Ads
7911,Ahmedabad,MH,2023-11-24,Facebook Ads
7912,Delhi,GJ,2023-01-01,Organic
7913,Hyderabad,DL,2023-01-20,Organic
7914,Mumbai,MH,2023-12-07,Referral
7915,Delhi,TS,2023-07-19,Referral
7916,Delhi,MH,2023-05-17,Referral
7917,Kolkata,WB,2023-03-19,Facebook Ads
7918,Bangalore,KA,2023-12-25,Instagram
7919,Bangalore,DL,2023-06-18,Organic
7920,Ahmedabad,WB,2023-07-20,Referral
7921,Mumbai,MH,2023-10-22,Instagram
7922,Bangalore,TS,2023-01-02,Referral
7923,Delhi,TN,2023-09-21,Referral
7924,Bangalore,GJ,2023-12-29,Instagram
7925,Chennai,TS,2023-09-09,Referral
7926,Bangalore,MH,2023-09-02,Facebook Ads
7927,Delhi,TS,2023-08-12,Facebook Ads
7928,Ahmedabad,GJ,2023-07-26,Facebook Ads
7929,Kolkata,TN,2023-02-05,Google Ads
7930,Mumbai,TS,2023-10-04,Referral
7931,Hyderabad,TN,2023-04-26,Google Ads
7932,Bangalore,MH,2023-01-02,Organic
7933,Pune,TN,2023-07-16,Instagram
7934,Pune,WB,2023-12-19,Organic
7935,Ahmedabad,WB,2023-09-04,Google Ads
7936,Delhi,TN,2023-03-04,Facebook Ads
7937,Hyderabad,DL,2023-10-18,Referral
7938,Hyderabad,KA,2023-10-02,Referral
7939,Chennai,DL,2023-07-03,Facebook Ads
7940,Hyderabad,TN,2023-06-20,Referral
7941,Pune,KA,2023-12-16,Instagram
7942,Kolkata,WB,2023-06-05,Instagram
7943,Delhi,KA,2023-07-25,Instagram
7944,Delhi,TN,2023-01-29,Organic
7945,Bangalore,WB,2023-11-20,Facebook Ads
7946,Bangalore,KA,2023-11-28,Instagram
7947,Bangalore,KA,2023-02-16,Google Ads
7948,Pune,DL,2023-07-07,Instagram
7949,Pune,KA,2023-10-01,Organic
7950,Ahmedabad,MH,2023-06-24,Google Ads
7951,Pune,TN,2023-02-11,Facebook Ads
7952,Pune,MH,2023-08-24,Facebook Ads
7953,Pune,MH,2023-05-29,Instagram
7954,Pune,MH,2023-11-28,Google Ads
7955,Kolkata,TN,2023-04-14,Google Ads
7956,Pune,MH,2023-04-01,Instagram
7957,Ahmedabad,DL,2023-10-11,Instagram
7958,Hyderabad,TN,2023-01-21,Referral
7959,Hyderabad,MH,2023-07-16,Referral
7960,Chennai,WB,2023-12-05,Instagram
7961,Kolkata,MH,2023-04-08,Organic
7962,Bangalore,TN,2023-06-03,Referral
7963,Mumbai,TN,2023-12-23,Instagram
7964,Pune,KA,2023-07-19,Google Ads
7965,Chennai,KA,2023-02-24,Referral
7966,Mumbai,KA,2023-11-19,Organic
7967,Ahmedabad,GJ,2023-12-19,Facebook Ads
7968,Hyderabad,GJ,2023-07-03,Google Ads
7969,Chennai,TS,2023-09-07,Organic
7970,Ahmedabad,GJ,2023-02-13,Organic
7971,Chennai,DL,2023-11-20,Organic
7972,Delhi,TN,2023-08-13,Google Ads
7973,Ahmedabad,MH,2023-04-08,Organic
7974,Hyderabad,TN,2023-03-13,Facebook Ads
7975,Hyderabad,KA,2023-01-19,Referral
7976,Kolkata,TN,2023-04-09,Google Ads
7977,Chennai,WB,2023-01-13,Organic
7978,Pune,GJ,2023-10-31,Instagram
7979,Hyderabad,TN,2023-05-03,Referral
7980,Chennai,MH,2023-09-08,Google Ads
7981,Kolkata,MH,2023-07-19,Instagram
7982,Pune,WB,2023-02-02,Instagram
7983,Ahmedabad,WB,2023-10-04,Organic
7984,Kolkata,TN,2023-11-26,Google Ads
7985,Delhi,TS,2023-06-07,Organic
7986,Pune,KA,2023-09-13,Facebook Ads
7987,Chennai,DL,2023-10-01,Instagram
7988,Hyderabad,DL,2023-08-19,Facebook Ads
7989,Hyderabad,MH,2023-01-09,Organic
7990,Chennai,DL,2023-01-19,Referral
7991,Chennai,DL,2023-06-23,Instagram
7992,Chennai,KA,2023-01-29,Referral
7993,Bangalore,GJ,2023-06-22,Google Ads
7994,Pune,KA,2023-01-22,Instagram
7995,Hyderabad,TS,2023-07-27,Facebook Ads
7996,Pune,MH,2023-03-02,Referral
7997,Kolkata,MH,2023-04-19,Google Ads
7998,Hyderabad,DL,2023-12-01,Instagram
7999,Bangalore,TS,2023-12-08,Google Ads
8000,Chennai,MH,2023-09-25,Facebook Ads
